lccn,paper,city,county,state,frequency,event,first_hit_date,candidates,verified,date,page,url,iiif,match,snippet,box_pct,pages_read
sn78004456,the new york times (new-york [n.y.]) 1857-current,new york,new york,new york,daily,lincoln-1865,1865-04-15,2,yes,1865-04-15,1,https://www.loc.gov/resource/sn78004456/1865-04-15/ed-1/?sp=1&q=lincoln+assassination,https://tile.loc.gov/image-services/iiif/service:ndnp:dlc:batch_dlc_misctopsn78004456_ver01:data:sn78004456:print:1865041501:0001,lincoln shot,"vol. xiv, no. 4230. awful event. president lincoln shot by an assassin, the deed done at ford’s theatre last night. the act of a desperate rebel attempted assasination of secretary seward. rumored attempt on the life of mr. stanton. details of the dreadful tragedy. wasmnoron…",,1
sn82005159,"the bedford gazette (bedford, pa.) 1805-current",bedford,bedford,pennsylvania,daily,lincoln-1865,1865-04-21,8,yes,1865-04-21,2,https://www.loc.gov/resource/sn82005159/1865-04-21/ed-1/?sp=2&q=lincoln+assassination,https://tile.loc.gov/image-services/iiif/service:ndnp:pst:batch_pst_kellerman_ver01:data:sn82005159:00296028460:1865042101:0036,death cf the president,"…r hurtinguon at 4 p. rr.., arrives at mt. dallas at 7.10 p. m. a ima of coaeaes fro in bedford, connects with the irauii at mt. dallas, leaving bedford at e a. m. and 1 p. m. *as, 4j-i-v-.. r*. zistxif- -otl&kt*' ""s'h"". death cf the president. wa are to-day called upon to chronicle the most unfortunate event that has ever befallen ua as a people—the assassination of our chief magistrate, abraham lincoln. while the whole north was ringing with sltou.'s over t…",,1
sn82014064,"chicago tribune (chicago, ill.) 1864-1872",chicago,cook,illinois,daily,lincoln-1865,1865-04-15,160,yes,1865-04-15,1,https://www.loc.gov/resource/sn82014064/1865-04-15/ed-1/?sp=1&q=lincoln+assassination,https://tile.loc.gov/image-services/iiif/service:ndnp:dlc:batch_dlc_halsted_ver02:data:sn82014064:no_reel:1865041501:0001,assassin,"…a pang of v profqond grief th-onghoci tbc cailon. tbejkws readies ns just as wc are going to press, nold our firms •open to ihematcst moment tde moarafai, 'terrible dispatches explain ihemsclvea. the president has been assassinat'd iiya rebel desperado, him while at lord's •theater, and' r there arc no hopes 40f -his -wcorery. at the present writing he ,1a rapidly sinking. secretary seward and his son were stabbed by another dsspera do, imi th…",,1
sn82014129,"council bluffs bugle (council bluffs, iowa) 1860-1868",council bluffs,pottawattamie,iowa,weekly,lincoln-1865,1865-05-04,2,yes,1865-05-04,2,https://www.loc.gov/resource/sn82014129/1865-05-04/ed-1/?sp=2&q=lincoln+assassination,https://tile.loc.gov/image-services/iiif/service:ndnp:iahi:batch_iahi_jigglypuff_ver01:data:sn82014129:00279528736:1865050401:0256,assassin,"…to ass are uootk that ia tbe asaasaina tioa of the president, be would be doing bia oountry a great aad a«v*r to 1# for gotten aervice. while tbe abolition presa ia looki:^ about to sod out ""who is responsible"" for tb* assassination of the preaiient, we advise them to make a careful search among their own ranks. we think tbo altraists of tbe abolition party are quite aa likaly to b* found respnaibla for tbe aaaassination, aad a little mere ao,…",,1
sn82014372,"western clarion (helena, ark.) 1864-186?",helena,phillips,arkansas,weekly,lincoln-1865,1865-04-22,4,yes,1865-04-22,3,https://www.loc.gov/resource/sn82014372/1865-04-22/ed-1/?sp=3&q=lincoln+assassination,https://tile.loc.gov/image-services/iiif/service:ndnp:arhi:batch_arhi_jadeite_ver01:data:sn82014372:00542869872:1865042201:0144,assassin,"…ion, aceny or the oa motion, a copy of the proceedings oil tha meeting be furnished the westeen clanron, and request them to be h. p cosudos, j. a. jaczs, secretary. hieless, ark., april 20th. 1865. published. chairman, assassinatinn of president lincoln. president lncoln and wife with other friends on friday erening 14th inst.. visited j ford's theater, for the purpose of witnessing) purpose of witnessing ar american cousin. the formance of ou…",,1
sn82014487,"the mountain democrat (placerville, el dorado county, calif.) 1863-1943",placerville,el dorado,california,weekly,lincoln-1865,1865-04-22,6,yes,1865-04-22,2,https://www.loc.gov/resource/sn82014487/1865-04-22/ed-1/?sp=2&q=lincoln+assassination,https://tile.loc.gov/image-services/iiif/service:ndnp:curiv:batch_curiv_iris_ver01:data:sn82014487:00279557244:1865042201:0689,death of president lincoln,"…closed, and the! quiet of the sabbath prevailed, notwiibstand-l ing so many persons were in town. it was aj mournful occasion and it was becomingly.ob] ■erred. i intense excitement.— the sad intelligence of the tragical death of president lincoln was telegraphed to thiscty from san francisco iu the forenoon of last saturday, and it created, as was natural, intense excitement. the news was of such a dreadful nature, so unlooked for and so foreign to the american…",,1
sn82014751,"washington telegraph (washington, ark.) 1839-1871",washington,hempstead,arkansas,weekly,lincoln-1865,1865-05-03,4,yes,1865-05-03,1,https://www.loc.gov/resource/sn82014751/1865-05-03/ed-1/?sp=1&q=lincoln+assassination,https://tile.loc.gov/image-services/iiif/service:ndnp:arhi:batch_arhi_fullmoon_ver01:data:sn82014751:00513688258:1865050301:0351,assassin,"…s arrested. lincoln lived until 7 a. im. next morning (15th.) whea k» was i p'aeed in state at the capital, while i andy johnson took the ith of at 11:30 a. in., at his private re.:.lence. at t the same time liucohi was assassinated, an a.-.-iudn entered mr. .-.'ward’s te l j dence, dagger in hand, and inflicting the most horrid wounds oa the secretary of state. two of seward's sons were se verely wounded defending their father. seward’s ptinci…",,1
sn82014998,"the placer herald (auburn, placer county, calif.) 1855-1991",rocklin,placer,california,weekly,lincoln-1865,1865-04-22,12,yes,1865-04-22,1,https://www.loc.gov/resource/sn82014998/1865-04-22/ed-1/?sp=1&q=lincoln+assassination,https://tile.loc.gov/image-services/iiif/service:ndnp:curiv:batch_curiv_lovage_ver01:data:sn82014998:00279558005:1865042201:0068,assassin,"…adjoining counties, and in the supreme ourt. office in brick block opposite‘temple.’ auburn, march llth, 1865. w. h. bullock, attorney and counselor at law, forest hill, placer county, cal. 17. mu-my the placer he raid. assassination of president lini coln and secretary seward. j the following are the dispatches that were first [received announcing the awful news of the assas sination of president lincoln and mr. seward. [secretary of slate:— 9…",,1
sn82015099,"the shasta courier (shasta, calif.) 1852-1872",shasta,shasta,california,weekly,lincoln-1865,1865-04-22,16,yes,1865-04-22,1,https://www.loc.gov/resource/sn82015099/1865-04-22/ed-1/?sp=1&q=lincoln+assassination,https://tile.loc.gov/image-services/iiif/service:ndnp:curiv:batch_curiv_knotgrass_ver01:data:sn82015099:00279556677:1865042201:0067,assassin,"…that gentleman had made other engagements, and with ashmun, of [mssaohusetts,[hade him good bye. when the excitement at the theatre was at its wildest height, reports were circulated that secreta ry seward had also been assassinated. on reaching this gentleman’s residence a crowd and military guard were around its door. on entering the residence, it was ascer tained that report had been based on truth. 1 everybody there was so excited that scar…",,1
sn82015407,"the idaho world (idaho city, idaho territory) 1864-1918",idaho city,boise,idaho,weekly,lincoln-1865,1865-04-29,2,yes,1865-04-29,4,https://www.loc.gov/resource/sn82015407/1865-04-29/ed-1/?sp=4&q=lincoln+assassination,https://tile.loc.gov/image-services/iiif/service:ndnp:idhi:batch_idhi_dickens_ver01:data:sn82015407:00295869458:1865042901:0115,assassin,"telegraphic* dates to alt»»iii l<6th. washington, april l&.—tbe provost mar chai general has issued a circular which says it is believed that the assassins of the president and secretary seward are attempt ing to escape to canada, and a thorough ex amination of all persons attempting to cross from the united states, is ordered. the as sassin of the president left behind h…",,1
sn82015418,"the pacific commercial advertiser (honolulu, hawaiian islands) 1856-1888",honolulu,honolulu,hawaii,weekly,lincoln-1865,1865-04-15,8,yes,1865-04-15,3,https://www.loc.gov/resource/sn82015418/1865-04-15/ed-1/?sp=3&q=lincoln+assassination,https://tile.loc.gov/image-services/iiif/service:ndnp:hihouml:batch_hihouml_ariel_ver01:data:sn82015418:00212474253:1865041501:0060,assassin,"…d. aooording to newspaper writers, the reigning monarchs of europe, in spite of the present peace, have an uneasy time of it. the king of prussia is not liked by his people; the emperor of russia ia in constant dread of assassination from the hands of some vengeful pole; and the london saturday review has the fol lowing about the emperor of the french even now, with an apparently confirmed dynasty and a supine people, when the elect of thirty-f…",,1
sn82015486,"white cloud kansas chief (white cloud, kan.) 1857-1872",white cloud,doniphan,kansas,weekly,lincoln-1865,1865-04-20,8,yes,1865-04-20,4,https://www.loc.gov/resource/sn82015486/1865-04-20/ed-1/?sp=4&q=lincoln+assassination,https://tile.loc.gov/image-services/iiif/service:ndnp:khi:batch_khi_allen_ver02:data:sn82015486:00294555626:1865042001:0340,assassin,"…l drafting and recruit iog should cease. the kansas drafted men, we nnderstand, are to be discbarg t ea. j lie process oi reducing tne army and navy had eommenoed, in view of th g. f. jehking6. with their black deeds of assassination, l,jenc0 near by, and the best surgical bkilllpproacb'i,s ea& f ie rebelion. what i o 29 10 11 12 5 74 2 76 48 22 47 light of the nineteenth century, which rendered more base from the fact that it was doubtless com…",,1
sn82016399,"the willimantic journal (willimantic, conn.) 185?-1911",willimantic,windham,connecticut,weekly,lincoln-1865,1865-04-20,12,yes,1865-04-20,2,https://www.loc.gov/resource/sn82016399/1865-04-20/ed-1/?sp=2&q=lincoln+assassination,https://tile.loc.gov/image-services/iiif/service:ndnp:ct:batch_ct_ethan_ver01:data:sn82016399:00517174348:1865042001:0277,assassin,"®l)c umllimcuitic 3o«vnal. wilmam i.. weaver, editolu thursday, april 20,1805. assassination of the president. the country was terribly shocked on saturday morning by tbe announcement that abraham lincoln, president of the united states, was shot on friday by the) hand of an assassin. the news was so star…",,1
sn82015683,"daily state sentinel (indianapolis, ind.) 1861-1865",indianapolis,marion,indiana,daily,lincoln-1865,1865-04-17,56,yes,1865-04-17,3,https://www.loc.gov/resource/sn82015683/1865-04-17/ed-1/?sp=3&q=lincoln+assassination,https://tile.loc.gov/image-services/iiif/service:ndnp:in:batch_in_england_ver02:data:sn82015683:00202191423:1865041701:0372,assassin,"…m j v m vaw ay v h vent bntg.nt; ruaunaent on traitora. ii rfiwtowje, dearborn cy ind., april 16! during divile service to-day at the methodiitjl ehurcb. rev. mr. levi miller, officiating clergy m mac, remarked that tbe assassination of mr. lin m :o!n was good tbirj tbe congregation im fl mediale! t rose un en tcas&. and took bit rever-' r f ency oi t of tbe pulnit. male bim swear with hi. right hard on tbe b'.b!, and left reised to heaver n '.…",,1
sn82016419,"the emporia news (emporia, kan.) 1859-1881",emporia,lyon,kansas,weekly,lincoln-1865,1865-05-13,6,yes,1865-05-13,1,https://www.loc.gov/resource/sn82016419/1865-05-13/ed-1/?sp=1&q=lincoln+assassination,https://tile.loc.gov/image-services/iiif/service:ndnp:khi:batch_khi_brown_ver01:data:sn82016419:00212472931:1865051301:0393,assassin,"…bim on bis rnrr-e; at zeroi, wbo designed to kill tns v oe pres ident; mrs. surrett, tbe mit-ire ot tbe conepiracy; mclaughlin, friend and con federate of booth; dr. mudd, who set booth's leg; lloyd, wno enlertaiued the assassins; samuel c xr. who concealed and fed booth; hariold. wt o whs captured with booth; payne, who attempted tne li le of secretary sewaid; mr. and mis. adams, ot ntwporl. believe, 1 to uve assisted b nil mi. wiison, of isew…",,1
sn82016480,"arkansas state gazette (little rock, ark.) 1859-1866",little rock,pulaski,arkansas,weekly,lincoln-1865,1865-05-13,6,yes,1865-05-13,1,https://www.loc.gov/resource/sn82016480/1865-05-13/ed-1/?sp=1&q=lincoln+assassination,https://tile.loc.gov/image-services/iiif/service:ndnp:arhi:batch_arhi_fluorite_ver01:data:sn82016480:00516990752:1865051301:0324,assassin,"…20 days, averaging over 30 miles per day during the time. new york, may 4 a boy has been arrested at brooklyn, and taken to washington, whose conversation tends to the belief that he was possessed of a know ledge of the assassination. he was an errand boy of booth’s. it appears llerrold turns out to have been the ageut and confidant of the notorious dr. tumblety, who lately diappeared from brook lyn. an injunction was granted by the supreme cou…",,1
sn83016025,"the portland daily press (portland, me.) 1862-1921",portland,cumberland,maine,daily,lincoln-1865,1865-04-15,90,yes,1865-04-15,2,https://www.loc.gov/resource/sn83016025/1865-04-15/ed-1/?sp=2&q=lincoln+assassination,https://tile.loc.gov/image-services/iiif/service:ndnp:me:batch_me_edgecomb_ver02:data:sn83016025:0027952519A:1865041501:0697,assassin,"daily press, poimoyand. saturday morning, april 15, 1865. assassin a t1 os of the president. attempt to assassinate sec retaby sewabd. the damnable plot which was formed in baltimore in 1801 to assassinate abraham lincoln, president elect of the united states, though foiled at that tim…",,1
sn83009571,"the union and journal (biddeford, me.) 1858-1882",biddeford,york,maine,weekly,lincoln-1865,1865-04-21,10,yes,1865-04-21,2,https://www.loc.gov/resource/sn83009571/1865-04-21/ed-1/?sp=2&q=lincoln+assassination,https://tile.loc.gov/image-services/iiif/service:ndnp:me:batch_me_allagash_ver02:data:sn83009571:00279523908:1865042101:0488,funeral. mrs. lincoln,"…ghost etouiana. ancient aud modern,—part s ii the tuft hunter picadilly an episode ot contemporaneous autobiography,—part i. i wasiujiuro.n ittjis.—president johnson will not occupy the executive mansion until alter the funeral. mrs. lincoln has been invited by francut p. blair, senior, to become his guest, and has accepted. after the death of president taylor his wid ow and children became the guestsof secretary meredith. gen. grant will remain here, at pr…",,1
sn83016107,"the aegis & intelligencer (bel air, md.) 1864-1923",bel air,harford,maryland,weekly,lincoln-1865,1865-04-21,8,yes,1865-04-21,2,https://www.loc.gov/resource/sn83016107/1865-04-21/ed-1/?sp=2&q=lincoln+assassination,https://tile.loc.gov/image-services/iiif/service:ndnp:mdu:batch_mdu_henson_ver01:data:sn83016107:00415625479:1865042101:0253,assassin,"…d to gen lee gen. rosser, whose cavalry was also in the valley, had, on the other hend, expressed hie determination not to yield, but, being deserted by his men, be hud gone south to join the forces under gen. johnston. assassination of president lincoln. attempt to take the life of secretary seward. a brief telegram from washington an nounces tbe awful tidings that president lincoln was abut last night, and mortal!}' wounded. a later telegram…",,1
sn83016318,"the lansing state republican (lansing, mich.) 1855-1875",lansing,ingham,michigan,weekly,lincoln-1865,1865-05-03,2,yes,1865-05-03,2,https://www.loc.gov/resource/sn83016318/1865-05-03/ed-1/?sp=2&q=lincoln+assassination,https://tile.loc.gov/image-services/iiif/service:ndnp:mimtptc:batch_mimtptc_beulah_ver01:data:sn83016318:00296024582:1865050301:0527,assassin,"…the hi.... i a'ua tho 'j'l'u-s washington .pe-hal says the liani lincoln was shed by a copperhead, ihe authorities ale engage 1 in the most ihorequal m pa-vions jiers.,;:., lespe.'tab.htv ..f oigh i.. fstigatioii ol the assassination j.lot, i the lnaionty ..i tl-e niember- ..f his p.-.riv. sending .-at in all directions in this vicinity detoie doing so, he wrote .ut, i-learii and c""iii;.r.e!,t .uliceislo take te-tiiiioiiy, su forcibly, a .lecla…",,1
sn82007021,"national democrat (little rock, ark.) 1863-1865",little rock,pulaski,arkansas,weekly,lincoln-1865,1865-04-29,10,yes,1865-04-29,1,https://www.loc.gov/resource/sn82007021/1865-04-29/ed-1/?sp=1&q=lincoln+assassination,https://tile.loc.gov/image-services/iiif/service:ndnp:arhi:batch_arhi_ilmenite_ver01:data:sn82007021:00542869793:1865042901:0228,assassin,"…sident and aasassis ef the secretary sterevarions arrests have bees made of per ties seapeeted of being implicated. some have prsued theta lanoeiaii, but othere are held letter found is booth’s trunk, which show ‘ed the assassination was to have takes place about the 4th ef marsh, and urging a poetpens, mat, shid the geveenment officers hi suspicious, and it would be imprudent to de any thing them. i alee adriood booth ie go to biohmaas and y t…",,1
sn83016179,"civilian & telegraph (cumberland, md.) 1859-1875",cumberland,allegany,maryland,weekly,lincoln-1865,1865-04-20,12,yes,1865-04-20,2,https://www.loc.gov/resource/sn83016179/1865-04-20/ed-1/?sp=2&q=lincoln+assassination,https://tile.loc.gov/image-services/iiif/service:ndnp:mdu:batch_mdu_kale_ver01:data:sn83016179:00296026207:1865042001:0279,assassin,"…ic than it oj iered through any other medium. a word to the unl it eutfikicnt. the national woe. the saddest—the gloomiest woo of our national history was inaugurated ou friday night last, when tlio hand of a traitorous assassin laid low abraham lincoln, i'rcsi dent of the united states. tlio whole laud by that act is covered with tlio mantle of gloomiest aud direst woe. although such a catastrophe had been threatened time after time, and was n…",,1
sn83016348,"the cecil whig (elkton, md.) 1841-current",elkton,cecil,maryland,daily,lincoln-1865,1865-04-22,8,yes,1865-04-22,2,https://www.loc.gov/resource/sn83016348/1865-04-22/ed-1/?sp=2&q=lincoln+assassination,https://tile.loc.gov/image-services/iiif/service:ndnp:mdu:batch_mdu_fitzgerald_ver01:data:sn83016348:00415624517:1865042201:0370,lincoln is dead,"…thee to the brocie, though dark and stormy be the weather. to thee our earliest hopes belong to every fold h deathless story and still with life weti hold uiidiinm’d the starry luster of thy glory. tbc 1-esaou. abraham lincoln is dead but the nation still lives. struck down in the prime of his life and the midst of his usefulness by un hand of a dastardly assassin, his death will intensify the hatred of the american people for that accursed system, w…",,1
sn83016368,"the baltimore county union (towsontown, md.) 1865-1909",towson,baltimore,maryland,weekly,lincoln-1865,1865-04-15,10,yes,1865-04-15,2,https://www.loc.gov/resource/sn83016368/1865-04-15/ed-1/?sp=2&q=lincoln+assassination,https://tile.loc.gov/image-services/iiif/service:ndnp:mdu:batch_mdu_indianhead_ver01:data:sn83016368:00415627476:1865041501:0060,assassin,"…ill be satisfied with, that they be prevented from performing similar mischief in the future. to allow these men to control the politics of the state for their own in terest, a3 heretofore, would be like setting free an assassin with loaded pistols, ready to repeat the outrage on humanity at the first opportunity. now that their last hope of success has fallen and the ouce boastful confederacy is a poor men dicant in the dust, it will not do fo…",,1
sn83016563,the black republican (new orleans [la.]) 1865-186?,new orleans,orleans,louisiana,weekly,lincoln-1865,1865-04-22,20,yes,1865-04-22,1,https://www.loc.gov/resource/sn83016563/1865-04-22/ed-1/?sp=1&q=lincoln+assassination,https://tile.loc.gov/image-services/iiif/service:ndnp:dlc:batch_dlc_fairview_ver01:data:sn83016563:00220720408:1865042201:0001,lincoln assassinated. i he is shot,"…rnment, which is my sworn duty as well as my personal inclination. 1 shall do nothing in malice. what i deal with is too vast for malicious dealing. yours, very truly, [signed] a. lincoln. most startling news’ president lincoln assassinated. i he is shot in a theater. [secretary seward assassinated.! [mourning all over tee land.! i official. g president lincoln was assassinated last gnight at ford's theater. he was shot the head, and died this morning. 8 secretary sewar…",,1
sn83016710,new orleans tribune (new orleans [la.]) 1864-187?,new orleans,orleans,louisiana,weekly,lincoln-1865,1865-04-20,34,yes,1865-04-20,2,https://www.loc.gov/resource/sn83016710/1865-04-20/ed-1/?sp=2&q=lincoln+assassination,https://tile.loc.gov/image-services/iiif/service:ndnp:dlc:batch_dlc_debaptiste_ver01:data:sn83016710:00211664186:1865042001:0773,assassin,"…wa? premature but we can hardlydiope mpt he may survive. the ^age of history written on the 13 th of april, 1865, will be a sad page ifor american hearts. our sons and grandsons will read it-with a sentiment ls dianie. assassination was unknown u our political annals. there will now ibc a blot upon our national lame. a commit tee will meet to-day. as will ibu seen by a notice in another column, to [adopt a plan to express the feelings of [sorr…",,1
sn83016751,"the weekly pioneer and democrat (saint paul, minn. territory) 1855-1865",saint paul,ramsey,minnesota,weekly,lincoln-1865,1865-04-21,62,yes,1865-04-21,6,https://www.loc.gov/resource/sn83016751/1865-04-21/ed-1/?sp=6&q=lincoln+assassination,https://tile.loc.gov/image-services/iiif/service:ndnp:mnhi:batch_mnhi_foxtrot_ver01:data:sn83016751:00383347336:1865042101:0167,assassin,"…. stint paul, frt4ay f april 21, 186 s. the national calamity—-president lincoln no more. like a dap of thunder from a dear sky, burst saturday morning upon this com munity the intelligence that abraham lanooln had been assassinated.! every man stopped, staggered, and turned pale, as though some overwhelming personal calamity had suddenly overtaken him in the full flood tide of his life and hope. language med; and men's tongues for* sook their…",,1
sn83016836,"st. cloud democrat (saint cloud, stearns county, minn.) 1858-1866",saint cloud,stearns,minnesota,weekly,lincoln-1865,1865-04-20,10,yes,1865-04-20,2,https://www.loc.gov/resource/sn83016836/1865-04-20/ed-1/?sp=2&q=lincoln+assassination,https://tile.loc.gov/image-services/iiif/service:ndnp:mnhi:batch_mnhi_datsun_ver01:data:sn83016836:00212472530:1865042001:0259,lincoln is dead,"…, we -were made tc cry with joy, that ouf brightest hopes were being oonsummated. but nowj oh god thou hast stricken the light from our eyes—thou hast taken out great, good and mighty ruler, our wist counsellor. abraham lincoln is dead on sabbath morning the terriblj news fell upon us—crushing, stupefy ing, sickening. men heard with blanched cheeks, and the blood cold—* irozen—in their veins. to believ seemed impossible, and yet there wa: no rojm for…",,1
sn83020847,"springfield weekly republican (springfield, mass.) 1851-1946",springfield,hampden,massachusetts,weekly,lincoln-1865,1865-04-22,48,yes,1865-04-22,1,https://www.loc.gov/resource/sn83020847/1865-04-22/ed-1/?sp=1&q=lincoln+assassination,https://tile.loc.gov/image-services/iiif/service:ndnp:mb:batch_mb_keres_ver01:data:sn83020847:00517171499:1865042201:0929,lincoln assassinated. attempt to murder,"volume 12, number 10. i whole numbee 2120 j s2jfzeif of the week. president lincoln assassinated. attempt to murder secretary seward. the shocking intelligence that president lincoln had been assassinated and an attempt made to murder secretary seward was flashed over the country, saturday morning, and at once plunged the nation, rej…",,1
sn83021205,worcester daily spy (worcester [mass.]) 1850-1888,worcester,worcester,massachusetts,daily,lincoln-1865,1865-04-15,76,yes,1865-04-15,2,https://www.loc.gov/resource/sn83021205/1865-04-15/ed-1/?sp=2&q=lincoln+assassination,https://tile.loc.gov/image-services/iiif/service:ndnp:mb:batch_mb_eos_ver01:data:sn83021205:00517171712:1865041501:0366,death of president lincoln,"…bocs; br is m>.tr>rtblr if hu do rot look to thb welfarr of i*<k commonwealth. (with si pplemeyt.) batikday, a pic il 13, 1803. the nation bereaved we received at a late hour last night the startling intelligence of the death of president lincoln and secretary seward by assassina tion. president lincoln was shot al ford’s theatre —whither lie had been accompanied by his wife and other friends—receiving wounds which are reported to be fatal. he was living at thre…",,1
sn83025161,"cedar falls gazette (cedar falls, iowa) 1860-1895",cedar falls,black hawk,iowa,weekly,lincoln-1865,1865-04-21,6,yes,1865-04-21,2,https://www.loc.gov/resource/sn83025161/1865-04-21/ed-1/?sp=2&q=lincoln+assassination,https://tile.loc.gov/image-services/iiif/service:ndnp:iahi:batch_iahi_dragonite_ver01:data:sn83025161:00279529327:1865042101:1060,lincoln is dead,"a. 1 i the gazette! okdaii i'a.i ,l8. i (java. fit ida y, april 21,1865. abraham lincoln is dead! ""iioefcikiuu, o limvcui uw rl{liieuai c« nifltittnln, defvitil the injured, and avenge the ilatnf"" ahhaiiam lincoln is dead! to its long catalogue of lincoi.x victims and to-day he sleeps with them, the chiefest, great…",,1
sn83021578,"pawtucket gazette and chronicle (pawtucket, r.i.) 1845-1912",pawtucket,providence,rhode island,weekly,lincoln-1865,1865-04-21,12,yes,1865-04-21,1,https://www.loc.gov/resource/sn83021578/1865-04-21/ed-1/?sp=1&q=lincoln+assassination,https://tile.loc.gov/image-services/iiif/service:ndnp:rp:batch_rp_astralstalker_ver01:data:sn83021578:0052904544A:1865042101:0110,assassin,"…o, the true chiiatiaa a borne. farewell then, dear f«tber; wo bid tbe* fartv'u; atrvedy we >ken to bear thy voice 'well that heavenly anthem to jeaa« be given all honor, aad glory, on barth and in heaven.*' t. i. m. the assassination of presi dent lincoln. a sermon emlw*rnd by rew. chaklks e. smith, patter ol th* fink baptist church, pawtucket, on sunday, april 16th, 1865. dxtr xxxrv. 7, 8. and motet wat an hundred and twenty yean old when be d…",,1
sn83025182,"the daily gate city (keokuk, iowa) 1855-1916",keokuk,lee,iowa,daily,lincoln-1865,1865-04-17,60,yes,1865-04-17,1,https://www.loc.gov/resource/sn83025182/1865-04-17/ed-1/?sp=1&q=lincoln+assassination,https://tile.loc.gov/image-services/iiif/service:ndnp:iahi:batch_iahi_ivysaur_ver01:data:sn83025182:00279528335:1865041701:0446,assassin,"…guaeat of osaakiedaad favor of i almighty qod.1 amm tdaoela tbe [erier ef he owntryfc la. r8 by txleqkaph *irv t* i_^"" jfiklfi coln and seward iassinated [the president shot bjjno. wilkes booth., particulars of the full assassination, ithe murderers trylif escape to ctnato. ..._u rohivson nwokiv imto office. secretary seward still alive. cir«*t tflbrfi made ti ail rest ibe murderers. chicago, april 15. president lincoln was aaeasa«aated lasjt n…",,1
sn83025667,"the middlebury register (middlebury, vt.) 1850-1882",middlebury,addison,vermont,weekly,lincoln-1865,1865-04-26,2,yes,1865-04-26,1,https://www.loc.gov/resource/sn83025667/1865-04-26/ed-1/?sp=1&q=lincoln+assassination,https://tile.loc.gov/image-services/iiif/service:ndnp:vtu:batch_vtu_irasburg_ver01:data:sn83025667:0028077781A:1865042601:0218,assassin,"…ack without thu door. tiie s1i0t. drawing n dcrrangcr pistol, and tak ing, by nieans of somo altnost miraculous calculation, a deadly aim,hc iircd through tho closcd door, nnd cntering tho brain cf tl:c i'rcsulent. tltn assassin's ftlxillt. tho movcments oftho assafsin wero from henceforth qutck as tho lightning. springing into the box through thc door of which hohad just retrcated, he dropped his pistol on tho floor, nnd dmwing a bowio-knife,…",,1
sn83025668,"the manchester journal (manchester, vt.) 1861-current",manchester,bennington,vermont,weekly,lincoln-1865,1865-04-25,6,yes,1865-04-25,2,https://www.loc.gov/resource/sn83025668/1865-04-25/ed-1/?sp=2&q=lincoln+assassination,https://tile.loc.gov/image-services/iiif/service:ndnp:vtu:batch_vtu_iceberg_ver01:data:sn83025668:00415629217:1865042501:0776,assassin,"…ed in places of power m timi' like flicsc, umi believe that tlie principles by which be propose) lo -uitli; his public conduct will prote iu the couimol events to be tlie pruieipb't i f tlie toundet sstatefmaiuiiip. the assassination. the leading democratic organs, while expressing great grid nt tl.e teirible fate of president. lincoln, elaim that the ctime ha no political -.ignilieance, and u nothing mote tlmn an ordinary murder by tin in-esp…",,1
sn83025718,"the nashville daily union (nashville, tenn.) 1862-1866",nashville,davidson,tennessee,daily,lincoln-1865,1865-04-18,28,yes,1865-04-18,2,https://www.loc.gov/resource/sn83025718/1865-04-18/ed-1/?sp=2&q=lincoln+assassination,https://tile.loc.gov/image-services/iiif/service:ndnp:tu:batch_tu_grady_ver01:data:sn83025718:00200293794:1865041801:0361,"death, by h-!4fci nation, of abrlim lincoln","…len. mr. wioener ollvred the following preand le and resolution (no. 17), which were adopted and tianmiiited' to the hoi)e fifot titc mcmher of this tien tb1 atennh y have 1 ea'd wilh ta inefs -nd sonowof the melancholy death, by h-!4fci nation, of abrlim lincoln, 1-wi-lont of the tinted .states; therefore be it y.v.'.'.i.', by the general assembly of the state of tennessee, that there li a joint select committee of fie hi the senate and i ivo in the house of ke presi ulativra,…",,1
sn83025760,"the new south (port royal, s.c.) 1862-1867",beaufort,beaufort,south carolina,weekly,lincoln-1865,1865-04-22,2,yes,1865-04-22,2,https://www.loc.gov/resource/sn83025760/1865-04-22/ed-1/?sp=2&q=lincoln+assassination,https://tile.loc.gov/image-services/iiif/service:ndnp:scu:batch_scu_kershawhogjam_ver03:data:sn83025760:00415620202:1865042201:0212,assassin,"the new south. j h. sears, editor and proprietor. port royal, saturday, april 22, 1865 assassination of president lincoln and attempt to take the life of sec. seward. 'hie fulton arrived lore last tuesday afternoon (18th), bringing the startling news of the assassination of president linco'n, and an attempt upon t…",,1
sn83016485,shreveport news (shreveport [la.]) 1864-1865,shreveport,caddo,louisiana,weekly,lincoln-1865,1865-05-02,2,yes,1865-05-02,2,https://www.loc.gov/resource/sn83016485/1865-05-02/ed-1/?sp=2&q=lincoln+assassination,https://tile.loc.gov/image-services/iiif/service:ndnp:lu:batch_lu_dust_ver01:data:sn83016485:00211100916:1865050201:0138,assassin,"…ess, but perseveringly and surely mounts to the goal of its ambition, deluded by no false promises of success, and de terred by no frowns of inauspicious tate."" this is true and noble. are we equal to the occasion 1 the assassination of lincoln and seward by some unknown person is an event in this country. its ten dency at first will be to enrage the people of the north against the south, but this will subside in a short time, as all reasonable…",,1
sn83030213,new-york daily tribune (new-york [n.y.]) 1842-1866,new york,new york,new york,daily,lincoln-1865,1865-04-15,200,yes,1865-04-15,4,https://www.loc.gov/resource/sn83030213/1865-04-15/ed-1/?sp=4&q=lincoln+assassination,https://tile.loc.gov/image-services/iiif/service:ndnp:dlc:batch_dlc_cobol_ver02:data:sn83030213:00206530790:1865041501:0726,assassin,"…o the n. vv v 8 11e new-york central laid a track and ran afspecisl dispatch ta 4 ¥y elvan fled j dic was in bed in his room at the kirk-giresident gen. graut, and secretaries staatou sed 4 ghd welles. vv. wood when the assassination was committed. avr rstiansants, news of the day. thi war. a dispatch from cincinnati states that geo. carrington published a wd, saying that the charges against him are all infamous attempts io obliterate the credi…",,1
sn83025293,"the montana post (virginia city, montana territory [i.e. mont.]) 1864-1869",helena,lewis and clark,montana,weekly,lincoln-1865,1865-04-29,10,yes,1865-04-29,1,https://www.loc.gov/resource/sn83025293/1865-04-29/ed-1/?sp=1&q=lincoln+assassination,https://tile.loc.gov/image-services/iiif/service:ndnp:mthi:batch_mthi_grizzly_ver02:data:sn83025293:0029455533A:1865042901:0186,assassin,"…long the telegraphic wires to us this morn ing-news that is so fraught with horro that we can scarcely persuade ourselves but that we are the victims of some hideou ream. president lincoln and secretary seward have been assassinated, and th on of the secretary is supposed to be mor tally wounded. the details, which we pro sent to our readers in this extra, constitute a chapter of horrors that neither history nor fiction can parallel. the murder…",,1
sn83030313,the new york herald (new york [n.y.]) 1840-1920,new york,new york,new york,daily,lincoln-1865,1865-04-15,166,yes,1865-04-15,4,https://www.loc.gov/resource/sn83030313/1865-04-15/ed-1/?sp=4&q=lincoln+assassination,https://tile.loc.gov/image-services/iiif/service:ndnp:dlc:batch_dlc_goldenglow_ver01:data:sn83030313:00271743518:1865041501:0134,assassin,"…ds saving mr. lincoln's life. he was stdi living at an early hoar this morning; hot the last, melancholy parting sceno between himself am) family had taken place, and his death waa momentarily looked for. the attempt to assassinate secretary seward was made at an earlier hoar in the evening than the attack on the president the assailant tamed hie way into the siok chamber where ma seward waa ooained to his bed, and, after dealing disabling 'blo…",,1
sn83032006,"bedford inquirer (bedford, pa.) 1857-1884",bedford,bedford,pennsylvania,weekly,lincoln-1865,1865-04-21,18,yes,1865-04-21,2,https://www.loc.gov/resource/sn83032006/1865-04-21/ed-1/?sp=2&q=lincoln+assassination,https://tile.loc.gov/image-services/iiif/service:ndnp:pst:batch_pst_intramural_ver01:data:sn83032006:00296028563:1865042101:0486,assassin,"…riotic citizens of bedford were making preparations for the celebration which va to take place in the afternoon, the whole town was shocked by the startling announce ment that the president of the united states had been assassinated the night be fore. in a very short time this terrible news, carrying with it sorrow and sadness, was conveyed to every hamlet and village in oar vast country. and now as we write we can scarcely realize the solemn f…",,1
sn83032103,"west-jersey pioneer (bridgeton, n.j.) 1851-1884",bridgeton,cumberland,new jersey,weekly,lincoln-1865,1865-04-22,8,yes,1865-04-22,2,https://www.loc.gov/resource/sn83032103/1865-04-22/ed-1/?sp=2&q=lincoln+assassination,https://tile.loc.gov/image-services/iiif/service:ndnp:njr:batch_njr_juniper_ver01:data:sn83032103:00383340627:1865042201:0068,lincoln is dead,"mt fim«. bridgeton, april 3«, ,865 county paper in this state. only $2.00 -r»e»r year in a-civanoo: james b. ferguson._editor^ abraham lincoln is dead throughout the whole land the announce ment that the president oi the united states had been basely assassinated, impressed every loyal heart with a sensation of profound and irrepressible sorrow. only a few days pre\ i…",,1
sn83032199,"clearfield republican (clearfield, pa.) 1851-1937",clearfield,clearfield,pennsylvania,weekly,lincoln-1865,1865-04-19,8,yes,1865-04-19,2,https://www.loc.gov/resource/sn83032199/1865-04-19/ed-1/?sp=2&q=lincoln+assassination,https://tile.loc.gov/image-services/iiif/service:ndnp:pst:batch_pst_lasch_ver01:data:sn83032199:00212477849:1865041901:0146,assassin,"…his morning, and i b olwecn thcso ..aover.ikn and in was uncoueoious from iho liaie ho was. uu'l,""'611 '8bot. f dependent stales"" just four years ago ij gen. augur, commanding this llapartlthe present announcement of theassassin 'ment. has otterod a reward or ten thous-ft(i0n of fresident lincoln and secretary ,und dollars to any one who will arrest the3,se,var( is tho saddest news for awciican e u3h3l 11 vi i iiijvi v fvru i ucli gj itary stew…",,1
sn83032312,"monmouth herald & inquirer (freehold, n.j.) 1860-1865",,monmouth,new jersey,weekly,lincoln-1865,1865-04-27,4,yes,1865-04-27,2,https://www.loc.gov/resource/sn83032312/1865-04-27/ed-1/?sp=2&q=lincoln+assassination,https://tile.loc.gov/image-services/iiif/service:ndnp:njr:batch_njr_eggharbor_ver01:data:sn83032312:00513685257:1865042701:0355,death of lincoln,"…fits after the fol lowing famon we have only heard of one man in our county who has been so lost to de cency as to in any way defend the assas sination of the president. ilis words were that he had prayed for this (the death of lincoln) and at last his prayer was answered.’ we don't know i’this person, hut having once seen a hye na we think we should be able to recog ivze him upon the first glance. as for being an answer to his prayer, we don’t sbelie…",,1
sn83035143,cleveland morning leader (cleveland [ohio]) 1854-1865,cleveland,cuyahoga,ohio,daily,lincoln-1865,1865-04-15,62,yes,1865-04-15,1,https://www.loc.gov/resource/sn83035143/1865-04-15/ed-1/?sp=1&q=lincoln+assassination,https://tile.loc.gov/image-services/iiif/service:ndnp:ohi:batch_ohi_desdemona_ver01:data:sn83035143:00280775575:1865041501:0056,assassin,"…t it 'itf. tthrorch'rwiu -sticuror ..m,.oriami eoaniieai -u llhumas aaajj, twirar atraet. hi -1 voltxix. cleveland. saturday morning. april 15, 18&. !""n0:'91 daily saturday, april 15, 1865. saturday, april 15, 1865. the assassination of president lincoln. kthanfcsgiving with this black stain of grief i j 1 1 1 1 .1 how shall we write the terrible words! jthat we must record to-night) how shall we blot the bright happiness of yesterday's and cri…",,1
sn83035144,the cleveland leader (cleveland [ohio]) 1865-1865,cleveland,cuyahoga,ohio,daily,lincoln-1865,1865-05-01,56,yes,1865-05-01,1,https://www.loc.gov/resource/sn83035144/1865-05-01/ed-1/?sp=1&q=lincoln+assassination,https://tile.loc.gov/image-services/iiif/service:ndnp:ohi:batch_ohi_desdemona_ver01:data:sn83035144:00280775575:1865050101:0109,assassin,"…ach of our forces. over 10,000 stragglers from the rebel army have given themselves up. uuerruia bands infest the noichborhocd of oar lines and a party of them went to cattle nouse on tne ment of the 14lb, in tending to assassinate general gregor, who ionunateiy was not there. the dispatch boat kose was blown up by torpedo on the 14th, killing two men and wounding three. a dispatch dated april 19th says an officer from dick taylor's staff had a…",,1
sn83035173,"the ashland union (ashland, ashland county, ohio) 1854-1868",ashland,ashland,ohio,weekly,lincoln-1865,1865-04-19,12,yes,1865-04-19,2,https://www.loc.gov/resource/sn83035173/1865-04-19/ed-1/?sp=2&q=lincoln+assassination,https://tile.loc.gov/image-services/iiif/service:ndnp:ohi:batch_ohi_arnarson_ver01:data:sn83035173:00296027303:1865041901:0254,death of fresijent abraham lincoln,"…families in one shanty, and as every family includes nine small children and one at the breast, it it to be imagined they are rather crowded. in another column will bo found the full particulars of tbe nssa;sination and death of fresijent abraham lincoln, and the attempted murder of secretary seward. there is still an uncertainty whether or not j. wilkes booth, the alleged assassin of the president, has bean arrested. 8eoretary seward is iu a fair way of re covery but b…",,1
sn83035216,"ashtabula weekly telegraph (ashtabula, ohio) 1853-1873",ashtabula,ashtabula,ohio,weekly,lincoln-1865,1865-04-22,14,yes,1865-04-22,1,https://www.loc.gov/resource/sn83035216/1865-04-22/ed-1/?sp=1&q=lincoln+assassination,https://tile.loc.gov/image-services/iiif/service:ndnp:ohi:batch_ohi_guildenstern_ver01:data:sn83035216:00280775162:1865042201:0451,assassin,"…eight day this dradfnl scourge was on the point ol ceasing, but cpon tbe night of the e'ghth, which waa preceded by a terrible storm lasting two day, a great earthquake wac felt which opened the crater with fresh vigor assassination of the president and secretary of state. war department, washington, april 14, 1865. maj gn d x: abraham lin cola died this morning at 22 minutes pas. 7 o'clock. e. m stanton, sec. war. the following are the detail…",,1
sn83035595,"delaware gazette (delaware, ohio) 1855-1886",delaware,delaware,ohio,weekly,lincoln-1865,1865-04-21,16,yes,1865-04-21,1,https://www.loc.gov/resource/sn83035595/1865-04-21/ed-1/?sp=1&q=lincoln+assassination,https://tile.loc.gov/image-services/iiif/service:ndnp:ohi:batch_ohi_julian_ver02:data:sn83035595:00296026633:1865042101:0393,assassin,"…h the dying president is too sad for description. secretaries stanton and wells, and oth er prominent officers of the government, called at secretary seward's house to in quire into his condition, and there heard of the assassination of the president. they then proceeded to the house where he was lying. an immense crowd was-also gathered in front of the president's honse, and a strong guard was also stationed there many persons evidently suppos…",,1
sn83045462,"evening star (washington, d.c.) 1854-1972",washington,,district of columbia,daily,lincoln-1865,1865-04-15,110,yes,1865-04-15,1,https://www.loc.gov/resource/sn83045462/1865-04-15/ed-1/?sp=1&q=lincoln+assassination,https://tile.loc.gov/image-services/iiif/service:ndnp:dlc:batch_dlc_greyhound_ver02:data:sn83045462:00280654231:1865041501:0406,assassin,"…old cue t^imars and friesda to inapoct hia atock. thank foffor past favors, he now solicits their patron age at hia new atcro. j0h!| q willson. a* 4- oohb southeaat corncr 9th and d ata. b? ft ma if-te* fegtwoen q aadfl assassination of the president. attempted murder of secre tary seward and sons. despatches from secretary stanton. war department, washington, d. c., aprh 15?1.30 p. m. major general jlah a. dix, siw york: last etening, at 10.30…",,1
sn83045586,"brownlow's knoxville whig, and rebel ventilator (knoxville, tenn.) 1863-1866",knoxville,knox,tennessee,weekly,lincoln-1865,1865-04-19,8,yes,1865-04-19,2,https://www.loc.gov/resource/sn83045586/1865-04-19/ed-1/?sp=2&q=lincoln+assassination,https://tile.loc.gov/image-services/iiif/service:ndnp:tu:batch_tu_monroe_ver01:data:sn83045586:00200293617:1865041901:0758,death of president lincoln,"…nriiia. books! books! books! tlioro it a box of ono hundred copies of ""lliuwn low's book on the rebellion"" fur snln nl the olllci of the kkoxvim.k wllio. persons wishing i' purchase can apply at said ollicc. trice, m.f. death of president lincoln. with profound hdnou wd nnimiinpe the dentil oil abraham lincoln, president of the. united ktiilef no event of modern times will so gtnrtln the world twioe bofore has this nntmn boon siiddencd nnd arousod by the sudden…",,1
sn83045646,"daily davenport democrat (davenport, iowa) 1864-1874",davenport,scott,iowa,daily,lincoln-1865,1865-04-15,50,yes,1865-04-15,1,https://www.loc.gov/resource/sn83045646/1865-04-15/ed-1/?sp=1&q=lincoln+assassination,https://tile.loc.gov/image-services/iiif/service:ndnp:iahi:batch_iahi_hypno_ver01:data:sn83045646:00279529170:1865041501:0510,assassin,"…, who shot bis victim through the brain and the latter at bis residence in the sane city, in tbe midst of his [family, while prostrated on a sick-bed, and in an entirely helpless condition, by the knife of some accursed assassin, who forced bis way into bis victim's presence, and wbo is yet un known. ftever, in alt our country's history, was there perpetrated such a deed of horror.— the heart fairly sickens at the thought of it. it is not solel…",,1
sn83026172,daily national intelligencer (washington city [d.c.]) 1813-1869,washington,,district of columbia,daily,lincoln-1865,1865-04-15,104,yes,1865-04-15,2,https://www.loc.gov/resource/sn83026172/1865-04-15/ed-1/?sp=2&q=lincoln+assassination,https://tile.loc.gov/image-services/iiif/service:ndnp:dlc:batch_dlc_buford_ver01:data:sn83026172:00211661501:1865041501:0384,assassin,"…as we take our pen® to speak of the tragedy of last night. we have no words at command by which to express anythin 5 that we feel. before this paper shall go to press,] the fact may reach us that the president has been assassinated!‘ we already know enough to be compelled to record the fact that he was shot in thee theatre, and that the ball entered his head. gove almgiity grant that his life may be preserved 's still we have but little hope.…",,1
sn84020109,"nebraska advertiser (brownville, nemaha county, n.t. [neb.]) 1856-1882",auburn,nemaha,nebraska,weekly,lincoln-1865,1865-04-20,4,yes,1865-04-20,2,https://www.loc.gov/resource/sn84020109/1865-04-20/ed-1/?sp=2&q=lincoln+assassination,https://tile.loc.gov/image-services/iiif/service:ndnp:nbu:batch_nbu_lee_ver01:data:sn84020109:00212470685:1865042001:0363,assassin,"w t t 4, sirr f j c t e 1 f r nriirnr; ,si vlllsvv .where thx?y were numerous and lis seen our trocp?, a lurkaa. assassin j john l.colhapp, editor. r ....r. i-.. t 11-.-1 tl ko'ijin r-? r.nt tn.erxa.er such questions. it al ter severe ngntiug, c;)'! piic...ir mc samo i jj,uu.uu aish which guards mo-f .entered mr. reward's apartments, inj.…",,1
sn84020422,"smyrna times (smyrna, del.) 1854-1987",smyrna,kent,delaware,weekly,lincoln-1865,1865-04-20,10,yes,1865-04-20,2,https://www.loc.gov/resource/sn84020422/1865-04-20/ed-1/?sp=2&q=lincoln+assassination,https://tile.loc.gov/image-services/iiif/service:ndnp:deu:batch_deu_artemis_ver02:data:sn84020422:00332894924:1865042001:0094,death of the president,"…himself. andrew johnson, vice president of ivltml ♦,.i f!,. .i i> viuteu mates, took the oath ol office as i o i xx,,-., l»nt on saturday, at the kirkwood house, 1 no sorrow.—s everal instances of rejoicing thysover the death of the president have been noticed in this town. in thc post-office, on the receipt ot the news, one man, we are told,] [clapped his hands, and another drank booth's health at a saloon. several instances of fe presence mobile has been c…",,1
sn84022046,"gold hill daily news (gold hill, n.t. [nev.]) 1863-1882",gold hill,storey,nevada,daily,lincoln-1865,1865-04-15,54,yes,1865-04-15,2,https://www.loc.gov/resource/sn84022046/1865-04-15/ed-1/?sp=2&q=lincoln+assassination,https://tile.loc.gov/image-services/iiif/service:ndnp:nvln:batch_nvln_national_ver01:data:sn84022046:00279554218:1865041501:0360,assassin,"…eceived the following telegraphic dis patch from our faithful and always truth ful reporter at sacramento sacramrnto, april 16?8:56 a. x. to mr. lynch, editor gou biu nmm president lincoln and secretary seward were both assassinated last night. the president was in ford's theatre, and was shot. secretary seward was assassinated at his private residence. will send par ticulars soon. yours, in sorrow, allen. the melancholy tidings soon spread amo…",,1
sn84022168,"santa fe weekly gazette (santa fe, n.m.) 1864-1869",santa fe.,santa fe,new mexico,weekly,lincoln-1865,1865-05-06,4,yes,1865-05-06,1,https://www.loc.gov/resource/sn84022168/1865-05-06/ed-1/?sp=1&q=lincoln+assassination,https://tile.loc.gov/image-services/iiif/service:ndnp:nmu:batch_nmu_coyote_ver02:data:sn84022168:00296025173:1865050601:0287,assassin,"…hnmli will reritlva promlit alltnund. lihi:o il hilt rimidt'iu'o of ('a't jusui mnrlitsrno y hiita, imnn'tllnt.-ly auiilq of un íicliiiiue itütal.bktitt kfl, n m. johh owvü.jr. ocnartl cuua aot k uüctor. saoun 14, iks. assassination of president lin coln un rt allemptsd aftstnti i ñu tió ti of secretary seward. washington. april 15, 1:30 a. m. lait evcuing, uboiit y:ju p m., at t'ovd'a tbwtitre, tüo itobiiient, whiio imtin$ in otu phvaie box w…",,1
sn84022278,"dallas herald (dallas, tex.) 1849-1873",dallas,dallas,texas,weekly,lincoln-1865,1865-05-04,2,yes,1865-05-04,2,https://www.loc.gov/resource/sn84022278/1865-05-04/ed-1/?sp=2&q=lincoln+assassination,https://tile.loc.gov/image-services/iiif/service:ndnp:txdn:batch_txdn_eagle_ver01:data:sn84022278:00200296539:1865050401:0266,assassin,"…w.q,. it. .ie .t. linen .if ihi. .il h 1 to riohinoud. between the plciet hues 01 tho two ar mies. very respectfully, b, e. lns. to oen. grant, v. s. army. april y, imin. a r.i..nl-.i r.dt the didratehnb containing tiia assassination of nr. lincoln and mr. remarks as follown seward, by a letter from maj. siecxpole tobler.mny at this pla-f, end publish.nl them iu ira extra. lro""thtjioiihton papers of rile 2i)th, hava the pro eredtnt!of aueetlnj…",,1
sn84022367,"rutland weekly herald (rutland, vt.) 1859-1877",rutland,rutland,vermont,weekly,lincoln-1865,1865-04-20,28,yes,1865-04-20,1,https://www.loc.gov/resource/sn84022367/1865-04-20/ed-1/?sp=1&q=lincoln+assassination,https://tile.loc.gov/image-services/iiif/service:ndnp:vtu:batch_vtu_leek_ver01:data:sn84022367:00415628341:1865042001:0118,assassin,"…in the extra herald liscussed the evening previous aroundmwhich was issued saturday forenoon iirant s campnre. uen. uram, sain iimir-oontaiiiing tne intelligence or me rresi he wanted such a surrender as wouldfi ,jont's assassination, that a meeting of ureak down the positions which francel f rut,aflj be he,d ftt th(j md l-.ng and had taken, recognmngj thekrebels as bi-lllgerents. he did not wtehe o l thb village at two o clock :br humiliating…",,1
sn84022374,"ellsworth american (ellsworth, me.) 1855-current",ellsworth,hancock,maine,weekly,lincoln-1865,1865-04-21,18,yes,1865-04-21,2,https://www.loc.gov/resource/sn84022374/1865-04-21/ed-1/?sp=2&q=lincoln+assassination,https://tile.loc.gov/image-services/iiif/service:ndnp:me:batch_me_aroostook_ver01:data:sn84022374:00332895023:1865042101:0063,assassin,"®tu0vap!t |uws; from the patues president lincoln assassinated secretary seward mu a ;ulous escapo of general grant. yew y or it, april 1!. a report from washington states that, president liu ohi was shot at ""ill kurd’s rhvntre to-night, and probably mortally w ounded! \vadiing…",,1
sn84022465,"danbury times (danbury, conn.) 1837-1870",danbury,fairfield,connecticut,weekly,lincoln-1865,1865-04-20,4,yes,1865-04-20,1,https://www.loc.gov/resource/sn84022465/1865-04-20/ed-1/?sp=1&q=lincoln+assassination,https://tile.loc.gov/image-services/iiif/service:ndnp:ct:batch_ct_algaesoup_ver02:data:sn84022465:00517174531:1865042001:0461,assassin,"…s fool* of the wise, aad show* the folly of tho foolish. —why is a biting dog like a returned volunteer because of his cur rsgc, perhaps. no because he may b* allowed to run after muxilitit.ll i: suh, ap hit 2d, u aj. 1 assassination of lincoln i ’attemi’i; to take the life of liln. li. sie tear il i w-asatkatw apiil 15tb. washington wus thrown iuto an iutensi rxcilemeut a few uiiouue before eleven .o'clock tins evening, by the anuquucemeiit (t…",,1
sn84022548,"orleans independent standard (irasburgh, vt.) 1856-1871",irasburg,orleans,vermont,weekly,lincoln-1865,1865-04-21,10,yes,1865-04-21,2,https://www.loc.gov/resource/sn84022548/1865-04-21/ed-1/?sp=2&q=lincoln+assassination,https://tile.loc.gov/image-services/iiif/service:ndnp:vtu:batch_vtu_ludlow_ver01:data:sn84022548:00202194941:1865042101:0891,assassin,"…nce gold sunk to below $1.50. go and see black his wife, loo! postponed. -the jubilee at the iras burgh house in consequence of the re cent victories, is indefinitely poslponed in consequence of the terrible news of the assassination of tbe president. discontinued. the post office at albany centre has been disconlinued, and all mail matter heretofore directed to that office should bo sent to west al bany, until otherwise ordered. sotu'i ol thos…",,1
sn84022650,"the corvallis gazette (corvallis, or.) 1862-1899",corvallis,benton,oregon,weekly,lincoln-1865,1865-04-22,2,yes,1865-04-22,2,https://www.loc.gov/resource/sn84022650/1865-04-22/ed-1/?sp=2&q=lincoln+assassination,https://tile.loc.gov/image-services/iiif/service:ndnp:oru:batch_oru_pearsoll_ver01:data:sn84022650:00295868740:1865042201:0011,assassin,"…ant crisis in the history of the jtountry. he administered, the government in the most troubled and tnziety we feel m contemplating in all its 'earings that horrid crime -the murder of ur president. -t conspirators, the assassin nation of the president and! ra 1 till a. j .secretary was deyono. au aoudt tne work or conspirators. the manner, the place, the time, that the president was shot and the secretary stabbed, with all the accompany ing ci…",,1
sn83030272,the sun (new york [n.y.]) 1833-1916,new york,new york,new york,daily,lincoln-1865,1865-05-06,4,yes,1865-05-06,1,https://www.loc.gov/resource/sn83030272/1865-05-06/ed-1/?sp=1&q=lincoln+assassination,https://tile.loc.gov/image-services/iiif/service:ndnp:nn:batch_nn_carson_ver02:data:sn83030272:00206536068:1865050601:0610,assassin,"…j,l""'n ""i t''f""'' 10 mat ai .ojaj.t aa.ou.plb. raider.. mml i on b.rd lhy apok. mall tu lb. oapta n j aatfr'ant kdltor: j a. u.nna, ural rulbklw bvjn httltai ta-ut jftw fcjl if n,.lwm, ta.ki through tb. liu o u11 i the assassination plot. vxxx. e soi'irrl, fttft oeaeral intelllieaee ,:lr::,r,'j,h;;nr1,w.nwreut'id: i among thom wboon aatorda' nod to .lav have rtlr ""di. nnm it. i.ub appeal liau.a aud 1.. ui.on.a. t .1 ba.: rearbe.1 inld-ritit, w…",,1
sn84020071,"litchfield enquirer (litchfield, conn.) 1829-current",litchfield,litchfield,connecticut,weekly,lincoln-1865,1865-04-20,14,yes,1865-04-20,2,https://www.loc.gov/resource/sn84020071/1865-04-20/ed-1/?sp=2&q=lincoln+assassination,https://tile.loc.gov/image-services/iiif/service:ndnp:ct:batch_ct_barnum_ver01:data:sn84020071:00414183414:1865042001:0271,lincoln murdered,"ssir=r ab’m lincoln murdered! secretary seward stabbed! details of the tragedy! jha murder of our president at ford’s theatre on friday evening, and the attempt to inundate mr. seward and his two sons, have produced a most profound sorrow throughou…",,1
sn84022770,"washington standard (olympia, wash. territory) 1860-1921",olympia,thurston,washington,semiweekly,lincoln-1865,1865-04-22,8,yes,1865-04-22,2,https://www.loc.gov/resource/sn84022770/1865-04-22/ed-1/?sp=2&q=lincoln+assassination,https://tile.loc.gov/image-services/iiif/service:ndnp:wa:batch_wa_juno_ver02:data:sn84022770:00200291050:1865042201:0213,assassin,"…d permitted it for good and we believe ia able to bring good out of the greatest evil, they meant it for murder and revenge. we aay they, for the name of of bis murderer* waa legion. the respon sibility of this cowardly assassination rests en bo one man's ahonldera. it waa the crowning deed of a great party, which had bw ssabbing at the nation's heart for the past imw yean, and becaaae foiled and de feated ia their pariridal attempts by the —uh…",,1
sn84022932,new hampshire statesman (concord [n.h.]) 1847-1868,concord,merrimack,new hampshire,weekly,lincoln-1865,1865-04-21,16,yes,1865-04-21,2,https://www.loc.gov/resource/sn84022932/1865-04-21/ed-1/?sp=2&q=lincoln+assassination,https://tile.loc.gov/image-services/iiif/service:ndnp:nhd:batch_nhd_jefferson_ver01:data:sn84022932:00542868557:1865042101:0062,assassin,"…o take the nation’s life? would not the flood-gates of billowy waters be opened, and desolation, sach as appals the contemplative mind, be let loose, if davis were made to expiate his crimes bya felon’s death? would not assassins be multiplied, until our country became naples upon a vastly extended and the world be treated to a new proof—if proof be needed that ‘‘the heart of man is desperate ly wicked” the christian religion has wroughta great…",,1
sn84023127,"burlington free press (burlington, vt.) 1827-1865",burlington,chittenden,vermont,weekly,lincoln-1865,1865-04-21,22,yes,1865-04-21,1,https://www.loc.gov/resource/sn84023127/1865-04-21/ed-1/?sp=1&q=lincoln+assassination,https://tile.loc.gov/image-services/iiif/service:ndnp:vtu:batch_vtu_burlington_ver01:data:sn84023127:00280777018:1865042101:0062,assassin,"…tant principles may and tail--1.. inhwil.le. in the nrwei.t situation, as ui phra-e goes, it may he my duty to mike .some 5 y. ,1"" e,.j,r.hs smith. 1 rj new niiisjuiieeioi.. 1 --rj satisfied that action will proper. the assassination of the i'resident. god rulcth in tbe heavens and in tleeert .3 tl.j' i 5 fimoii. however ntbictive and loeerutith k rt tn miort-igbtt! mortarlike oui ,:ii:ntw saturday inoruiiig.whcn told that jisaturmy evening .tn…",,1
sn84023200,"vermont watchman and state journal (montpelier, vt.) 1836-1883",montpelier,washington,vermont,weekly,lincoln-1865,1865-05-12,4,yes,1865-05-12,1,https://www.loc.gov/resource/sn84023200/1865-05-12/ed-1/?sp=1&q=lincoln+assassination,https://tile.loc.gov/image-services/iiif/service:ndnp:vtu:batch_vtu_graniteville_ver01:data:sn84023200:0028077764A:1865051201:0949,assassin,"…tion of preaident lincoln, and asserts that he knew notbing whatever of it until it bad been committed. wuat thit ark. excepting jeff davis, all the persons named in president johnson's proclamation as implicated in tho assassina tion of abraham lincoln, hava been sojourn ing in canada since last summer. col. jacob thompson waa for several yeara a member ol tbe united statea congress from mississippi, and secretary of the in terior department d…",,1
sn84023246,"the vermont transcript (st. albans, vt.) 1864-1870",saint albans,franklin,vermont,weekly,lincoln-1865,1865-04-28,6,yes,1865-04-28,2,https://www.loc.gov/resource/sn84023246/1865-04-28/ed-1/?sp=2&q=lincoln+assassination,https://tile.loc.gov/image-services/iiif/service:ndnp:vtu:batch_vtu_foxville_ver01:data:sn84023246:00280777511:1865042801:0220,obsequies of abraham lincoln,"…1. whereas, by my direction the not ing' secretary of stato, in u uotico to tho public on tlio 17th day of april, requested tho various religious denom inations to ns'seinblo on tho 19th of april, on tho occasion of tho obsequies of abraham lincoln, into president of tho united states, and to observe 1110 saillo willi uppi ujmuiu uuieino nies. and h7ic)' (j., our oonnlry has become one groat iiouro of mourning where tlio head of the family line been taken away, an…",,1
sn84023209,"green-mountain freeman (montpelier, vt.) 1844-1884",montpelier,washington,vermont,weekly,lincoln-1865,1865-04-18,12,yes,1865-04-18,2,https://www.loc.gov/resource/sn84023209/1865-04-18/ed-1/?sp=2&q=lincoln+assassination,https://tile.loc.gov/image-services/iiif/service:ndnp:vtu:batch_vtu_hildene_ver01:data:sn84023209:00202199288:1865041801:1030,assassin,"…auihorilmi erdarod her w joaia, ali.cu mm die) and ibat (aooidiog to the diftcli above quoud.) our ateamera were a little loo baaiy to purauit. we aball need further ad. vicve lo get iba true braringe uf tbu omu. it the assassination of president i lincoln. attempted assassination of fcfeclietauy seward. til k pailtil't la its. we give below, tuh details of tba appalling murder ul ivmjciu lincoln, laat friday night at waaliingtob, na havi; reac…",,1
sn84023428,"lamoille newsdealer (hyde park, vt.) 1860-1877",hyde park,lamoille,vermont,weekly,lincoln-1865,1865-04-19,12,yes,1865-04-19,2,https://www.loc.gov/resource/sn84023428/1865-04-19/ed-1/?sp=2&q=lincoln+assassination,https://tile.loc.gov/image-services/iiif/service:ndnp:vtu:batch_vtu_jay_ver01:data:sn84023428:00202197425:1865041901:0096,assassin,"…e them gomctbiug noss to insert the enclosed article irora 'the christian advocate in your next issue. if it had a signifigance before the event of our great national calamity, it cer terrible sews 8 president l in cols assassinated! rn stairs snd fled on horsebackihead previous to tl,ti til bo had been clearly seen, soin the coffin, to he tainlv behoeves as to heed it now, that we see so many standing in the corners ot the streets, begging cra…",,1
sn84023252,"the caledonian (st. johnsbury, vt.) 1837-1867",saint johnsbury,caledonia,vermont,weekly,lincoln-1865,1865-04-21,16,yes,1865-04-21,2,https://www.loc.gov/resource/sn84023252/1865-04-21/ed-1/?sp=2&q=lincoln+assassination,https://tile.loc.gov/image-services/iiif/service:ndnp:vtu:batch_vtu_londonderry_ver01:data:sn84023252:00200296254:1865042101:0063,murder of pre.udent lincoln,"the caledonia ""n. liv c. m. stone co. st. john?oury, vt.. friday, apr. 21, 1865, aasiaammgmmaair-0 e-mvamk-------i murder of pre.udent lincoln attvmpted murder of sec. seward, the aniioiiuccment that president lin coln was assas.-inated last friday night, while .-itting quietly and tinsuspectingly wituessing a plny at ford's theater, sent a thrill of horror th…",,1
sn84024207,"the lancaster gazette (lancaster, ohio) 1863-1886",lancaster,fairfield,ohio,semiweekly,lincoln-1865,1865-04-20,16,yes,1865-04-20,2,https://www.loc.gov/resource/sn84024207/1865-04-20/ed-1/?sp=2&q=lincoln+assassination,https://tile.loc.gov/image-services/iiif/service:ndnp:ohi:batch_ohi_drake_ver01:data:sn84024207:00296028022:1865042001:0069,assassin,"…co an inward look and try and discover if tho compciisntionn of eternal justice huve not required a humiliating, rebuko, a swill and terri ble chastisement to such assumptions. whatovor may havo been the mo tives of tho assassin, wo do not look upon his act as a calumity or retribu tion upon, tho lute president us an in dividual, lie was taken awqy in the fullness of an honorable fame, with out over being sensible ol tho blow, that deprivod him…",,1
sn84024660,"daily richmond whig (richmond, va.) 1865-1869",richmond,,virginia,daily,lincoln-1865,1865-05-01,26,yes,1865-05-01,2,https://www.loc.gov/resource/sn84024660/1865-05-01/ed-1/?sp=2&q=lincoln+assassination,https://tile.loc.gov/image-services/iiif/service:ndnp:vi:batch_vi_balikun_ver01:data:sn84024660:00414184765:1865050101:0008,assassin,"…with life ant energy “ill take tier proper piarn ir.oagh s.stan »1 the great republic s ftrhtit sccth hisbeea arrested an i ;naii *i:otkft'irar»‘'l r:' ~tna the ,rjpir;ca th,f k* sad ha--vfge ot h i brother»intention to assassinate jzt-- ptsi lent. i.‘ _ the assassin im)tu! vrvi we* r of fin; m;iuji:aa> who kili*ki> hliq. ixterestixc r.\rticrr,y ''partlrn ‘v ,c york papsr of friday eonmiru^ith u> lara of the purnit, capture mil hilling r copy t…",,1
sn84024558,"bradford reporter (towanda, pa.) 1844-1884",towanda,bradford,pennsylvania,weekly,lincoln-1865,1865-04-20,10,yes,1865-04-20,2,https://www.loc.gov/resource/sn84024558/1865-04-20/ed-1/?sp=2&q=lincoln+assassination,https://tile.loc.gov/image-services/iiif/service:ndnp:pst:batch_pst_jeffrey_ver01:data:sn84024558:00296028654:1865042001:0266,assassin,"…dst the general rejoicing for the suej cesses of our triumphant armies, and while the country was indulging in the joyous expectations of speedy peace, came the i appalling announcement that president linj coln had been assassinated, mud that secj retary seward had been assaulted and se verely, if not mortally injured. such an i announcement, as it flashed over the wires j of the electric telegraph, carried dismay and terror to every heart. a d…",,1
sn84024669,"richmond whig (richmond, va.) 1862-1865",richmond,,virginia,daily,lincoln-1865,1865-04-17,32,yes,1865-04-17,4,https://www.loc.gov/resource/sn84024669/1865-04-17/ed-1/?sp=4&q=lincoln+assassination,https://tile.loc.gov/image-services/iiif/service:ndnp:vi:batch_vi_hanoverian_ver01:data:sn84024669:00414184765:1865041701:0208,assassin,"…entleman, apply on the south side of grot e street the fourth dooi tf«n 8th. ___*1'^ wj|itlti’.p. t enod market o t^' rmkr cat pro or a w.dali atom a few miles from rich oei <l bv applying at unoex thia office.’ •plt-lt assassination of president lincoln! the heaviest blow which bas ever fallen upon the people of the south has descended. abraham lincoln, the president of the united states, has been assassinated! the decease of the chief magistr…",,1
sn84026118,"juniata sentinel (mifflintown, pa.) 1846-1873",mifflintown,juniata,pennsylvania,weekly,lincoln-1865,1865-05-03,2,yes,1865-05-03,2,https://www.loc.gov/resource/sn84026118/1865-05-03/ed-1/?sp=2&q=lincoln+assassination,https://tile.loc.gov/image-services/iiif/service:ndnp:pst:batch_pst_fenske_ver02:data:sn84026118:00280776336:1865050301:0028,assassin,"…y this horrid barbarity by tens of thou sands; after ridging one-third of the states with uew made graves, and draping one half of the families of the nation in the habiliments of mourning; has at last culminated in the assassination of presi dent lincoln, a chief magistrate who had signalized his administration as much by moderation and letiiency towards ene mies overthrown as by wisdom, prudeuce and energy iu the prosecution of the war, and w…",,1
sn84026399,"the jeffersonian (stroudsburg, pa.) 1853-1911",stroudsburg,monroe,pennsylvania,weekly,lincoln-1865,1865-04-20,12,yes,1865-04-20,2,https://www.loc.gov/resource/sn84026399/1865-04-20/ed-1/?sp=2&q=lincoln+assassination,https://tile.loc.gov/image-services/iiif/service:ndnp:pst:batch_pst_borland_ver01:data:sn84026399:00237287459:1865042001:0347,mourns. abraham lincoln,"old fla ast, was a ""most brilliant affair, and, in val)c 3cffcvsouicm, trttesday. april 20, 1865. in heinoriuni. a n-tion mourns. abraham lincoln, president, is dead. it was lituui fc1"""" tic thought on friday night, while all was flint; n traercdv was joj auu .4.w-o i b.ifmncf rnlnninuv dt nn-.nforl nt. w.-lsllineton w11ici1u nti. a ""nlnhrfthnn r- -m -j 1 t: 1 m…",,1
sn84026789,"the west virginia journal (charleston, w. va.) 1864-1877",charleston,kanawha,west virginia,weekly,lincoln-1865,1865-04-26,12,yes,1865-04-26,1,https://www.loc.gov/resource/sn84026789/1865-04-26/ed-1/?sp=1&q=lincoln+assassination,https://tile.loc.gov/image-services/iiif/service:ndnp:wvu:batch_wvu_gorn_ver01:data:sn84026789:00271768047:1865042601:0111,assassin,"…able events in the history of mankind. in the midst of the american people, where every citizen is taught to obey the laws and observe the rules of christian conduct, our chief magistrate, beloved of all hearts has been assassinated, and when we i trace this crime to its cause, when we rej member the source from whence the as- 1 sus'sin drewhis inspiration, and then j look at the result, we stand yet more as- 1 tonished at this most barbarous,…",,1
sn84026403,"sunbury american (sunbury, pa.) 1848-1879",sunbury,northumberland,pennsylvania,weekly,lincoln-1865,1865-05-13,2,yes,1865-05-13,2,https://www.loc.gov/resource/sn84026403/1865-05-13/ed-1/?sp=2&q=lincoln+assassination,https://tile.loc.gov/image-services/iiif/service:ndnp:pst:batch_pst_deike_ver01:data:sn84026403:0028077604A:1865051301:0086,"lincoln, was murdered","…ected by the patriotic president of that republic, w ill 1 p'wwc address uenito j. juarez, box sou tw yurk ik)st otlicethe ancestry ok president lincoln tli imnulithi r of l,.t.. iwi,i,.., i in. coin, also named abraham lincoln, was murdered by an indian in 1774, while at work on his farm; near the kentucky river. jio left tuive sons the eldest of whom, thoiiiiih, was the father of the president. thomas married iu 1800 to nancy hanks, a native of virginia,…",,1
sn84026845,"daily intelligencer (wheeling, va. [w. va.]) 1859-1865",wheeling,ohio,west virginia,daily,lincoln-1865,1865-04-17,84,yes,1865-04-17,1,https://www.loc.gov/resource/sn84026845/1865-04-17/ed-1/?sp=1&q=lincoln+assassination,https://tile.loc.gov/image-services/iiif/service:ndnp:wvu:batch_wvu_austria_ver01:data:sn84026845:00202190753:1865041701:0322,murder most f^ul! assassination of president lincoln,"wheeling. w. va., mcjnuat? morning. april 17, 1865 202 bv telesfr page. murder most f^ul! assassination of president lincoln. secretary seward and hii two sins also attacked and dangeronsly wounded assassins ntfyet arrestet j. wilkes booth tdentifledas ona of tho murderers. sec'ry man ton to iiave been a victim. throughout the rn tire country…",,1
sn84026847,"the wheeling daily register (wheeling, w. va.) 1864-1878",wheeling,ohio,west virginia,daily,lincoln-1865,1865-04-17,80,yes,1865-04-17,1,https://www.loc.gov/resource/sn84026847/1865-04-17/ed-1/?sp=1&q=lincoln+assassination,https://tile.loc.gov/image-services/iiif/service:ndnp:wvu:batch_wvu_chekhov_ver01:data:sn84026847:00415665003:1865041701:0355,assassin,"…th, 1;*>9; died april 'th. in,*, i he* remains have been em ''dtiifii a few locks of hair were re eved trom president's head for the ^?uily previous to the remains being in the cofiin. tragedy. diabolical plot president assassinated. secretary seward stabbed. j. w. booth the assassin. the north mourning. the inauguration of johnson. official from stanton. war department, washington, 1:"".10a m. april 15. s to major general dix: this evening abou…",,1
sn84026922,"the tri-weekly news (winnsboro, s.c.) 1865-1876",winnsboro,fairfield,south carolina,triweekly,lincoln-1865,1865-04-22,2,yes,1865-04-22,2,https://www.loc.gov/resource/sn84026922/1865-04-22/ed-1/?sp=2&q=lincoln+assassination,https://tile.loc.gov/image-services/iiif/service:ndnp:scu:batch_scu_ettabaker_ver02:data:sn84026922:00237288154:1865042201:0024,assassin,"…uirt will be found the' sad details 9f the capitulation of gen. lie 's a roly, which ..we tako from the daily bovth carolinian of the ,19th inst, and for which we 'are indebted to r. n. m. ginson, of columbia, s. c. the assassination of lincoln and be *vsrd. in our telegraphic department will be found a telegram, dated at washington, giving the news of the assassination of. lincoli and seward, at that place, d' 'the night of the 12th inst. whet…",,1
sn84026897,"edgefield advertiser (edgefield, s.c.) 1836-current",edgefield,edgefield,south carolina,weekly,lincoln-1865,1865-04-26,2,yes,1865-04-26,2,https://www.loc.gov/resource/sn84026897/1865-04-26/ed-1/?sp=2&q=lincoln+assassination,https://tile.loc.gov/image-services/iiif/service:ndnp:scu:batch_scu_jinx_ver01:data:sn84026897:00211101209:1865042601:0302,assassin,"…noir in tho midsty-f an armistice agreed npou between gen. johnston and sherman, and i extending to ri! f.elligctcnls npw in tho'fiehk in oca. johnston's published order, tho deration of tiiis armistice is nut stated. i assassination'of lincoln and seward. lieports reach us, first from johnston's army, ibcu from chattnuoqga, then from nashville, that president lincoln and his prime mihisler, sow 'nrd, have been assassinated in waahingjton by a…",,1
sn84026925,"yorkville enquirer (yorkville, s.c.) 1855-2006",york,york,south carolina,weekly,lincoln-1865,1865-04-26,4,yes,1865-04-26,2,https://www.loc.gov/resource/sn84026925/1865-04-26/ed-1/?sp=2&q=lincoln+assassination,https://tile.loc.gov/image-services/iiif/service:ndnp:scu:batch_scu_chitlinstrut_ver01:data:sn84026925:00295862713:1865042601:0174,assassin,"…ning. mining.?j. cobb, j. kersey, r. 1 j r. parrish, henry sarrat, w/wilker-. w>n, c. d. gwinn, w. whitesides. j a 1> abbey's opibion. a tiaat>in<v fho rpnftrt rtn t.hft a. uuimvj aivuu aug vuv a v street, of lincoln's 'assassination,' construed the matter to some of his friends in a different light, and told them that ""old abe lincum cum to; bichmond and aas^cd mass jeff davis and he kill urn^ true sartiu."" .343""- blockade running between galv…",,1
sn84026965,"the anderson intelligencer (anderson court house, s.c.) 1860-1914",anderson,anderson,south carolina,weekly,lincoln-1865,1865-04-27,2,yes,1865-04-27,1,https://www.loc.gov/resource/sn84026965/1865-04-27/ed-1/?sp=1&q=lincoln+assassination,https://tile.loc.gov/image-services/iiif/service:ndnp:scu:batch_scu_carlacox_ver01:data:sn84026965:00294551244:1865042701:0164,lincoln was murdered,"…ort, bnt spirited battle, the yan? kees wero forced to retreat rapidly, being drivon in confusion towards georgetown. the kentuekiarw pursued with alacrity; washington, april 12,18g5. to major-gtneral sherman: president lincoln was murdered, about ten o'clock last night, in his private box at ford's theatre, in this city by an as sassin, who shot him in tho head with a pistol ball. at the same hour mr. scw ard's house was entered by another.assas sin, who…",,1
sn84027006,"columbia phoenix (columbia, s.c.) 1865-1865",columbia,richland,south carolina,daily,lincoln-1865,1865-04-22,22,yes,1865-04-22,2,https://www.loc.gov/resource/sn84027006/1865-04-22/ed-1/?sp=2&q=lincoln+assassination,https://tile.loc.gov/image-services/iiif/service:ndnp:scu:batch_scu_alexiavalentine_ver01:data:sn84027006:00294551633:1865042201:0046,assassin,"saturday morning, april 22, 1865 tho assassination o? fresjt?ent lincean. o?r t?l?graphie co?urtras will afford ell--the particulars -which have reache-d ns toucbingthe assassination o_f president lincoln in-lhe'thbatre at .""washington. the event will loudly effect…",,1
sn84027060,the burlington weekly hawk-eye (burlington [iowa]) 1860-1876,burlington,des moines,iowa,weekly,lincoln-1865,1865-04-22,48,yes,1865-04-22,2,https://www.loc.gov/resource/sn84027060/1865-04-22/ed-1/?sp=2&q=lincoln+assassination,https://tile.loc.gov/image-services/iiif/service:ndnp:iahi:batch_iahi_abra_ver01:data:sn84027060:00415668922:1865042201:0092,assassin,"…ere lengthy and impressive divine service was helrt by the various clergymen of the city. the ci'y is draped in mourning and grief at our gcfat loss in the death of abraham liucolii,2jtnd expressions of vengeance on his assassinymtyj sympathizers are genegai.hiil. h».. april id—the day has been' solemnly devoted to exercises befitting the occasion'. an immense procession of citi zens in e arriages, on horseback and on foot proceeded through the…",,1
sn84027238,"the weekly north iowa times (mcgregor, iowa) 1857-1867",mcgregor,clayton,iowa,weekly,lincoln-1865,1865-04-19,12,yes,1865-04-19,2,https://www.loc.gov/resource/sn84027238/1865-04-19/ed-1/?sp=2&q=lincoln+assassination,https://tile.loc.gov/image-services/iiif/service:ndnp:iahi:batch_iahi_charizard_ver01:data:sn84027238:00279529431:1865041901:0858,assassin,"…u his intention to retain the present sccrc taries of departments in his cabinet. avm. hunter has been appointed acting ^•cretary of state during the disability of mr. seward. it ia reported, but not confirmed, that the assassin booth was arrested near port hastings jn the blandcnsburg road. our forces bc-tk-ging alobije captured spanish fort on the 9th instant. fort blakely followed soon after, and on the 10th the city of mobile sarrendered. a…",,1
sn84027352,"the weekly ottumwa courier (ottumwa, iowa) 1857-1872",ottumwa,wapello,iowa,weekly,lincoln-1865,1865-04-20,22,yes,1865-04-20,1,https://www.loc.gov/resource/sn84027352/1865-04-20/ed-1/?sp=1&q=lincoln+assassination,https://tile.loc.gov/image-services/iiif/service:ndnp:iahi:batch_iahi_bellsprout_ver01:data:sn84027352:0027952858A:1865042001:0587,assassin,"…fnaii^jwas identified aa one w v i next doer u j. hartley*t sun, v. front street* •ftcplwai iowa. w here he would beplemed to aerve eeerybmlr to! hit line. i wf(iff iiihhiuh-imhi w'trni-v: 'jm *»vs tf oi 4!1 a^c-aj the assassination jjsb death of fees- |:.vident_tincoln. attempted assassination of secrktary sewakd. i. n ^chicago, april 15th. president lincoln was shot the heai sec'v seward's nretendiikr fnlto offict er dr. marjfn'i rfiiil6ncf…",,1
sn84027398,"the tipton advertiser (tipton, cedar co., iowa) 1856-1962",tipton,cedar,iowa,weekly,lincoln-1865,1865-04-20,8,yes,1865-04-20,2,https://www.loc.gov/resource/sn84027398/1865-04-20/ed-1/?sp=2&q=lincoln+assassination,https://tile.loc.gov/image-services/iiif/service:ndnp:iahi:batch_iahi_charizard_ver01:data:sn84027398:00279529406:1865042001:1177,assassin,"she ®ipt®n stdutttisrt.! i o i o w a thursdat, april 20,18fl«.| -f the latest news. ed, assassination of mlem-3m,,iued 1e\t io the ""sic s'tnpt tyrannis about ten o'clock a mau rang a 11. and, the call having been answered by n colored servant, be said h« had coni^j from ur. viede. secretary seward's trn i jly nhysi…",,1
sn84028083,"the jeffersonian democrat (chardon, ohio) 1854-1865",chardon,geauga,ohio,weekly,lincoln-1865,1865-04-21,12,yes,1865-04-21,2,https://www.loc.gov/resource/sn84028083/1865-04-21/ed-1/?sp=2&q=lincoln+assassination,https://tile.loc.gov/image-services/iiif/service:ndnp:ohi:batch_ohi_horatio_ver01:data:sn84028083:0028077523A:1865042101:0405,assassin,"cm the jcftcrsonian democrat julius 0. converse, editor. riuildm, ohio, fill da v, il'llil 21, wi.f the assassination of president lincoln. a duty oars, can we per form ii? 'a grout and good man tho lorcd nil honored, tho tried and trusted chlel magistrate of theso unltod states has fallen by the hand bf a rile assassin, and tho n…",,1
sn84028645,"daily ohio statesman (columbus, ohio) 1855-1870",columbus,franklin,ohio,daily,lincoln-1865,1865-04-17,104,yes,1865-04-17,1,https://www.loc.gov/resource/sn84028645/1865-04-17/ed-1/?sp=1&q=lincoln+assassination,https://tile.loc.gov/image-services/iiif/service:ndnp:ohi:batch_ohi_lysander_ver01:data:sn84028645:00280774716:1865041701:0178,assassin,"…r lands, situate in tha nniintl.. pike. soiotn and adams. persons aeekinir l.v..i i i n way uo wuil.tooauon oi auoross uaii u l'vnnmv art 1 .vi. 11 l'i.ivjt mciiii-jui ai i;ai cotho investi i 11 a saturday's dispatches. assassination of president lincoln and secretary seward. full particulars the assassin identified—pursuit of him. im his iiath 1 up in thetj lentilied byw iwn as thef avamiuxoton, april 15. tho assassin ol rresujcut lincoln left…",,1
sn84028822,"holmes county farmer (millersburg, ohio) 1857-1926",millersburg,holmes,ohio,weekly,lincoln-1865,1865-04-20,18,yes,1865-04-20,2,https://www.loc.gov/resource/sn84028822/1865-04-20/ed-1/?sp=2&q=lincoln+assassination,https://tile.loc.gov/image-services/iiif/service:ndnp:ohi:batch_ohi_edgar_ver01:data:sn84028822:00280775459:1865042001:1119,assassin,"official pai-eii or the cocstt. jame9 a. itilt,, t:lltor. jf iltkr8bueo, ohio! j thuiisday, april 20, 1s65. assassination of president lincoln. torn. on saturday, tho whole country which hid been so recently rejoiced with the prospect 01 an eany peace, was bnocucu. oy ino announcement that the president had been assassinated in i'ord'…",,1
sn84031042,"sioux city register (sioux city, iowa) 1858-1871",sioux city,woodbury,iowa,weekly,lincoln-1865,1865-04-15,4,yes,1865-04-15,4,https://www.loc.gov/resource/sn84031042/1865-04-15/ed-1/?sp=4&q=lincoln+assassination,https://tile.loc.gov/image-services/iiif/service:ndnp:iahi:batch_iahi_dragonite_ver01:data:sn84031042:00279529315:1865041501:0377,assassin,"…o pray before this at some period of his life, to kiss ihe sacred dust of the earth around there at noine time or other, bend his bi.dy and count his bead-, i* the daily de tire of every devout mohammedan the tukkateneo assassination of lincoln artemus ward or some one el«t\ writing from washington, says: you'vm seen, in course, thai a drunken loafer, named clemens, from al-'xandry, he* ben thretienin 10 tnas!«acree mr lin coln. on kwestenin th…",,1
sn84037526,"st. croix avis (christiansted, st. croix [v.i.]) 1844-current",christiansted,saint croix,virgin islands,daily,lincoln-1865,1865-05-02,4,yes,1865-05-02,2,https://www.loc.gov/resource/sn84037526/1865-05-02/ed-1/?sp=2&q=lincoln+assassination,https://tile.loc.gov/image-services/iiif/service:ndnp:vnstcsc:batch_vnstcsc_adelphi_ver01:data:sn84037526:00414219834:1865050201:0138,assassin,"…ared for any emergency that may arise. the president’s back was turned to the assas sin when the fatal shot was fired. before the audience could recover from the alarm produced by the shot and flash t of the pistol, the assassin sprang from the box upon the stage, exclaiming, ‘sic semper tyranuis,” and rushed past the wing, brandishing a large birk knife. l it is not known that any attempt was made to stop him, those on the stage of the theatre…",,1
sn84031524,"the liberator (boston, mass.) 1831-1865",boston,suffolk,massachusetts,weekly,lincoln-1865,1865-04-21,24,yes,1865-04-21,2,https://www.loc.gov/resource/sn84031524/1865-04-21/ed-1/?sp=2&q=lincoln+assassination,https://tile.loc.gov/image-services/iiif/service:ndnp:mb:batch_mb_selene_ver01:data:sn84031524:print:1865042101:7190,death of president lincoln,"…our deliberations will be most interesting and important, and ought to as semble all the members and earnest friends of the society. wm. lloyd garrison, president. wendell phillips, e .c. c. burleigh, f secretaries. the death of president lincoln. the joy which filled all hearts at the time of the pub lication of the liberator last week, in view of the re cent great and repeated successes of the national cause over the rebellion, and especially of the surrender…",,1
sn84038034,"marshall county republican (plymouth, ind.) 1856-1878",plymouth,marshall,indiana,weekly,lincoln-1865,1865-04-20,10,yes,1865-04-20,2,https://www.loc.gov/resource/sn84038034/1865-04-20/ed-1/?sp=2&q=lincoln+assassination,https://tile.loc.gov/image-services/iiif/service:ndnp:in:batch_in_chacha_ver03:data:sn84038034:00200294579:1865042001:0177,assassin,"2e the republican.? ely.houtli.lnd., thursday, april 20, 1865. amsslnatlon of president lincoln. when it w.a announced here writ on saturday fiiorijnj la', tint fresident lincoln and secretary seward had been assassinated the night previous but frw bclitved it. when, however, the dread ful tiding were confirmed, fully in rejarj to prei merit lincoln and iu part in rejard tj secretary jew ard, by the arrir.il of las chicago morning rv…",,1
sn84038074,"charles city intelligencer (charles city, floyd county, iowa) 1864-1866",charles city,floyd,iowa,weekly,lincoln-1865,1865-04-20,18,yes,1865-04-20,1,https://www.loc.gov/resource/sn84038074/1865-04-20/ed-1/?sp=1&q=lincoln+assassination,https://tile.loc.gov/image-services/iiif/service:ndnp:iahi:batch_iahi_charizard_ver01:data:sn84038074:00279529467:1865042001:0760,assassin,"…d for, 4 riiittmibii ittm „co„tcrt soine ommly of undoubted loyalty oppose* ion. the president elect wa led to proceed in disguise from various sources urging him not to be present on that occasion, and some threatening assassination if he durcd i to protect the ceremony hv military then came the fall of sumpter and the call for troops to protect the government ami resist the insurgents. we can never forget those dark days, when washington was…",,1
sn84038112,"delaware state journal and statesman (wilmington, del.) 1855-1870",wilmington,new castle,delaware,semiweekly,lincoln-1865,1865-04-21,14,yes,1865-04-21,2,https://www.loc.gov/resource/sn84038112/1865-04-21/ed-1/?sp=2&q=lincoln+assassination,https://tile.loc.gov/image-services/iiif/service:ndnp:deu:batch_deu_jinx_ver01:data:sn84038112:00271741133:1865042101:0139,death of mr. lincoln,"…provgst guard upon an order issued general cadwalader, charging ith uttering treasonable language. liian is a blacksmith and resides iu the 7 w\ nty.fourth ward, and has long been noted fgr his violent talk. •ifter the death of mr. lincoln he a resident arrested by moj hi on the day id said the ""nf tavern bully,"" and th: of one hundred to go down and kill the, whole cabinet. lie wanted to fire hundred puns he would like to be account of the cad event and…",,1
sn84038582,"the ottawa free trader (ottawa, ill.) 1843-1916",ottawa,la salle county,illinois,weekly,lincoln-1865,1865-04-22,12,yes,1865-04-22,1,https://www.loc.gov/resource/sn84038582/1865-04-22/ed-1/?sp=1&q=lincoln+assassination,https://tile.loc.gov/image-services/iiif/service:ndnp:iune:batch_iune_bibliography_ver01:data:sn84038582:00212472098:1865042201:0007,assassin,"…a. all transient adtertiaing pay al in advance. death of pres ioest lhcolx. ernjf yrcccdins: and atenl ins (lie aaiiiuejaiilite. new york april. 16. the n-.rulits washington special sends details of events preceding the assassination of the president, and his last hour: ""about ""half past sfve:i in the evening, hon. george ashman called at the white house and was ushered into the parlor, where schuyler col tax wa4 seated, waiting for a short int…",,1
sn84038628,"the evening argus (rock island, ill.) 1861-1871",rock island,rock island county,illinois,daily,lincoln-1865,1865-04-15,32,yes,1865-04-15,2,https://www.loc.gov/resource/sn84038628/1865-04-15/ed-1/?sp=2&q=lincoln+assassination,https://tile.loc.gov/image-services/iiif/service:ndnp:iune:batch_iune_article_ver01:data:sn84038628:00295879890:1865041501:0069,assassin,"…& the nation's sorrow. death oe the fres1 dent and tub secre tary of state. proclamation by the mayor mayor's ofticx, rock island, april 15, 1865. the president of the united states, and the secretary of state hate been assassinated, and the mournfal news of their deaths has been officially received. in view of this sudden and most deplorable calamity, i hare thought it best to invite the citizens of our city to meet in the court house this eve…",,1
sn85025007,"alexandria gazette (alexandria, d.c.) 1834-1974",alexandria,alexandria,virginia,daily,lincoln-1865,1865-04-15,56,yes,1865-04-15,2,https://www.loc.gov/resource/sn85025007/1865-04-15/ed-1/?sp=2&q=lincoln+assassination,https://tile.loc.gov/image-services/iiif/service:ndnp:vi:batch_vi_dior_ver01:data:sn85025007:00415663559:1865041501:0668,murder of the president,"saturdayeven ing; april 15. 11 appalling tfladgedy. this whole community was startled thisl morning, early, by reports trom washington,! of the murder of the president of the unifed| states, and the attempted assassination of the! secretary o1 state and his son. so astound-j| ingwasthe intelligence, that the rumor was :u| lirsf. discredited. mo one believed that such i an awful tradge…",,1
sn85025148,baltimore wecker (baltimore [md.]) 1851-1867,baltimore,,maryland,daily,lincoln-1865,1865-05-04,2,yes,1865-05-04,2,https://www.loc.gov/resource/sn85025148/1865-05-04/ed-1/?sp=2&q=lincoln+assassination,https://tile.loc.gov/image-services/iiif/service:ndnp:mdu:batch_mdu_dollseyes_ver01:data:sn85025148:0033289870A:1865050401:0023,assassin,"…etairs war heute der schauplatz einer flagqenübcrreichung. gen. g-bson vom 24. armee corps überreichte dem kriegsminister die trophäen seiner soldaten eine anzahl rebellenslaggeu, die mit dem furchtbaren haarsträubenden assassinationsmotto versehen von schönen händen verfer tigt, von schmutzigen, blutbeslekten händen, ei-! ner schlechten sache vorangetragen und endlich, von unseren braven jungens am appomaltor erbeutet worden waren. die rebelli…",,1
sn85025181,"columbia democrat and bloomsburg general advertiser (bloomsburg, pa.) 1850-1866",bloomsburg,columbia,pennsylvania,weekly,lincoln-1865,1865-04-22,4,yes,1865-04-22,2,https://www.loc.gov/resource/sn85025181/1865-04-22/ed-1/?sp=2&q=lincoln+assassination,https://tile.loc.gov/image-services/iiif/service:ndnp:pst:batch_pst_carnegie_ver01:data:sn85025181:00237287964:1865042201:0076,assassin,"…of lee's army and the crushing of the rebellion, which caused general rejoicing and thauka giving throughout tho country. to-day it is our painful duty to announco the death of the presidontrwho fell by tho hand of. an assassin on friday evoniog last, whilo at ford'e theatre, and tho na tion is plunged in gloom and mourning no such sad event has over before occurrcd in our history. on two occasions our presidents have died of disoute, but this…",,1
sn85025182,"the star of the north (bloomsburg, pa.) 1849-1866",bloomsburg,columbia,pennsylvania,weekly,lincoln-1865,1865-04-19,10,yes,1865-04-19,2,https://www.loc.gov/resource/sn85025182/1865-04-19/ed-1/?sp=2&q=lincoln+assassination,https://tile.loc.gov/image-services/iiif/service:ndnp:pst:batch_pst_mateer_ver01:data:sn85025182:00212477898:1865041901:0171,assassin,"…ufferingpeople m k t isihai the best had been sent to gen. johnlo day every loyal neari must suner loe.j terrible hock, and swell with overburden fj ''8sr'eft na calamity which nas eenlnal permitted to befall us, in the assassinationft of the chief magistrate the flags that flaunted iheir glittering col ors in the sanshine of yesterday, and jbe poke the re-establiehad supremacy of the government, to day must bang suspended at half-mast, for its…",,1
sn85025202,"weekly trinity journal (weaverville, calif.) 1857-1972",weaverville,trinity,california,weekly,lincoln-1865,1865-04-22,24,yes,1865-04-22,1,https://www.loc.gov/resource/sn85025202/1865-04-22/ed-1/?sp=1&q=lincoln+assassination,https://tile.loc.gov/image-services/iiif/service:ndnp:curiv:batch_curiv_knotgrass_ver01:data:sn85025202:00279557396:1865042201:0273,assassin,"…to t .e rebels, but the inhabitants of hell. tnr louisville journal says so many dirty guerrtllaa have passed over the soil of kentucky that the federal troops ought to scour the stale. terrible news i peesident lincoln assassinated 1 xnrlctoni aeeaulc on secretnrjr seward and hie attendants i intense excitement at washington! a nation mourns! the shocking intelligence contained in the following dispatch was received over the wires on the eveni…",,1
sn85026002,dayton daily empire (dayton [ohio]) 1850-1865,dayton,montgomery,ohio,daily,lincoln-1865,1865-04-17,58,yes,1865-04-17,2,https://www.loc.gov/resource/sn85026002/1865-04-17/ed-1/?sp=2&q=lincoln+assassination,https://tile.loc.gov/image-services/iiif/service:ndnp:ohi:batch_ohi_horatio_ver01:data:sn85026002:0028077506A:1865041701:1393,assassin,"…in month, and lo within lour hun dred niilca oi salt lake a a. t lmnn, imint holonoine to i ha kilo. kentucky raeimeni. was killed iu a acoutinff expedition near wadeebore, n. c, on the 34 of ma.-tli. the effect ol the assassination of the pres ident by wilkes bjoiub has bad a crushing effect upon his briilber edwin, who was play. ing a farewell eugugxisent at boiton; bdwin lms declared hia determination to quit the hon. wm. elloge, lata membe…",,1
sn84023819,"dollar weekly mirror and new hampshire journal of agriculture (manchester, n.h.) 1863-1865",manchester,hillsboro,new hampshire,weekly,lincoln-1865,1865-04-22,18,yes,1865-04-22,2,https://www.loc.gov/resource/sn84023819/1865-04-22/ed-1/?sp=2&q=lincoln+assassination,https://tile.loc.gov/image-services/iiif/service:ndnp:nhd:batch_nhd_eisenhower_ver01:data:sn84023819:00517015465:1865042201:0474,lincoln had been assassinated—shot,"…the -4th of march. that was the programme, no doubt. certamn copperbeads seemed to'be in the secret,and talkéd and acted very knowingly. last fri day it was reported all over this city, in our mills and workshops, that lincoln had been assassinated—shot. mandy supposed satur day rdorning that the report was only a ‘re newal of the one of friday. how did the report gét about did some one know he was to be assassinated on that day, but sup posed it was to come off earlie…",,1
sn84038367,"canton weekly register (canton, ill.) 1850-1872",canton,fulton,illinois,weekly,lincoln-1865,1865-04-17,20,yes,1865-04-17,3,https://www.loc.gov/resource/sn84038367/1865-04-17/ed-1/?sp=3&q=lincoln+assassination,https://tile.loc.gov/image-services/iiif/service:ndnp:iune:batch_iune_albatross_ver01:data:sn84038367:00514151131:1865041701:0210,assassin,"…johnson was swo n into office by chi. justice chase to-day, at 11a. m. sec'y mccul loch, attorney heneral speed and others were pres j ■tit. lie remarked, “the duties are lmae. 1 wil perform them, trusting in ond.” the assassin of president lincoln left behind hii his hat and spur. the hat was picked up in tb.gw t-.vate box of the president, and nas been idcnti r lied by parties to whom it has been thown as be j >nging to the suspected man, an…",,1
sn85026050,"fremont journal (fremont, sandusky county [ohio]) 1853-1866",fremont,sandusky,ohio,weekly,lincoln-1865,1865-04-21,16,yes,1865-04-21,2,https://www.loc.gov/resource/sn85026050/1865-04-21/ed-1/?sp=2&q=lincoln+assassination,https://tile.loc.gov/image-services/iiif/service:ndnp:ohi:batch_ohi_cobweb_ver04:data:sn85026050:00280775836:1865042101:0491,lincoln dead,"isaac vl keeler, editor. fremont: ohio. friday, april 21, 1855. abraham lincoln dead. on saturday morning, april 15th, the terri ble news waa flashed over the wires that the president had been hot b y an assassin,' about 10 o'clock the evening previous, and that an attempt had also been made on the life…",,1
sn85026193,"the weekly perrysburg journal (perrysburg, o. [ohio]) 1861-1???",perrysburg,wood,ohio,weekly,lincoln-1865,1865-04-19,12,yes,1865-04-19,2,https://www.loc.gov/resource/sn85026193/1865-04-19/ed-1/?sp=2&q=lincoln+assassination,https://tile.loc.gov/image-services/iiif/service:ndnp:ohi:batch_ohi_cobweb_ver04:data:sn85026193:00280775757:1865041901:0239,assassin,"…h xx'e iikuih t print ""iir p ipnt tni,,liiy ilvinii""!' mi'l il bitx wi'n iin wiiriiiimii'in kiiur (cr nili itii-i i t.. hill i iii lllfir flunix .iflit r lll'l t-wlilil'les""' moikiii""fl i'ui fnr triui(&c.fc-hliiii1 pi'. assassination of president lincoln. all the ini'i'm il i'.n u in i'l"" pnblm rot, flllllllg lll! .issasfifllilli'lu ""f rirhi'l""lil i. is fnl.n, 11(1 lllu 1 1 iii u llf (llll i'll-i' mis givm 1 1' lu'rc. hut whi'ih aid vvlii. i ly…",,1
sn85026214,new york dispatch (new york [n.y.]) 1863-1899,new york,new york,new york,weekly,lincoln-1865,1865-04-16,34,yes,1865-04-16,1,https://www.loc.gov/resource/sn85026214/1865-04-16/ed-1/?sp=1&q=lincoln+assassination,https://tile.loc.gov/image-services/iiif/service:ndnp:dlc:batch_dlc_dunbar_ver01:data:sn85026214:print00211110132:1865041601:0001,assassin,"…iu gtws. national~calamiry a terrible crime! leath of president lincoln i he is assßsfeiiiat*d in ford’s theatre, washington. •a pistol ball through his brain. shxs dxied dbiibejxa'eeii'2' riiankted. j. wilkes booth the assassinasiftisu jiexf by secaefatty stayton, details of the murder. scene at the president’s deathbed, attempt to assassinate sec. seward. he is dangerously wounded. aisihavt secretary of state, hessesgeit -v.i> kib.se btibue9.…",,1
sn85026241,"belmont chronicle (st. clairsville, ohio) 1855-1973",saint clairsville,belmont,ohio,weekly,lincoln-1865,1865-04-20,18,yes,1865-04-20,2,https://www.loc.gov/resource/sn85026241/1865-04-20/ed-1/?sp=2&q=lincoln+assassination,https://tile.loc.gov/image-services/iiif/service:ndnp:ohi:batch_ohi_feste_ver01:data:sn85026241:0028077540A:1865042001:0269,assassin,"…loyal men of the fpuntry with a gloom and sad ness unparalleled in the history of the nation. the chosen chief magistrate of the nation has been strickea down in the commencement of his seconds! term by the hand of the assassin, anda the hearts of the true friends of liberty in the nation and in tho world may well be filled with aadncsa and mourn ing at the result of this monstrous act of treason and perfldj', that, in the intemt of rebellion,…",,1
sn85029094,"the independent (oskaloosa, kan.) 1860-1874",oskaloosa,jefferson,kansas,weekly,lincoln-1865,1865-04-22,6,yes,1865-04-22,2,https://www.loc.gov/resource/sn85029094/1865-04-22/ed-1/?sp=2&q=lincoln+assassination,https://tile.loc.gov/image-services/iiif/service:ndnp:khi:batch_khi_allen_ver02:data:sn85029094:00237281858:1865042201:0863,lincoln was shot,"…ffair, s far as they hate been published, and wti i shall only gives snminary -of the occnrredue. vb frulay evening the i4th mst, tvliik at a tlieater in washington, seat rd in a box by the side.of hie if l)is wife, mr. lincoln was shot down uy an assassin, d pis'toli which wiik a small one-barreled wi.l-r-hfra-s fi. xis&s&fi. i:.-j i r audfoand jtfjitansediately nroximitv to t&tljl'jiiu w-i,'! l'j iro.m-giiipcinji j. hj wa pwuihrlviimiv3i tla 'rraujni…",,1
sn85026309,"urbana union (urbana, ohio) 1862-1872",urbana,champaign,ohio,weekly,lincoln-1865,1865-04-19,12,yes,1865-04-19,2,https://www.loc.gov/resource/sn85026309/1865-04-19/ed-1/?sp=2&q=lincoln+assassination,https://tile.loc.gov/image-services/iiif/service:ndnp:ohi:batch_ohi_borachio_ver02:data:sn85026309:00280775903:1865041901:0073,"death of the .""'president","…na,ohio. tn rjsiow of hearts theuulon of hand tse union ot states none can sever; tho union of lakes the union of lands and the flao of our union forever! q m news of the week. ending april 19, 1865. one great event the death of the .""'president, prevents curiosity except for 1. he details of that event. some will say hhat it has caused much bad feeling among the people. others will say, and 1aiuch more truly, that it has made mani 11 the probable murderer is a…",,1
sn85033019,"dodgeville chronicle (dodgeville, wis.) 1862-current",dodgeville,iowa,wisconsin,weekly,lincoln-1865,1865-04-20,8,yes,1865-04-20,2,https://www.loc.gov/resource/sn85033019/1865-04-20/ed-1/?sp=2&q=lincoln+assassination,https://tile.loc.gov/image-services/iiif/service:ndnp:whi:batch_whi_naomi_ver01:data:sn85033019:00271769118:1865042001:0311,assassin,"…l 20,18c5. w. j. wriggles worth, editor. our country’s loss. since our last issue the nation has been! convulsed from centre to circumference, by! the terrible news that president lincoln! and secretary seward have been assassina-j ted. the official dispatches from secretary stanton, announcing the lamentable factj will be found elsewhere in this paper. this is only another of the vile acts perpetrated by the friends of the slaveholders rebelli…",,1
sn85033123,"the kenosha telegraph (kenosha, wis.) 1860-1888",kenosha,kenosha,wisconsin,weekly,lincoln-1865,1865-04-20,14,yes,1865-04-20,2,https://www.loc.gov/resource/sn85033123/1865-04-20/ed-1/?sp=2&q=lincoln+assassination,https://tile.loc.gov/image-services/iiif/service:ndnp:whi:batch_whi_dynamite_ver01:data:sn85033123:00514151398:1865042001:0098,assassin,"…able [thanksgiving proclamation of our excel-| slent governor, and the dispatch of secretafry stanton, ordering a suspension of the |draft and do more recruiting, when the] gdreadful news from washington, of the] double assassination of president lincoln] «and secretary seward, came, striking us] tduiub and for a while paralyzing every en-3 hergy. the pall of a great national calamity! [settled down upon us, and all was darkness! [and gloom, wh…",,1
sn85033139,"the manitowoc pilot (manitowoc, wis.) 1859-1932",manitowoc,manitowoc,wisconsin,weekly,lincoln-1865,1865-04-28,10,yes,1865-04-28,1,https://www.loc.gov/resource/sn85033139/1865-04-28/ed-1/?sp=1&q=lincoln+assassination,https://tile.loc.gov/image-services/iiif/service:ndnp:whi:batch_whi_grace_ver01:data:sn85033139:00271769313:1865042801:0437,assassin,"tiie 3? i l o t. the news, juit before going to prtv a {evgrsj<hc dispatch waa received lore announcing that booth, the assassin, ""had h.tn caplur id and killed. where ami how we cou'd nut learn dispatches from washington ref rt lb* censure of sherman’* course a* universal. the opinion is expre-sed that juhnston w ii surrender on the same wrrns o…",,1
sn85033221,"prescott journal (prescott, wis.) 1861-1871",prescott,pierce,wisconsin,weekly,lincoln-1865,1865-04-29,12,yes,1865-04-29,1,https://www.loc.gov/resource/sn85033221/1865-04-29/ed-1/?sp=1&q=lincoln+assassination,https://tile.loc.gov/image-services/iiif/service:ndnp:whi:batch_whi_galky_ver01:data:sn85033221:00514152354:1865042901:0373,death of mr. lincoln,"…heir hearts with li*tc to wards president liscolx. nj one could have read his paper for four months preceding the last presiden tial election, and believed it, without fe*l jpg that the good of the country de manded the death of mr. lincoln. day after dav. his fertile fancy teemed with the spawn of falsehood, and every op probious epithet which his ingenuity i .virfd devise wh? applied -to our noble president. but mr. pomeroy did more than thia. counselled…",,1
sn85033622,"the grand haven news (grand haven, mich.) 1858-18??",grand haven,ottawa,michigan,weekly,lincoln-1865,1865-04-19,6,yes,1865-04-19,2,https://www.loc.gov/resource/sn85033622/1865-04-19/ed-1/?sp=2&q=lincoln+assassination,https://tile.loc.gov/image-services/iiif/service:ndnp:mimtptc:batch_mimtptc_alpena_ver01:data:sn85033622:00296026462:1865041901:1168,assassin,"l.igrand ilaren, -e mlctijan'. wednesday. evenino, april 1, 1885 assassination ..of...,.;,.-..-...,', prgdidont siiucolh. r ve select the) following accouqtof the assassination of tbci president tis related bytho times' wasluugtwcorrcsnondcnt. it is undoubtedly as accurate no4 relmblo as any…",,1
sn85033637,"the hillsdale standard (hillsdale, mich.) 1851-1909",hillsdale,hillsdale,michigan,weekly,lincoln-1865,1865-04-18,16,yes,1865-04-18,2,https://www.loc.gov/resource/sn85033637/1865-04-18/ed-1/?sp=2&q=lincoln+assassination,https://tile.loc.gov/image-services/iiif/service:ndnp:mimtptc:batch_mimtptc_beulah_ver01:data:sn85033637:00415668168:1865041801:0560,death or the president,"…v i"" v """"ciii 1 terrible news! iinero acara oitne asrasnatton o: ttiei president. they then. proceeded to thcl (tbou8e where he was lying, exhibiting otj ehecru rang out, beflapratca forth the? lincoln anq 5ec sewafld., death or the president. a s 1 ii i rucmiin uuv itranen oi rrat ,1ini., ic.ico to a misgui.lea peopu., iu,,. with tho. oppri,sbj fridiv,"" the nation, in the exubvihiicol of it joy wa eelobrnting t!io vietorie '-c tho arnr. the ckv of tin oitme…",,1
sn85038115,"the spirit of democracy (woodsfield, ohio) 1844-1994",woodsfield,monroe,ohio,weekly,lincoln-1865,1865-04-26,10,yes,1865-04-26,2,https://www.loc.gov/resource/sn85038115/1865-04-26/ed-1/?sp=2&q=lincoln+assassination,https://tile.loc.gov/image-services/iiif/service:ndnp:ohi:batch_ohi_byrd_ver01:data:sn85038115:00296027467:1865042601:0393,murderer of the president,"…union as it was, and the constitution as it is r i hold that this govoi nment was madg on the white basis, by white mhsn, for the benefit of white men ami their posterity forever.' stepuen a. douglas. john wilkes booth, murderer of the president. john wilkes booth, who murdered president lincoln, was born about thirty vears aero, near baltimore. he is the third son of the once celebrated english tragedian. lucius junius booth. the o distinguished american actor…",,1
sn85038121,"gallipolis journal (gallipolis, ohio) 1837-1919",gallipolis,gallia,ohio,weekly,lincoln-1865,1865-04-20,10,yes,1865-04-20,2,https://www.loc.gov/resource/sn85038121/1865-04-20/ed-1/?sp=2&q=lincoln+assassination,https://tile.loc.gov/image-services/iiif/service:ndnp:ohi:batch_ohi_edgar_ver01:data:sn85038121:00280775538:1865042001:0221,assassin,"…on all sides. .many, who on tiie day previous, felt as though they could forget all past an imosities, and look with kindly re gard on the authors of our national woe, teeing that their clemency has been requited by the assassination of the leading men of the republic, now declare for a total change in the publie policy, and that henceforth it, shall be ""an eye for an eye, and a cooth for a tooth."" nor is this to be wondered at placing out of v…",,1
sn85038184,"pomeroy weekly telegraph (pomeroy, meigs county, ohio) 1860-1866",pomeroy,meigs,ohio,weekly,lincoln-1865,1865-04-20,14,yes,1865-04-20,2,https://www.loc.gov/resource/sn85038184/1865-04-20/ed-1/?sp=2&q=lincoln+assassination,https://tile.loc.gov/image-services/iiif/service:ndnp:ohi:batch_ohi_fu_ver01:data:sn85038184:00296026797:1865042001:0293,assassin,"pomeroy telegraph thomas u. whj, as u whls-vpitor. ft 1 1 1 yrii a issassins ol lendenl tiivridar, vii ao, iioa b3 the assassins e.iilpnt nrl nf r. c j r ,i. if .ul. ijuu1u, jiuu1 iuv hi bean captured. jj t3j"""" in the appropriate part pf our, paper wm do rouna tne laws ot the presidential succession, as provided by the constitution and legislati…",,1
sn85038158,"the highland weekly news (hillsborough [hillsboro], highland county, ohio) 1853-1886",hillsborough,highland,ohio,weekly,lincoln-1865,1865-04-20,14,yes,1865-04-20,2,https://www.loc.gov/resource/sn85038158/1865-04-20/ed-1/?sp=2&q=lincoln+assassination,https://tile.loc.gov/image-services/iiif/service:ndnp:ohi:batch_ohi_borachio_ver02:data:sn85038158:0023728690A:1865042001:0732,assassin,"…re thronged with pro cessions of every description, all rejoicing over the glorious news. j. w. e. how mr. johnson heard of the president's murder. ex-gov. farwell, of wisconsin, was at fotd'a theator at the timo of thi assassination. suspecting that an at tempt would af'sjba made on the lifo hie vioe president, he rushed from the theater to mr. johnson's room, whioh he reached within five minutes after tht ahootiog of the president. he knocked…",,1
sn85038244,the xenia sentinel (xenia [ohio]) 1863-186?,xenia,greene,ohio,weekly,lincoln-1865,1865-04-21,16,yes,1865-04-21,1,https://www.loc.gov/resource/sn85038244/1865-04-21/ed-1/?sp=1&q=lincoln+assassination,https://tile.loc.gov/image-services/iiif/service:ndnp:ohi:batch_ohi_borachio_ver02:data:sn85038244:00280775939:1865042101:0308,assassin,"…two places, besides a severe cut on theand ine auenuani is sun auve, w major seward's wounds are not ine nttenaani is sun aiite, out n0pe-ljti,o dangerous. it is now ascertained with reasonable! v x vccriainiy toat two assassins were engagea in head. s less. horrible crime, wilkes booth being thej'5wa3 t;one shot the president, and the other i f.compauion of his, whose name is not known.h '.dut whose description is so clear that he can"": j ""ha…",,1
sn85042591,"the hancock jeffersonian (findlay, ohio) 1857-1870",findlay,hancock,ohio,weekly,lincoln-1865,1865-04-21,10,yes,1865-04-21,2,https://www.loc.gov/resource/sn85042591/1865-04-21/ed-1/?sp=2&q=lincoln+assassination,https://tile.loc.gov/image-services/iiif/service:ndnp:ohi:batch_ohi_iago_ver01:data:sn85042591:00280774960:1865042101:0494,assassin,"…n-rniui ,ou. c iu....s terra, with tho prospects lookingf.imi brighter and brighter, and just as he was seeing tho culmination of his ar duous labors the restoration of thc union and. return of peace he is re moved. the assassination of tho rrcsidentjnet, is a serious matter for the south, will work destruction to them. mr liucoln was their friend, nnd while he was firm in the determination put down tho rebellion, he always! counscucu .oroca.an…",,1
sn85054616,"raftsman's journal (clearfield, pa.) 1854-1948",clearfield,clearfield,pennsylvania,weekly,lincoln-1865,1865-04-19,12,yes,1865-04-19,2,https://www.loc.gov/resource/sn85054616/1865-04-19/ed-1/?sp=2&q=lincoln+assassination,https://tile.loc.gov/image-services/iiif/service:ndnp:pst:batch_pst_lasch_ver01:data:sn85054616:00212477801:1865041901:0542,assassin,"…esident lincoln shitsecretary seward, f.w. seward, major seward, and mr. han-- bell stabbed the plot, victims and as sassins inauguration and -address of 7 ""andrew jo hnsouthe"" cabinet, etc. particulars in regard to the assassination if of president lincoln. ii president lincol friends, on friday bt 8. j. bow, evening, april i4tn, visited ford's theatre in washington, for the purpose of witnessing the performance of theamerican oonsiir. it was…",,1
sn86053370,"american citizen (butler, butler county, pa.) 1863-1872",butler,butler,pennsylvania,weekly,lincoln-1865,1865-04-19,14,yes,1865-04-19,3,https://www.loc.gov/resource/sn86053370/1865-04-19/ed-1/?sp=3&q=lincoln+assassination,https://tile.loc.gov/image-services/iiif/service:ndnp:pst:batch_pst_carlisle_ver01:data:sn86053370:00296027911:1865041901:0306,assassin,"…y respect fully, your obedient-servant, james spkkd, attorney geu'l hon. em. stanton. sec'y. of wax published by order of brig. gen. k. iv. jiinks a. a. p. m. g. harrisburg pa j. w. kirkek, pro. m*r smm diatrict pa. the assassination. murder of the president. statement of an eve witness. preliminary survey of the assassin. the jlurderer'si escape. special dupatch to i'ittitiurg commercial. washington, april 15. miss, harris who was in the box w…",,1
sn86053570,"daily national republican (washington, d.c.) 1862-1866",washington,,district of columbia,daily,lincoln-1865,1865-04-18,34,yes,1865-04-18,1,https://www.loc.gov/resource/sn86053570/1865-04-18/ed-1/?sp=1&q=lincoln+assassination,https://tile.loc.gov/image-services/iiif/service:ndnp:dlc:batch_dlc_deltaair_ver01:data:sn86053570:00237288981:1865041801:0194,assassin,"…ar tllraot saturday, in relation ta what he aw and heard at he stood at mr..8cward't door on friday night. it wv oorernor peward'l ttrtaxl, and nx major reward, who cam brat to th door and gave tha alarm. ii preceded th assassin in coming out of th liouie, and raid to mr. tajioo'a tervant, ""a man is in the house, murdering everybody) run for your life, and cry murder!"" thl wat don by den, who rn to th eorner of madison place and penn sylvania a…",,1
sn86058250,"the richmond palladium (richmond, ind.) 1855-1875",richmond,wayne,indiana,weekly,lincoln-1865,1865-04-21,14,yes,1865-04-21,2,https://www.loc.gov/resource/sn86058250/1865-04-21/ed-1/?sp=2&q=lincoln+assassination,https://tile.loc.gov/image-services/iiif/service:ndnp:in:batch_in_indianapolisolympians_ver02:data:sn86058250:0027174478A:1865042101:0516,assassin,"…t that what mat be merer to iiiv idun!'- tscruellr u the ntnte. in th rtereiae ol mercy there a tumid he noduul t left that thii perukxiite i nut used to relieve thr-fi tewr at lh ei-'oe ol the manv.""- tudrcu j(itsml4l. assassination of president lincoln. it has ix!cjiijj a .nful nc""'ty fur the aawri;ai. prop's tu lonk nf -0 th atruf.sena and tie awful as i crime, that tlie aanau of their oa-tinn rocord. t. this t!""!y picture their attutiuo cal…",,1
sn86059181,"evansville daily journal (evansville, ind.) 1863-1866",evansville,vanderburgh,indiana,daily,lincoln-1865,1865-04-17,72,yes,1865-04-17,1,https://www.loc.gov/resource/sn86059181/1865-04-17/ed-1/?sp=1&q=lincoln+assassination,https://tile.loc.gov/image-services/iiif/service:ndnp:in:batch_in_irvington_ver01:data:sn86059181:00296022056:1865041701:0111,assassin,"…tment cf mr. seward, nn neveraherwrdwilliilydliieusewithth'-ir nee.-i) forciiiidrea. misers and youna ladies they ar. t""4er pretence of having a prescription auaorior to all otu-rs. .ue.'.bi .ih. s;;, 'iiztlxzii.w'. the assassin immediately fortmnd koononili tl skirt ever mmd. pushed to the bed 0a tufltcted two or w s' iv da it n iq ull nma-cm-b finw in inn city, and throustumt the i nittvi htat hftvititst ubt mexico, south amei west jndloa. aa…",,1
sn86071378,"democrat and sentinel (ebensburg, pa.) 1853-1866",ebensburg,cambria,pennsylvania,weekly,lincoln-1865,1865-04-19,4,yes,1865-04-19,2,https://www.loc.gov/resource/sn86071378/1865-04-19/ed-1/?sp=2&q=lincoln+assassination,https://tile.loc.gov/image-services/iiif/service:ndnp:pst:batch_pst_kern_ver01:data:sn86071378:00212477655:1865041901:0303,assassin,"…vih i i n n.n i-i'' imi.ihi i. t... wh m it. i is a teniblecmam, j u ft lrwl ""v; cz -gh lv,t.j g 4 and i.ti.?of f tr anl n,ak.s one hmddcr to .m.k 0nr ,,,:l,mitftl kavu rbtfwn awith bin., but that gentleman had made the assassination of the chief mg in lruman namiv tner.-is such a pn.,,111:... fs.itlu-r crgagemciits, an 1 mr. aslvnen ofrato of the nation, has spread a uloumvs, i ip1.nf.i.v,t -r: 'l s -,b 4 r- ,.55htit;acle hberaatv to ih:j:sbon…",,1
sn86072040,"walla walla statesman (walla walla, wash. terr.) 1864-19??",walla walla,walla walla,washington,weekly,lincoln-1865,1865-04-21,10,yes,1865-04-21,2,https://www.loc.gov/resource/sn86072040/1865-04-21/ed-1/?sp=2&q=lincoln+assassination,https://tile.loc.gov/image-services/iiif/service:ndnp:wa:batch_wa_bittern_ver01:data:sn86072040:no_reel:1865042101:0934,assassin,eh: malta maﬁa statgsman. m the news of the assassination of abraham lincoln has spread a feeling of deep gloom over the land. fl‘he chief magistrate of the nation has been murdered by the hand of an assassin! what a dark spot in the history of a nation claiming to be the…,,1
sn86076422,"the weekly union record (oroville, calif.) 1864-1866",oroville,butte,california,weekly,lincoln-1865,1865-04-22,18,yes,1865-04-22,1,https://www.loc.gov/resource/sn86076422/1865-04-22/ed-1/?sp=1&q=lincoln+assassination,https://tile.loc.gov/image-services/iiif/service:ndnp:curiv:batch_curiv_iris_ver01:data:sn86076422:00279557372:1865042201:0277,assassin,"…nable rate-*. having been engaged in the business for the pa*t fifteen years, he. hopes to give general satisfaction to ail. meals at all hours, dav and night. oct. 15th. 1*64. letfls carpenter. a national calamity! the assassination of president lincoln! attempted assassination of secretary seward—the secretary s son severely injured—seward's attendant fatally wounded—the assassin of lincoln is j. wilkes booth. washington, april 14th.—presiden…",,1
sn86081096,"the potter journal (coudersport, pa.) 1857-1872",coudersport,potter,pennsylvania,weekly,lincoln-1865,1865-04-19,20,yes,1865-04-19,2,https://www.loc.gov/resource/sn86081096/1865-04-19/ed-1/?sp=2&q=lincoln+assassination,https://tile.loc.gov/image-services/iiif/service:ndnp:pst:batch_pst_jeffrey_ver01:data:sn86081096:0029602868A:1865041901:0059,assassin,"…iu's foroes at the head of a scouting party. mackenzie's brigade of cavalry will oc oupy the town. the endowments given to american colleges witbia two years atnouut to §l,- 571,000. terrible tilings; president lincoln. assassinated secretary seward stabbed. •washington, april 14. president lincoln and wife, with other friends, this evening visited ford's the atre, for the purpose of witnessing the performance of the americao cousin. it was ann…",,1
sn86081912,"north branch democrat (tunkhannock, pa.) 1854-1867",tunkhannock,wyoming,pennsylvania,weekly,lincoln-1865,1865-04-19,8,yes,1865-04-19,2,https://www.loc.gov/resource/sn86081912/1865-04-19/ed-1/?sp=2&q=lincoln+assassination,https://tile.loc.gov/image-services/iiif/service:ndnp:pst:batch_pst_jeffrey_ver01:data:sn86081912:00296028617:1865041901:0546,assassin,"…f our space and our engagements in court, we hope will furnish a sufficient apology for the want of editorial and local matter in this issue. several arrests of persons supposed to be suritt, the person who attempted to assassinate secretary seward, have been made, but the real assassin is yet at large. j. wilkes boothe, the supposed murderer of lincon is yet at large. ksr but few, if any civ'd causes will be tried at this term. quite a number…",,1
sn86086769,"mineral point weekly tribune (mineral point, wis.) 1859-1868",mineral point,iowa,wisconsin,weekly,lincoln-1865,1865-04-18,8,yes,1865-04-18,1,https://www.loc.gov/resource/sn86086769/1865-04-18/ed-1/?sp=1&q=lincoln+assassination,https://tile.loc.gov/image-services/iiif/service:ndnp:whi:batch_whi_inez_ver01:data:sn86086769:00271769787:1865041801:0538,assassin,"…n tl statu t s, three mil lions >f slaves hare a nan tc i, and th representative* <>t a purely negro government have been recognized and re -1 csired o’ washington four years ago president lincoln was compelled to elude assassination by a stealthv flight to the national capital. to day he indites a telegram to his wife ‘from the late mansion of j; t. divls, at richmond. baltimore thirsted for his bloo 1 at ins first election, and voted for him…",,1
sn85034406,"the cadiz sentinel (cadiz, ohio) 1864-1911",cadiz,harrison,ohio,weekly,lincoln-1865,1865-04-19,18,yes,1865-04-19,2,https://www.loc.gov/resource/sn85034406/1865-04-19/ed-1/?sp=2&q=lincoln+assassination,https://tile.loc.gov/image-services/iiif/service:ndnp:ohi:batch_ohi_julian_ver02:data:sn85034406:00296026700:1865041901:0185,assassin,"…x. ali en, editor!! r. ii. a.r5coi.e. alate edilor.i1 ly lrim of -ut,-rl:?t lon.j t-.r on re.-, ifpni.l in it.lvnnc ,-...9?,6t if n 4 piaid within six m.mti.k s.ofv tj j .jier):.,r iu lbsoouuty oih-rv p;ih ,j.:ki kp.w.iassassination of president lincoln and secretary seward i jihal shot the lyei-idcnt, and tbe other pdiu anion ol his, hose name i not known, ui anum description t o dear mat de can hardly escape. it appears from a letter ouud in…",,1
sn86053216,"the tri-weekly herald (newberry, s.c.) 1865-1865",newberry,newberry,south carolina,weekly,lincoln-1865,1865-04-25,2,yes,1865-04-25,2,https://www.loc.gov/resource/sn86053216/1865-04-25/ed-1/?sp=2&q=lincoln+assassination,https://tile.loc.gov/image-services/iiif/service:ndnp:scu:batch_scu_floydcouncil_ver01:data:sn86053216:00237288051:1865042501:0032,death of abrahami lincoln,"…haviog been rais ed to fifteen dollars. r. c. c. at ninety six, is informed that fifteen. dollars, for himself and two others, wli not pay for the paper for three-months, and that each has received credit for one moth.. death of abrahami lincoln. the startling rumor of te'death of 1resideft lincoln which.reache6 our community sa'turday night, i, we.are told, confirmed. severahiorth era papers were seen in mourning. the part!cu las *h be found in anotber column.…",,1
sn87056248,"the plymouth weekly democrat (plymouth, ind.) 1860-1869",plymouth,marshall,indiana,weekly,lincoln-1865,1865-04-20,8,yes,1865-04-20,2,https://www.loc.gov/resource/sn87056248/1865-04-20/ed-1/?sp=2&q=lincoln+assassination,https://tile.loc.gov/image-services/iiif/service:ndnp:in:batch_in_dillinger_ver02:data:sn87056248:0020029564A:1865042001:0063,assassin,"…' plymouth, idia: rn k n id? 1 ii v v. 3 l a y, -cv i' 11. -iv, icm the 4sass.nsitioii of tlc jfrrsi dent, and ."".secretary seward. the country has been thrown into a rtate ot ""loom r.nd mourn. ng in conse quence of the assassination ;if president perpetrate the deed was done about 11 iclcck y. m.. and within a very few minutes of the tame time the tick room of secretary sew ard was invaded by auother üend iu hu man shape wh) attempted ;.nd wel…",,1
sn87058318,"the iowa transcript (toledo, tama county, iowa) 1858-1866",toledo,tama,iowa,weekly,lincoln-1865,1865-04-20,8,yes,1865-04-20,2,https://www.loc.gov/resource/sn87058318/1865-04-20/ed-1/?sp=2&q=lincoln+assassination,https://tile.loc.gov/image-services/iiif/service:ndnp:iahi:batch_iahi_electabuzz_ver01:data:sn87058318:0027952892A:1865042001:1089,assassin,"…esentations wh: he did to the servant* what furtb. i oasscd in the way of colloquy is nn viiown, but the titans'.ruck hi a oti""tin .ead with a billy, eeverely injuring tl.e •ilctj'l and feliing him almost senseless. the assassin then tii'l.ed into thechri n her and a'tacked major seward, pi naster united states army, and llansoll, a messenger of tne state partment, and two male nurses, di i •ling them. he then rushed upon iin s secretary, who w…",,1
sn87075163,"m'arthur democrat (mcarthur, vinton county, ohio) 1853-1865",mcarthur,vinton,ohio,weekly,lincoln-1865,1865-04-20,8,yes,1865-04-20,2,https://www.loc.gov/resource/sn87075163/1865-04-20/ed-1/?sp=2&q=lincoln+assassination,https://tile.loc.gov/image-services/iiif/service:ndnp:ohi:batch_ohi_kent_ver02:data:sn87075163:00280774935:1865042001:0985,murder of the president,"sty 2b:mbf a. bb4tt0.x, t s t t editor v"" (t g mbs stlall sols amwca mo arthur, oll7o""i tnuiuiatatr 99 jlrf murder of the president. if there is bny man whose heart did riot jlmost ceaao to throb, or ""whdso'very. senses did not pause, as in a hideous dream, on the announce!) moot' of the horrible tragedy at wash ington on last friday iiighf, in the…",,1
sn87076793,"the tiffin weekly tribune (tiffin, ohio) 1859-1868",tiffin,seneca,ohio,weekly,lincoln-1865,1865-04-20,14,yes,1865-04-20,2,https://www.loc.gov/resource/sn87076793/1865-04-20/ed-1/?sp=2&q=lincoln+assassination,https://tile.loc.gov/image-services/iiif/service:ndnp:ohi:batch_ohi_iago_ver01:data:sn87076793:00280775101:1865042001:0695,assassin,"….near orlean waa uld at auction, d.ve nnder a atamlate of the united m.tea lotin, uy iiiu uuiicu dtalca ularbal. ft urey. in uorae-iimer, i now liauia; on die farm at groveport, mar cirlunibua, u. tu abli keep lruiacr. assassination of the president. president. particulars. the nation in monrninig. the nation in monrninig. war department, washington, april 15—1:30 p. m. i'o major o ;neral d xi tlii evening, al about 9:30 r. ill., a k'..r.r. 'i…",,1
sn87076863,"the wyandot pioneer (upper sandusky, ohio) 1853-1868",upper sandusky,wyandot,ohio,weekly,lincoln-1865,1865-04-19,14,yes,1865-04-19,2,https://www.loc.gov/resource/sn87076863/1865-04-19/ed-1/?sp=2&q=lincoln+assassination,https://tile.loc.gov/image-services/iiif/service:ndnp:ohi:batch_ohi_laing_ver02:data:sn87076863:00296028836:1865041901:0115,assassin,"…resident's room, to psrtici pate in the ceremony; hon. s. p. chase, hon. ii. mccullough, attorney general spoed, f. p. blair, hon. montgomery ington alone. if that high eulogiu ml blair, senators foote of vermont, yates assassination of the president. well may we say, the inscrutable ways was fully earned,- as it was, by the first rgreat president of tb united states, -we. bdoubt if it has not been as well earned iby the illinois peasant propri…",,1
sn87079926,"the elk advocate (ridgway, elk co., pa.) 186?-1868",ridgway,elk,pennsylvania,weekly,lincoln-1865,1865-04-27,2,yes,1865-04-27,2,https://www.loc.gov/resource/sn87079926/1865-04-27/ed-1/?sp=2&q=lincoln+assassination,https://tile.loc.gov/image-services/iiif/service:ndnp:pst:batch_pst_deike_ver01:data:sn87079926:00280776063:1865042701:0086,assassin,"…atinrr w.w.i.ii,.,rs in the united plates and prehension is that they will prove tal. tho iioi.se alarmed mr. fred seward, who was iii the adjoimiv; room, and hastened to the door of inn father's room, where ho nu t the assassin, who inflicted upon him rue cr more danger ous wound. tho recovery of frcdtr. ick seward is doubtful. it is not probable that the president will live through tho night. gen. grant anl wife were advertised cr il originat…",,1
sn88064481,semi-weekly news (shreveport [la.]) 1865-1865,shreveport,caddo,louisiana,semiweekly,lincoln-1865,1865-04-27,2,yes,1865-04-27,2,https://www.loc.gov/resource/sn88064481/1865-04-27/ed-1/?sp=2&q=lincoln+assassination,https://tile.loc.gov/image-services/iiif/service:ndnp:lu:batch_lu_dust_ver01:data:sn88064481:00280762180:1865042701:0030,assassin,"…cess. ihut perseveringly and surely mounts to the goal of its ambition, deluded by no falsl promises of success, and de terred by no frowns of inauspicious tate."" this is true and noble. are we equal to the occasion the assassination of lincoln and seward by sme unknown persn is an event in this country. its ten dency at first will be to enrage the people of the north against the south, but this will subside in a short time, as all reasonable p…",,1
sn88077265,"the democratic press (eaton, preble county, ohio) 1860-1865",eaton,preble,ohio,weekly,lincoln-1865,1865-04-20,2,yes,1865-04-20,2,https://www.loc.gov/resource/sn88077265/1865-04-20/ed-1/?sp=2&q=lincoln+assassination,https://tile.loc.gov/image-services/iiif/service:ndnp:ohi:batch_ohi_arnarson_ver01:data:sn88077265:00280774819:1865042001:0894,assassin,"editor? h leottsln. i hjfitoii, ohio thursday,; april 2q 365,j f """"""."""".:..j 1 the assassination of president lincoln. a great and good man has falleu. the announcement of the death oi thopbesidbxt ot the united states, i wn imrwl nf nn ns-aiain. has produced a pause in the thoughts of the most heedless a roon…",,1
sn92065487,"journal and confederate (camden, s.c.) 1865-1865",camden,kershaw,south carolina,triweekly,lincoln-1865,1865-04-24,8,yes,1865-04-24,1,https://www.loc.gov/resource/sn92065487/1865-04-24/ed-1/?sp=1&q=lincoln+assassination,https://tile.loc.gov/image-services/iiif/service:ndnp:scu:batch_scu_albinoskunk_ver02:data:sn92065487:00295862336:1865042401:0011,assassin,"…e to record ami preserve' hut we have neither space nor time ivhilo the fanny incidents we tope to laugh n*cr on some happier day. in this dark hour )f our country's struggle w? cannot pen them. ,j? v. president lincoln assassinated. washington, april 12.?to major gcner*a i sherman president. lincoln was murdered about 10 o'clock last night in his private box i)_ a. 1 it.j_. ..m. in' <m ouveccin it rorn is lliuauc, iii una vi..?, r who>hot him…",,1
sn98060050,"vermont phœnix (brattleboro, vt.) 1834-1955",brattleboro,windham,vermont,weekly,lincoln-1865,1865-04-28,4,yes,1865-04-28,2,https://www.loc.gov/resource/sn98060050/1865-04-28/ed-1/?sp=2&q=lincoln+assassination,https://tile.loc.gov/image-services/iiif/service:ndnp:vtu:batch_vtu_danby_ver01:data:sn98060050:00280777365:1865042801:0452,assassin,"…nnd the woilel shall be blessed. 'so shall our mailer presi dent bo nobly avenged, and rest in peace, hav ing done an excellent work. the lesson. it !s too soon to understand fully the lesson of president lincoln's foul assassination. we can only see it in part. but the little that we do sec is deep with meaning. never till now have the people generally icalized tho enor mous wickedness of treason, and the depth nnd height nnd breadth of the da…",,1
sn87058042,"new oregon plaindealer (new oregon, iowa) 1859-1866",new oregon,howard,iowa,weekly,lincoln-1865,1865-04-28,2,yes,1865-04-28,2,https://www.loc.gov/resource/sn87058042/1865-04-28/ed-1/?sp=2&q=lincoln+assassination,https://tile.loc.gov/image-services/iiif/service:ndnp:iahi:batch_iahi_dragonite_ver01:data:sn87058042:00279529340:1865042801:1158,assassin,"…a place is ut terly useless. the news from washington in regard to the the condition of secretary sew ard-ahd his son, fred. w. shows them both to bs rapidly recovering from the injarim received in the attempt at their assassination four of those connect od with tho murder of mr. lincoln, ^and ihe attempt upon tho lifo of tho secretary of state are already caught ^d will hf tottgbt to gen. grant has gone to the front to assume coraman 1 in off…",,1
sn97063063,"east saginaw courier (east saginaw, mich.) 1859-18??",east saginaw,saginaw,michigan,weekly,lincoln-1865,1865-04-19,6,yes,1865-04-19,3,https://www.loc.gov/resource/sn97063063/1865-04-19/ed-1/?sp=3&q=lincoln+assassination,https://tile.loc.gov/image-services/iiif/service:ndnp:mimtptc:batch_mimtptc_flint_ver01:data:sn97063063:00296024314:1865041901:0302,murder. of president lincoln,"!)c douricr. wednesday. april 19, lri05. i m iiiii mm ii m m mn in m n mwn mm murder. of president lincoln. tho nation lins rwyivcil'n bhock far pvuter tlian tlofoat of its powerful ar ming. the wholu laud is plunged in woe, ah great n would hare resulted from tho sudden death of tho first lntru of every household. in tho mi…",,1
