lccn,paper,city,county,state,frequency,event,first_hit_date,candidates,verified,date,page,url,iiif,match,snippet,box_pct,pages_read
10021978,"the presbyterian of the south : [combining the] southwestern presbyterian, central presbyterian, southern presbyterian (atlanta, ga.) 1909-1931",atlanta,fulton,georgia,weekly,titanic-1912,1912-04-17,4,yes,1912-04-17,16,https://www.loc.gov/resource/10021978/1912-04-17/ed-1/?sp=16&q=titanic,https://tile.loc.gov/image-services/iiif/service:ndnp:vi:batch_vi_mcqueen_ver01:data:10021978:00271764704:1912041701:0441,titanic,"…s of the position. when the first resolution was pronounced carried the great union jack on the signal tower was unfurled and the barehealed crowd sang ""god save the king."" floating palaces. the new transatlantic liner, titanic, is now making her maiden trip from the british to the american coast. she has a speed of 23 knots, but her superiority will lie in the luxurious appointmci it1 of her first-class accommodation. a special feature will c…",,1
2010218519,"goodwin's weekly : a thinking paper for thinking people (salt lake city, utah) 1902-1929",salt lake city,salt lake,utah,weekly,titanic-1912,1912-04-20,4,yes,1912-04-20,1,https://www.loc.gov/resource/2010218519/1912-04-20/ed-1/?sp=1&q=titanic,https://tile.loc.gov/image-services/iiif/service:ndnp:uuml:batch_uuml_fignon_ver01:data:2010218519:00237285530:1912042001:0001,titanic,"…ot decreed that for this nation there ought to be what comes to this earth under one of those cataclysms called a geological period, which leaves tho earth destitute of animal life and ready to begin a new creation. the titanic catastrophe the horror of the mighty tragedy of the sea has oppressed the hearts of the people of two continents ever since, in a broken sen tence, the wireless outlined its awful possibili ties. that ono cry of the gre…",,1
2010270500,"dakota county herald (dakota city, neb.) 1891-1965",dakota city,dakota,nebraska,weekly,titanic-1912,1912-04-19,3,yes,1912-04-19,8,https://www.loc.gov/resource/2010270500/1912-04-19/ed-1/?sp=8&q=titanic,https://tile.loc.gov/image-services/iiif/service:ndnp:nbu:batch_nbu_gibson_ver01:data:2010270500:00211102640:1912041901:0469,titanic,"…times due to treacherous floe in the j path of the great white star liner prominent and wealthy men on board monetary loss on vessel and cargo will reach $20,-000,000. now york, april 17. this 16 what la known about the titanic disaster: she camo into collision with an ice berg, smashed in nor bows and sank in about four hours. there were three divfour steamers within 200 miles of hiritud they re sponded to hor wlrolkss calls for help. so far…",,1
2010270501,"the alliance herald (alliance, box butte county, neb.) 1902-1922",alliance,box butte,nebraska,semiweekly,titanic-1912,1912-04-18,4,yes,1912-04-18,1,https://www.loc.gov/resource/2010270501/1912-04-18/ed-1/?sp=1&q=titanic,https://tile.loc.gov/image-services/iiif/service:ndnp:nbu:batch_nbu_ford_ver02:data:2010270501:00237285153:1912041801:0626,titanic,"…housand lost wireless message received from the liner carpathia word has been received from thq carpathia thai 2,000 persons were lost and that only 706, mostly wo nun and childien, were saved from j the wreckage of the titanic.",,1
2012218612,"the news and herald (winnsboro, s.c.) 1901-1982",winnsboro,fairfield,south carolina,weekly,titanic-1912,1912-04-17,1,yes,1912-04-17,1,https://www.loc.gov/resource/2012218612/1912-04-17/ed-1/?sp=1&q=titanic,https://tile.loc.gov/image-services/iiif/service:ndnp:scu:batch_scu_ettabaker_ver02:data:2012218612:00237288221:1912041701:0304,titanic,"…. it is' taken internolly and made in toledo.' )hio, by f. j. cheney co. testimo aials free. sold by druggists. price, '75c. per bottle. take hall's family pills for consti mammouth steamship goes down with 1,100 souls. titanic, the largest ship of the age, collided with an iceberg )ff the newfoundland banks last sunday night and sank at about 2:20 a. m. monday, carrying about aleven hundred souls to death. 3he sank in 41.16 north; 50.14 west.…",,1
2010270509,"the frontier (o'neill city, holt county, neb.) 1880-1965",o'neill,holt,nebraska,weekly,titanic-1912,1912-04-25,2,yes,1912-04-25,6,https://www.loc.gov/resource/2010270509/1912-04-25/ed-1/?sp=6&q=titanic,https://tile.loc.gov/image-services/iiif/service:ndnp:nbu:batch_nbu_keithsbear_ver03:data:2010270509:00393345810:1912042501:0480,titanic,"…d and in sisted that she had no idea why she should be arrested. her only visitor since being arrested was her cousin. fremont—j. b. thayer, of boston, whose name appears in the lists of pas sengers aboard the ill-fated titanic, was president of the old standard cat tle company that at one time bought up thousands of acres of dodge county land around ames, neb., and raised cattle for a while, later building the leavitt sugar factory. the compa…",,1
2017218621,"zgoda : wydanie dla mężczyzn (chicago, ill.) 1902-1913",chicago,cook,illinois,,titanic-1912,1912-04-25,1,yes,1912-04-25,4,https://www.loc.gov/resource/2017218621/1912-04-25/ed-1/?sp=4&q=titanic,https://tile.loc.gov/image-services/iiif/service:ndnp:iune:batch_iune_kalmia_ver01:data:2017218621:00279553688:1912042501:0346,titanic,"…re ciągną takie zyski z przewozu osób i to warów. gdyby w obecnym wypadku był jaki okręt w odległości 50 mil od zagrożonego parowca, mógł by przybyć na zawołanie w ciągu półtory godziny i zabrać wszy •»tkich podróżnych. titanic trzy mał się na wodzie przez cztery godziny, lecz najbliższy parowiec carpathia. przybył już za późno. l»o był zadaleko. /resztą był to tylko przypadek, że carpathia przybył wogóle dość wcześnie, aby uratować 800 ludzi.…",,1
2017270207,"will maupin's weekly (lincoln, neb.) 1911-1912",lincoln,lancaster,nebraska,weekly,titanic-1912,1912-04-19,6,yes,1912-04-19,1,https://www.loc.gov/resource/2017270207/1912-04-19/ed-1/?sp=1&q=titanic,https://tile.loc.gov/image-services/iiif/service:ndnp:nbu:batch_nbu_irisvirginica_ver01:data:2017270207:00280778588:1912041901:0108,titanic,"1 hutoriml ity j 1 t volume 9 men and the awful marine disaster in which the titanic went down, carrying with her more than twelve hundred human beings, easily ranks first among the ocean disasters of modern times. it emphasizes again the fundamental fact that puny man has not yet mastered the elements…",,1
2017270201,"die bloomfield germania (bloomfield, nebraska) 1???-1914",bloomfield,knox,nebraska,weekly,titanic-1912,1912-04-18,3,yes,1912-04-18,1,https://www.loc.gov/resource/2017270201/1912-04-18/ed-1/?sp=1&q=titanic,https://tile.loc.gov/image-services/iiif/service:ndnp:nbu:batch_nbu_jeffersonii_ver02:data:2017270201:00279527343:1912041801:0632,titanic,"…ann-i lu» kaum-j 1 t« 1 1500 heisa-ten eklntstltns. ,,tltauie« untergegangcm der tantpfcr sank n stunan nnd 55 minuten nnch der flollission mit ntcincnt eisbckg. sonntag abend nm 10 uhr 25 min. kollidiertc der tatnpfer »titanic« non der while stat·:!’nlie snit einein eis berg ungefähr 500 meilen von halifar :nnd 1000 meilen von new york anf lder fahrt von sonthampton nach new wort nnd sank am montag früh um galt-, also it stunden nnd 55 minute…",,1
2018270203,"the loup city northwestern (loup city, neb.) 189?-1917",loup city,sherman,nebraska,weekly,titanic-1912,1912-04-18,6,yes,1912-04-18,2,https://www.loc.gov/resource/2018270203/1912-04-18/ed-1/?sp=2&q=titanic,https://tile.loc.gov/image-services/iiif/service:ndnp:nbu:batch_nbu_ancientbison_ver01:data:2018270203:00279527422:1912041801:0884,titanic,…te returns from every district gave i the former president sixtv-five of the stage's seventy-six delegates in the re i publican convention. strikes an iceberg. cape race. x. f.—at 10:25 o'clock sunday night the steamhip titanic l called “c. q. d.” and reported having j struck an iceberg. the steamer said that immediate assistance w-as re quired. half an hour afterwards an other message came reporting that the vessel was sinking and that wo men…,,1
2019270502,"nebraska staats-anzeiger und herold (grand island, nebraska) 1901-1918",grand island,hall,nebraska,weekly,titanic-1912,1912-04-19,3,yes,1912-04-19,1,https://www.loc.gov/resource/2019270502/1912-04-19/ed-1/?sp=1&q=titanic,https://tile.loc.gov/image-services/iiif/service:ndnp:nbu:batch_nbu_crownedcrane_ver02:data:2019270502:00279527252:1912041901:0500,titanic,"nr th h ria naher 2000 vom wieer verschlungen der bzhite star damvfcr ,,titanic«, das grüßte zchisi der asle liegt auf dem pistreobvdcm gaum-ohnm vfer «cawatbia« bringt ctwo 725 gcrcttcn nach new york.-—(ssnil brandt-is von omaba soll unter den ektktmkrncn seit-. etwa its-l 000,000 verlust. i eine…",,1
2023271001,"the gordon journal (gordon, sheridan county, neb.) 1891-1917",gordon,sheridan,nebraska,weekly,titanic-1912,1912-04-26,4,yes,1912-04-26,1,https://www.loc.gov/resource/2023271001/1912-04-26/ed-1/?sp=1&q=titanic,https://tile.loc.gov/image-services/iiif/service:ndnp:nbu:batch_nbu_junco_ver02:data:2023271001:00542866147:1912042601:0691,titanic,"…rubbish by the bridge on drd st village marshal. the inside see the inside of the .journal this week for the results of the primary elec tion and a full and graphic account of the great sea disaster, the sinking of the titanic. notice parties owing me pi. call at cor don state hunk and settle eilher by cash or note at once as 1 will be in l lor don only a few days longer millard leller. ‘j7 jt mrs. chas. potts is improving in health. gus lowe…",,1
ca06001655,"the indian leader (lawrence, kan.) 1897-????",lawrence,douglas,kansas,biweekly,titanic-1912,1912-04-26,2,yes,1912-04-26,4,https://www.loc.gov/resource/ca06001655/1912-04-26/ed-1/?sp=4&q=titanic,https://tile.loc.gov/image-services/iiif/service:ndnp:dlc:batch_dlc_antelope_ver01:data:ca06001655:00543171657:1912042601:1393,titanic,"…is item about former haskell pupils: “anderson and eli skenan dore are putting up a barn for fred manders. )9 major archibald butt, who went to his death so bravely after assist ing women and children to escape from the titanic, visited haskell last fall with president taft. mr. peter shields, one of our old time pupils, is now disciplinarian in the oglala boarding-school, pine ridge, south dakota. he sends best wishes to all at haskell who re…",,1
sn00062053,"katalikas (chicago, ill.) 1899-19??",chicago,cook,illinois,weekly,titanic-1912,1912-04-18,6,yes,1912-04-18,1,https://www.loc.gov/resource/sn00062053/1912-04-18/ed-1/?sp=1&q=titanic,https://tile.loc.gov/image-services/iiif/service:ndnp:iune:batch_iune_cinnabar_ver01:data:sn00062053:00332897500:1912041801:0576,titanic,"…jūreiviai su lai vu nugrimzdo į gelmes. kiek patirta, išgelbėta 866 asme nis, o nuskendo 1.335. tuo laivu amerikon keliavo daug milijonierių ir šiaip jau žymių asmenų ir jie vi si rado sau mirtį šaltose okeano vilnyse. “titanic” 882 pėdas ir 6 col. ilgas ir 92 pėdas 6 col. platus, galėjęs su savimi pa imti 3.000 keliauninkų, pris kaitant 860 jūreivių ir tar nų. kompanijai atsiėjęs $8.000.000. bet irgi buvo puikiausias ir didžiausias laivas svi…",,1
sn00065154,"the herald-advance (milbank, s.d.) 1890-1922",milbank,grant,south dakota,weekly,titanic-1912,1912-04-19,5,yes,1912-04-19,1,https://www.loc.gov/resource/sn00065154/1912-04-19/ed-1/?sp=1&q=titanic,https://tile.loc.gov/image-services/iiif/service:ndnp:sdhi:batch_sdhi_dominica_ver01:data:sn00065154:00279523441:1912041901:0886,titanic,"…aturday april 20 th. mrs. f. j. bishop. ortonville, minn. church services. morning service at usual hour ill methodist church, april 21st, evening service at 8 p. m., theme for discussion: ""lessons from the wreck of the titanic."" spe cial music and eveiybody invited. dollar wheat. as will be noticed by the mar kets the dollar mark has been reached in local wheat market, and with the million dollar rain which grant county has just re ceived, th…",,1
46032385,"the commoner (lincoln, neb.) 1901-1923",lincoln,lancaster,nebraska,monthly,titanic-1912,1912-04-19,4,yes,1912-04-19,16,https://www.loc.gov/resource/46032385/1912-04-19/ed-1/?sp=16&q=titanic,https://tile.loc.gov/image-services/iiif/service:ndnp:nbu:batch_nbu_carson_ver02:data:46032385:00237284914:1912041901:1171,titanic,"…ht marine disaster more than 1,500 persons, possibly 1,800, it is feared, sank to death early monday morning, april icth, whon, within four hours uftor sho crashed into an iceberg, tho mam moth whi to star lino steamer, titanic, bound from liverpool to now york on hor maiden voyage, wont to tho bottom off tho newfound land banks. of tho approximately 2,200 persoiib on board tho giant liner, somo of them of tho world wido prominence, only c75 a…",,1
sn2001063133,"turner county herald (hurley, dakota [s.d.]) 1883-19??",hurley,turner,south dakota,weekly,titanic-1912,1912-04-18,6,yes,1912-04-18,4,https://www.loc.gov/resource/sn2001063133/1912-04-18/ed-1/?sp=4&q=titanic,https://tile.loc.gov/image-services/iiif/service:ndnp:sdhi:batch_sdhi_eagle_ver01:data:sn2001063133:0041562332A:1912041801:0351,titanic,"…d billiard hulls was upheld in sioux falls by a decisive vote. hurley ought not to lag behind sioux falls in mat-tors of moral:? what is the matter with a minor law for hui-ley'r the terrible disaster to the st ^unship ""titanic'' has ap palled the civilized world. ocean travel was supposed to be safer than staying at home and i he ac cident shows that there must still be some serious faults in modern ship construction. the prominence of many o…",,1
sn00063676,"st. johns review (saint johns, or.) 1904-current",portland,multnomah,oregon,biweekly,titanic-1912,1912-04-19,1,yes,1912-04-19,3,https://www.loc.gov/resource/sn00063676/1912-04-19/ed-1/?sp=3&q=titanic,https://tile.loc.gov/image-services/iiif/service:ndnp:oru:batch_oru_keithanderson_ver01:data:sn00063676:00200298470:1912041901:0494,titanic,"…t. ice cream and cake will also be served. for rent. store room. best lo cation iu st. johns. right where the car stops. for particulars see i'. a. rice at tlie city mall. 22u the sinklnir of the inniinlficeiit steamer, titanic, with nearly 1500 on board, is the most appalling dis aster ever recorded. it is so awful that it is hard to realize. iu honor of i.afollette's visit to portland, and because the city dads were anxious to hear him speak…",,1
sn2001063549,"saturday news (watertown, s.d.) 19??-19??",watertown,codington,south dakota,weekly,titanic-1912,1912-04-18,5,yes,1912-04-18,1,https://www.loc.gov/resource/sn2001063549/1912-04-18/ed-1/?sp=1&q=titanic,https://tile.loc.gov/image-services/iiif/service:ndnp:sdhi:batch_sdhi_lightning_ver01:data:sn2001063549:00415625029:1912041801:0925,titanic,"…iml the saturday new* 3l»«. a larger paid cir culation than all the other weekly papers in the city combined. 4 jj** \p,? vol. 10 no 44 horrible. disaster hundreds of passengers perish in sinking of big new ocean liner ""titanic."" women and ctuldren saved male paslengets and members of crew of doomed vessel ail w.$nt to bottom. cape race. april 17.—tjriparaleled in the history of the sea'were the scenes on board the titanic as she sank at. 3 o'…",,1
sn2008060406,"the american issue (westerville, ohio) 1912-19??",westerville,delaware,ohio,monthly,titanic-1912,1912-04-26,2,yes,1912-04-26,4,https://www.loc.gov/resource/sn2008060406/1912-04-26/ed-1/?sp=4&q=titanic,https://tile.loc.gov/image-services/iiif/service:ndnp:iune:batch_iune_cinnabar_ver01:data:sn2008060406:00332898097:1912042601:0792,titanic,"…etards intellectual development, and what the wage workers need in order to make their contest for better conditions successful is the highest possible development of their intelligence.” sees daily disasters worse than titanic's disasters greater than that to the titanic are occurring all around daily, according to dr. l. harrison mettler, who spoke at a meeting of the west side branch of the chicago medical society at the hotel la salle yest…",,1
sn78000395,"the labor world (duluth, minn.) 1896-current",duluth,saint louis,minnesota,biweekly,titanic-1912,1912-04-20,3,yes,1912-04-20,4,https://www.loc.gov/resource/sn78000395/1912-04-20/ed-1/?sp=4&q=titanic,https://tile.loc.gov/image-services/iiif/service:ndnp:mnhi:batch_mnhi_jaguar_ver01:data:sn78000395:00212479524:1912042001:0104,titanic,"…have been admin­ istered to labor for generations, and these kind of opiates will no longer be effective.* labor warits industrial liberty and not promises, and labor will accept nothing less. whole world in sorrow over titanic calamity the roosevelt does well when he dwedls on the right of the people to rule, but on certain economic questions he still fails to ring true. thus in a recent address hesaid: ""the tariff ought to be a material issu…",,1
sn78000873,"the republican journal (belfast, me.) 1829-current",belfast,waldo,maine,weekly,titanic-1912,1912-04-18,5,yes,1912-04-18,1,https://www.loc.gov/resource/sn78000873/1912-04-18/ed-1/?sp=1&q=titanic,https://tile.loc.gov/image-services/iiif/service:ndnp:me:batch_me_damariscotta_ver02:data:sn78000873:00279524950:1912041801:0127,titanic,"…y decorated the graves of their six i departed members and also the grave of mr. j john cochran, a member of the boston tea j 1 b arty, on which the order was founded. an appalling sea disaster. the big white star liner titanic goes to the bottom after collision with an ice berg. loss of over 1,200 lives. every other sea disaster the world has known paled into insignificance when, just be fore 8 o’clock last monday night, word was re i ceived…",,1
sn79007943,"głos polek (chicago, ill.;pittsburgh, pa.;park ridge, ill.) 1902-current",park ridge,cook,illinois,monthly,titanic-1912,1912-04-25,1,yes,1912-04-25,8,https://www.loc.gov/resource/sn79007943/1912-04-25/ed-1/?sp=8&q=titanic,https://tile.loc.gov/image-services/iiif/service:ndnp:iune:batch_iune_gladiolus_ver02:data:sn79007943:00279528165:1912042501:0238,titanic,"…ni przebyć przestrzeń od londynu do new yorku... ży cie ludzkie co tam z tern się żądni posiadacze tak mało liczą świat cały wstrząśnięty jest, w waszyngtonie zadecydowano do chodzenie surowe, resztę rozbit ków z okrętu titanic zabrał i przywiózł do n. yorku ""carpa thia"", spotkany przez milczące i płaczące tłumy ludzi. na dno po szli słynni miljonerzy, niektóre kobiety bohaterskie nie dały się od mężów swych oderwać i po dzieliły straszne ich…",,1
sn2001063112,"the mitchell capital (mitchell, dakota [s.d.]) 1879-1918",mitchell,davison,south dakota,weekly,titanic-1912,1912-04-18,7,yes,1912-04-18,1,https://www.loc.gov/resource/sn2001063112/1912-04-18/ed-1/?sp=1&q=titanic,https://tile.loc.gov/image-services/iiif/service:ndnp:sdhi:batch_sdhi_hawk_ver01:data:sn2001063112:00415624736:1912041801:0100,titanic,"…rendered to them by the men. d\(u kss will take action to bkcubbk.sck of disaster.. washington, i). c.—congressional action to assure adequate life .saving facilities on ocean liners may be expected as it result of the titanic disaster, according to chairman auwaniler of t-lie house mercliaut, marine and fisheries commit tee. house representatives today unanimously adopted a resolution of sympathy lor relatives of tile victims of tlie disaste…",,1
sn82004649,"baptist courier (greenville, s.c.) 1877-2013",greenville,greenville,south carolina,weekly,titanic-1912,1912-04-25,1,yes,1912-04-25,4,https://www.loc.gov/resource/sn82004649/1912-04-25/ed-1/?sp=4&q=titanic,https://tile.loc.gov/image-services/iiif/service:ndnp:scu:batch_scu_icaco_ver02:data:sn82004649:00517016330:1912042501:0271,titanic,"…positive side of salvation which completed the message of the sermon on the mount came in the gospel of the apostle to the gentiles. the unspeakable disaster. the world has been appalled by the disaster which befell the titanic off the coast of new foundland on sunday night, april 14. no other sea calamity of modern times has made such an impression on the imaginations of men or has spread such universal awe. the ship belonged to the white sta…",,1
sn82006687,"saint mary's beacon (leonard town, md.) 1867-1983",leonardtown,saint mary's,maryland,other,titanic-1912,1912-04-18,2,yes,1912-04-18,3,https://www.loc.gov/resource/sn82006687/1912-04-18/ed-1/?sp=3&q=titanic,https://tile.loc.gov/image-services/iiif/service:ndnp:mdu:batch_mdu_fitzgerald_ver01:data:sn82006687:0041562363A:1912041801:0413,titanic,"…any’s machinery—a firm not in the trust— ai d keep on hand rep ir-i for their machine farmers who have used thair irnph meats spedt in high s tt-nas of them give guy brothers a call. the sinking of the great ocean liner titanic monday morning la=>t, by collision with an iceberg was probaly the greatest maritime cat astrophe in history. ov r fifteen hundred lives are reported lost. the value of the ship, 110,000.000; jewels of passengers, #5,00…",,1
sn82007642,"watauga democrat (boone, watauga county, n.c.) 1888-current",boone,watauga,north carolina,three times a week,titanic-1912,1912-04-18,2,yes,1912-04-18,2,https://www.loc.gov/resource/sn82007642/1912-04-18/ed-1/?sp=2&q=titanic,https://tile.loc.gov/image-services/iiif/service:ndnp:ncu:batch_ncu_alligator_ver01:data:sn82007642:00202197929:1912041801:0726,titanic,"ft c. rivers, proprietor. thursday, april 18. 1912. the white star liner titanic, the largest vessel n float left bout ham p ton april 10th, on her maiden voyage, bouud for new 1 york and struck an iceberg off cape race near midnight on the 34th, and in great distress the wireless operator threw out…",,1
sn82014086,"norwich bulletin (norwich, conn.) 1895-2011",norwich,new london,connecticut,daily,titanic-1912,1912-04-15,78,yes,1912-04-15,1,https://www.loc.gov/resource/sn82014086/1912-04-15/ed-1/?sp=1&q=titanic,https://tile.loc.gov/image-services/iiif/service:ndnp:ct:batch_ct_danbury_ver01:data:sn82014086:00295866585:1912041501:0413,titanic,…oimrg. tui hour later tho steamship virginian reported word from the 'liuuiie. tnaa tne ti tanic was sinking and was putuug the wonrn otf in the boat. jit 12. 'i. tho htst signuls were received by lu virginian iroin the titanic. tht last signals ntu biurre. the news wae received at the al an line unices here in a wirci. hr mm from the uiptain ut tiie steamer u giuuwi t that line. it was binm uut the yfrginmu had been in wirel communication wit…,,1
sn82014189,"the daily alaskan (skagway, alaska) 1904-1924",skagway,,alaska,triweekly,titanic-1912,1912-04-16,10,yes,1912-04-16,1,https://www.loc.gov/resource/sn82014189/1912-04-16/ed-1/?sp=1&q=titanic,https://tile.loc.gov/image-services/iiif/service:ndnp:ak:batch_ak_caribou_ver01:data:sn82014189:00279526247:1912041601:0059,titanic,"…raids silk fringe a llover laces, etc. the newest styles in 53 coats for spring summer now on display h. j. lynch'. a the uj?-te-date haberdasher and lac'les furnlahw. 1,500 lues lost hi sei gigantic v\ hite star liner ""titanic"" strikes ice berg and sinks? six hundred and twenty persons are all that are saved i j halifax, x. s.. april 16? (delay <""d i a wireless re' ei ved from white staliners monday night stale that ute bis passenger liner ti…",,1
sn82014248,"daily kennebec journal (augusta, me.) 1870-1975 [microfilm reel]",augusta,,maine,daily,titanic-1912,1912-04-15,69,yes,1912-04-15,3,https://www.loc.gov/resource/sn82014248/1912-04-15/ed-1/?sp=3&q=titanic,https://tile.loc.gov/image-services/iiif/service:ndnp:me:batch_me_debsconeag_ver01:data:sn82014248:00513682700:1912041501:1124,titanic,"…an people, you ate instructed' by your government informally to say that you must continue to exercise your junctions and to make represen tations whenever occasion demands. (signed) ""hrxtixgtfix \v 11.sox."" the steamer titanic rams an iceberg. montreal, april 14 the* white star lin» r titanic is reported in advice received hero, late tonight, to have struck an iceberg. the news was received at the allan line offices in a wireless message from…",,1
sn82014546,"the jeffersonian (atlanta, ga.) 1907-1917",thomson,mcduffie,georgia,weekly,titanic-1912,1912-04-25,3,yes,1912-04-25,9,https://www.loc.gov/resource/sn82014546/1912-04-25/ed-1/?sp=9&q=titanic,https://tile.loc.gov/image-services/iiif/service:ndnp:gu:batch_gu_fornax_ver01:data:sn82014546:00393344611:1912042501:1085,titanic,"…and most thoroughly repudi ated president we have hal since the days of hayes and buchanan. editorial notes by j. b. watson 't'he whole world reads with horror the minute, details of the sinking of the mon ster vessel, titanic, as related by rescued mem bers of her crew and passengers. the snuffing out of more than 1,600 humai> lives in one accident makes the world stand aghast at the horror. and to think that tlie disaster is one that could…",,1
sn82014689,"the maui news (wailuku, maui, h.i.) 1900-current",wailuku,maui,hawaii,daily,titanic-1912,1912-04-20,5,yes,1912-04-20,1,https://www.loc.gov/resource/sn82014689/1912-04-20/ed-1/?sp=1&q=titanic,https://tile.loc.gov/image-services/iiif/service:ndnp:hihouml:batch_hihouml_flame_ver01:data:sn82014689:00237289900:1912042001:0804,titanic,"…ial to the maui nijws.) new york, april 19. the carpathia arrived hero this morn ing amid the m&st intense excite ment'. graphic details are given of thu terrible experience through which the passengers of the ill-fated titanic passed during the four hours after she struck the iceberg before going to the bottom. the frantic efforts of the wireless operator to bring assistance, then tho assurance flashed from a half a dozen ocean greyhounds, th…",,1
sn82014726,"washington journal (washington, d.c.) 1888-2002",washington,,district of columbia,weekly,titanic-1912,1912-04-20,6,yes,1912-04-20,1,https://www.loc.gov/resource/sn82014726/1912-04-20/ed-1/?sp=1&q=titanic,https://tile.loc.gov/image-services/iiif/service:ndnp:dlc:batch_dlc_charitee_ver01:data:sn82014726:00517173101:1912042001:0657,titanic,"…72 ri 5 2 m 2 7— m4— 2a 0 l sh 9 7 e —i-ji- 2 4 7— 2— 8 2 2 7 7 7 3 2— a 2 2 8 22— .4 2 m chas. t. schwegler, herausgeber. 54. jahrgang. no. 16. schauerliches dampfer-unglüek auf hoher see. der white star line dampser „titanic“ von einem eisberg in den grund gebohrt von den an bord befindlichen 2340 personen fanden nahezu 1600 den tod. die ueberlebenden in schrecklichem zustande in new gort gelandet. m ã —2 s k 5 2 e 7 i ——7 7 77 e 7 7 7/ —l—…",,1
sn82015387,"st. tammany farmer (covington, la.) 1874-current",covington,saint tammany,louisiana,weekly,titanic-1912,1912-04-20,3,yes,1912-04-20,1,https://www.loc.gov/resource/sn82015387/1912-04-20/ed-1/?sp=1&q=titanic,https://tile.loc.gov/image-services/iiif/service:ndnp:lu:batch_lu_israilov_ver01:data:sn82015387:00202190340:1912042001:0088,titanic,"…man on the street. 'this 1 paper hai the sale right to publish a-. hela here; they will be found in our iure of today. let them have t a chanee to stir your wnterest, -aa sti i trv yew 'oisy kow knowi 13oogodoiw, sinthetitanic immense vessel sinks on its maiden trip at sea. crashes at high speed into huge floating iceberg. many prominent people on the list of passengers. probably not over seven hundred rescued. ramming an iceberg, the titanic…",,1
sn82015415,the hawaiian star (honolulu [oahu]) 1893-1912,honolulu,honolulu,hawaii,daily,titanic-1912,1912-04-15,49,yes,1912-04-15,1,https://www.loc.gov/resource/sn82015415/1912-04-15/ed-1/?sp=1&q=titanic,https://tile.loc.gov/image-services/iiif/service:ndnp:hihouml:batch_hihouml_ecru_ver01:data:sn82015415:00237289997:1912041501:0162,titanic,"…cwt., $95.80 por ton. tj-h-. 2365 st.r bm.no,. of.c. the largest daily paper in the territory second edition. vol. xx twelve pages, j honolulu. hawaii. ""monday, april 15, twelve pages. no 6253. taft me em passengers of titanic m'gandles dominate the domocratlc territorial conven tion was called to order in knights of pythias hall ut 10 o'clock this morning by mayor fern, chalrmau of tho territorial contrar committee. the hall was jammed with…",,1
sn82015485,"western kansas world (wakeeney, kan.) 1885-current",wakeeney,trego,kansas,weekly,titanic-1912,1912-04-20,1,yes,1912-04-20,1,https://www.loc.gov/resource/sn82015485/1912-04-20/ed-1/?sp=1&q=titanic,https://tile.loc.gov/image-services/iiif/service:ndnp:khi:batch_khi_kauffman_ver01:data:sn82015485:00416150515:1912042001:0300,titanic,"…lating plants made their reports, ""and pro ved a very great benefit to the board. these committees received only their actuaf expenses that they paid out in cash and was not allowed one cent for their time. wreck of the titanic the whole civilized world was shocked last monday when news was received of the great disaster which had befallen the titanic, the largest ship ever afloat and the consequent loss of life. the wreck of this great ship h…",,1
sn2001063175,"sisseton posten (effington, sud dakota [s.d.]) 1902-19??",effington,roberts,south dakota,weekly,titanic-1912,1912-04-18,1,yes,1912-04-18,1,https://www.loc.gov/resource/sn2001063175/1912-04-18/ed-1/?sp=1&q=titanic,https://tile.loc.gov/image-services/iiif/service:ndnp:sdhi:batch_sdhi_elderberry_ver02:data:sn2001063175:00332899776:1912041801:0339,titanic,"…a4 iauocnfor ot flore hkiv aunblaiids kanler 04 «»«m» mil lydott ior hali far. aarft tr» limer tenere ittdfandi tamsflibei ..oarpaibia"" «4 v""a llebei. te 8«» i» porioner. som vides et vcrre i vive, blev tat omborb paa ..titanics"" ten ..lraablaf,"" melder. at inlet var fynli4. ba ..carpathia"" tmn til lte> det for ulvtten. überi rgaaffnlter 04 be overfnlbte aednina^baabe. ..2ita»ic""s sammenstab meb isen er ben starfie ulntte lilfja». som hifto. r…",,1
sn82016014,"the topeka state journal (topeka, kansas) 1892-1980",topeka,shawnee,kansas,daily,titanic-1912,1912-04-15,89,yes,1912-04-15,1,https://www.loc.gov/resource/sn82016014/1912-04-15/ed-1/?sp=1&q=titanic,https://tile.loc.gov/image-services/iiif/service:ndnp:khi:batch_khi_dalton_ver01:data:sn82016014:0029587062A:1912041501:0598,titanic,"…eeds it read it last edition. monday evening. topeka, kansas, april 15, 1912 monday evening. by iwrwmlxry at two cents in tmzm and ivatui five cents v 'it, 1? f if 'i' s i 1 ''j i if j v 4 i i i if 1 hits an iceberg the titanic, the largest boat in the world, badly damaged in a collision in 31 id-ocean. all passengers are safe they are taken on board the carpathia, a cunarder. lvay toward halifax. wireless dispatches up to noon today showed th…",,1
sn82002441,"grand rapids herald-review (grand rapids, itasca county, minn) 1896-current",grand rapids,itasca,minnesota,semiweekly,titanic-1912,1912-04-24,3,yes,1912-04-24,1,https://www.loc.gov/resource/sn82002441/1912-04-24/ed-1/?sp=1&q=titanic,https://tile.loc.gov/image-services/iiif/service:ndnp:mnhi:batch_mnhi_caesar_ver01:data:sn82002441:00517011939:1912042401:0173,titanic,"…. the farmers are nowgetting from 85 cents to $1.25 for them. “there is considerable agitation for a potato warehouse and creamery, and both will undoubtedly be erected this fall.’’ —the virginian. will show pictures of titanic loss manager comer of the gem theatre is in communication with the motion picture firm for films of the “titanic’’ disaster as scon as they are released. while, cf course, there are no views of the actual shipwreck, pic…",,1
sn82015761,"the williams news (williams, ariz.) 1891-1989",williams,coconino,arizona,weekly,titanic-1912,1912-04-20,1,yes,1912-04-20,1,https://www.loc.gov/resource/sn82015761/1912-04-20/ed-1/?sp=1&q=titanic,https://tile.loc.gov/image-services/iiif/service:ndnp:az:batch_az_cholla_ver01:data:sn82015761:00202196202:1912042001:0423,titanic,"…dered very liberal and over fifty declared their inten tion of going and decided to leave herp on no. 1 yesterday. the ma jority of the party will return pun day evening. worst catastrophe ofmodern times the loss of the titanic wherein overdooo lives were lost, will likely prove to be the greatest marine dis aster of all time. it is not at all unlikely that it will develop later that the great ship might have ieen saved had not the captain lee…",,1
sn82016211,the freeman (indianapolis [ind.]) 1884-1927,indianapolis,marion,indiana,weekly,titanic-1912,1912-04-27,2,yes,1912-04-27,4,https://www.loc.gov/resource/sn82016211/1912-04-27/ed-1/?sp=4&q=titanic,https://tile.loc.gov/image-services/iiif/service:ndnp:dlc:batch_dlc_bouie_ver01:data:sn82016211:00211663716:1912042701:0524,titanic,"…ications, his prospects at home —right among civilization with all of its allurements. our loss will be africa’s gain. the sea gives up its dead. many bodies have been picked up that were floating in the vicinity of the titanic when it went down. some of these have been identified, others are not known. the unknown will appear with the list of missing when the great balance of the quick and the dead is struck at the final day. william clarence…",,1
sn82016413,"evening bulletin (honolulu [oahu, hawaii]) 1895-1912",honolulu,honolulu,hawaii,daily,titanic-1912,1912-04-15,38,yes,1912-04-15,1,https://www.loc.gov/resource/sn82016413/1912-04-15/ed-1/?sp=1&q=titanic,https://tile.loc.gov/image-services/iiif/service:ndnp:hihouml:batch_hihouml_king_ver02:data:sn82016413:00237284227:1912041501:0178,titanic,"…es. honolulu, territory of hawaii, monday, april 15 1912. 16 pages. price 5 cents. i iiiiiiii-iirwrmimmrattnotwmwwwitiritmm m-mmmgmmmssttaaasssaiassssaaaaaaaaaaaaaaaaaaaaaa'salbs .ft l 7 tti cinched col sam parker's all titanic passengers savedifirst test vote is liner gashed 'but all are rescued (pprrlhl ii ii lint iii cubic montrcal, april 15. manager mitchell of the white star line denies the sinking of the titanic. he reports that the dama…",,1
sn83004262,"pocahontas times (huntersville, w. va.) 1883-current",marlinton,pocahontas,west virginia,weekly,titanic-1912,1912-04-18,2,yes,1912-04-18,3,https://www.loc.gov/resource/sn83004262/1912-04-18/ed-1/?sp=3&q=titanic,https://tile.loc.gov/image-services/iiif/service:ndnp:wvu:batch_wvu_irving_ver02:data:sn83004262:00542867954:1912041801:0248,titanic,"…endent. let our rank be your rank '’|v%, bank of marlinton capital ami surplus §r«.‘i,()l)0.()tl 1.400 persons perish ocean liner strikes ice berg ope newfound land banks most awful maritime catastro phe in hivtory. the titanic on her maiden trip carries two thirds of her human freight to death. sunday night the titanic, the r ewest and largest and finest ship plying between new york and liverpool struck an iceberg off the coast, of newfoundla…",,1
sn83004226,"the big sandy news (louisa, ky.) 1885-1929",louisa,lawrence,kentucky,weekly,titanic-1912,1912-04-17,5,yes,1912-04-17,1,https://www.loc.gov/resource/sn83004226/1912-04-17/ed-1/?sp=1&q=titanic,https://tile.loc.gov/image-services/iiif/service:ndnp:kyu:batch_kyu_flamingo_ver01:data:sn83004226:00295875756:1912041701:0256,titanic,"…n board. in all the ntinnly of the sua., with l. dreadful record of shlowreck. dlsaster and death, none approximates id magnitude and hujror the dark record made on monday morning last, when the rightly named steam ship titanic wont luto a grave 'two miles deep, carrying with her more than 1.300 human beings. the ill fated steamer sailed from liverpool on wednesday, april 10th, and whs scheduled to arrive in new york on lust tuesday. hut she a…",,1
sn83009653,"oxford democrat (paris, me.) 1833-1933",paris,oxford,maine,weekly,titanic-1912,1912-04-23,1,yes,1912-04-23,2,https://www.loc.gov/resource/sn83009653/1912-04-23/ed-1/?sp=2&q=titanic,https://tile.loc.gov/image-services/iiif/service:ndnp:me:batch_me_baxter_ver01:data:sn83009653:00279524202:1912042301:0490,titanic,"…'s eyesight. here and there. the drat thing that impreasea the an-1 informed landsman, io connection with that disaster which haa «ο nearly mo nopolized the attention of the world for the paat week, ia the fact that the titanic carried ao few boata. a total boat capacity of about 960 with about 2300 on board left the larger part of the people to die literally like rata in a trap. back in the country people at first queried why it was not possi…",,1
sn83016348,"the cecil whig (elkton, md.) 1841-current",elkton,cecil,maryland,daily,titanic-1912,1912-04-20,2,yes,1912-04-20,1,https://www.loc.gov/resource/sn83016348/1912-04-20/ed-1/?sp=1&q=titanic,https://tile.loc.gov/image-services/iiif/service:ndnp:mdu:batch_mdu_glass_ver02:data:sn83016348:0041562542A:1912042001:0123,titanic,"…ake in the hum building on saturday afternoon, april 27. bread, cakes, plea, candy and other good things lor sals. john f. maguire, a cousin ot john f. maguire, a farmer of the seventh district. it is stated, was on the titanic, the great white star liner, which struck an iceberg off tbe banks of newfound land, on sunday night, and sank tour hours later with more than 1300 of her passengers and crew. he is not meni honed among the 784 survivor…",,1
sn83016209,"montgomery county sentinel (rockville, md.) 1855-1974",rockville,montgomery,maryland,weekly,titanic-1912,1912-04-19,1,yes,1912-04-19,2,https://www.loc.gov/resource/sn83016209/1912-04-19/ed-1/?sp=2&q=titanic,https://tile.loc.gov/image-services/iiif/service:ndnp:mdu:batch_mdu_fireweed_ver01:data:sn83016209:00332899053:1912041901:0488,titanic,"the sentinel. rockville, md friday morning: april 19, 1912. watriiy graves for more than thirteen hun dred persons. in the darkness of the night and in water two miles deep the titanic, newest of the white star fleet and greatest of all ocean steamships, sank to the bottom of the sea at 2:20 o'clock last monday morning. the titanic had been in collision with an iceburg not long after 10 o’clock sunday…",,1
sn83016589,"the mankato free press (mankato, blue earth county, minn.) 1879-1924",mankato,blue earth,minnesota,weekly,titanic-1912,1912-04-19,13,yes,1912-04-19,1,https://www.loc.gov/resource/sn83016589/1912-04-19/ed-1/?sp=1&q=titanic,https://tile.loc.gov/image-services/iiif/service:ndnp:mnhi:batch_mnhi_luge_ver01:data:sn83016589:00513689457:1912041901:0001,titanic,"…well. 4* by ambrose is meant am- 4- •j* brose channel entrance of 4* new york harbor. 4- 4 4 4' 4 new york. april 17. —nothing that fame through the air from the sea mitigated in any degree the puy and the horror of the titanic tragedy, ex cept as individual distress was abated by the gradual addition of names to the ll»t of the known survivors. there ate no known survivors that ate nut on the carpathia. the virginian was too late an 4 no othe…",,1
sn83016689,"the detroit times (detroit, mich.) 1903-1920",detroit,wayne,michigan,daily,titanic-1912,1912-04-15,65,yes,1912-04-15,1,https://www.loc.gov/resource/sn83016689/1912-04-15/ed-1/?sp=1&q=titanic,https://tile.loc.gov/image-services/iiif/service:ndnp:mimtptc:batch_mimtptc_hemlock_ver01:data:sn83016689:00279551886:1912041501:0737,titanic,"…to mug** a tontine on the roast of tripoli mme into conflict with tlie arabs. after severe hahtlng the a rates retreated, leavlnw 40t dead. the italians also lost heavily. afternoon edition 2 ships dashing to aid liner titanicwhich struck an iceberg gigantic steamship last reported limping in direction of cape race no definite news regarding passengers® white star officials believe all""] would be saved if vessel should sink montreal, april 15…",,1
sn83016758,"the princeton union (princeton, minn.) 1876-1976",princeton,mille lacs,minnesota,weekly,titanic-1912,1912-04-18,6,yes,1912-04-18,1,https://www.loc.gov/resource/sn83016758/1912-04-18/ed-1/?sp=1&q=titanic,https://tile.loc.gov/image-services/iiif/service:ndnp:mnhi:batch_mnhi_halma_ver01:data:sn83016758:00280767797:1912041801:0125,titanic,"…n shape, etc., but it will be a paying in vestment in the long run. the most appalling maritime dis aster in history occurred off the new foundland banks late on sunday night or early monday morning. the giant steamship titanic, the largest vessel ever built, on her maiden trip across the atlantic, col lided with an iceberg and four hours later sank in water probably two miles in depth. wireless messages flashed out from the mortally wounded s…",,1
sn83016810,"the appeal (saint paul, minn. ; minneapolis, minn. ; chicago, ill.) 1889-19??",saint paul,ramsey,minnesota,weekly,titanic-1912,1912-04-20,1,yes,1912-04-20,1,https://www.loc.gov/resource/sn83016810/1912-04-20/ed-1/?sp=1&q=titanic,https://tile.loc.gov/image-services/iiif/service:ndnp:mnhi:batch_mnhi_funkley_ver02:data:sn83016810:00280768042:1912042001:0127,titanic,"i, the steamship titanic. the final sinking of the levithian, al though some of the women in the boats may have witnessed the sinking. only by a miracle, it is pointed out, could any person who stood by the ship escape the great vessel's power…",,1
sn83016943,"macon beacon (macon, miss.) 1859-1995",macon,noxubee,mississippi,weekly,titanic-1912,1912-04-26,1,yes,1912-04-26,3,https://www.loc.gov/resource/sn83016943/1912-04-26/ed-1/?sp=3&q=titanic,https://tile.loc.gov/image-services/iiif/service:ndnp:msar:batch_msar_applejack_ver01:data:sn83016943:00295877790:1912042601:0260,titanic,"…othing but debris and collection of life boats into which women and chil dren had. been bundled. new tork. it un reported by wire fe'g from cape race that at least 1,314 pmons went to their death in the sink ing of the. titanic, which from now on will be known as the greatest marine disaster of modern times. the liner, bearing the proud title of the largest vessel afloat, is at the bottom of the atlantic with all of her crew and prac tically a…",,1
sn83020847,"springfield weekly republican (springfield, mass.) 1851-1946",springfield,hampden,massachusetts,weekly,titanic-1912,1912-04-18,16,yes,1912-04-18,1,https://www.loc.gov/resource/sn83020847/1912-04-18/ed-1/?sp=1&q=titanic,https://tile.loc.gov/image-services/iiif/service:ndnp:mb:batch_mb_metis_ver01:data:sn83020847:00517171116:1912041801:0241,titanic,"…""that of his fa ther will still be illustrious, but he played his somewhat difficult role in life with uniform dignity and, on the whole, with success. _________ it is not surprising that the troubles of the olympic and titanic, followed by this crushing disaster, should have inspired fresh doubts as to the manageability of those huge leviathans. the advocates of big ships, .while shocked by the demonstra tion of bow little the strongest const…",,1
sn83021578,"pawtucket gazette and chronicle (pawtucket, r.i.) 1845-1912",pawtucket,providence,rhode island,weekly,titanic-1912,1912-04-19,3,yes,1912-04-19,4,https://www.loc.gov/resource/sn83021578/1912-04-19/ed-1/?sp=4&q=titanic,https://tile.loc.gov/image-services/iiif/service:ndnp:rp:batch_rp_chimericcat_ver01:data:sn83021578:00529045360:1912041901:0545,titanic,"…and weak point of any plan that may be presented. the one bright spot, if any there be, in the recent appalling marine disaster, was the splendid exhibition given by the male portion of the pas sengers of the ill-fated titanic. if the first reports prove true, it was a spec tacle to challenge the admiration of an awe-stricken and dumb-founded world. it will ever be cited to the credit of english speaking people that in the hour of stress and…",,1
sn83025020,"the vinita daily chieftain (vinita, indian territory [okla.]) 1902-1913",vinita,craig,oklahoma,daily,titanic-1912,1912-04-16,17,yes,1912-04-16,1,https://www.loc.gov/resource/sn83025020/1912-04-16/ed-1/?sp=1&q=titanic,https://tile.loc.gov/image-services/iiif/service:ndnp:okhi:batch_okhi_kimchee_ver01:data:sn83025020:00415626496:1912041601:1121,titanic,"…sengers on board, only 675 are known to be saved. more than 1,.""i00 persons, it is feared, sank to death early yesterday within less than four hours after she crashed into an iceberg, the mammoth white star line steamer titanic, bound from liverpool to new york on her maiden voyage, went to the bottom off the newfoundland banks. of the approx imately 2,000 on board the giant liner, some of them of world-wide promi nence, only 675 are known to…",,1
sn83025121,"the hawaiian gazette (honolulu [oahu, hawaii]) 1865-1918",honolulu,honolulu,hawaii,semiweekly,titanic-1912,1912-04-16,18,yes,1912-04-16,1,https://www.loc.gov/resource/sn83025121/1912-04-16/ed-1/?sp=1&q=titanic,https://tile.loc.gov/image-services/iiif/service:ndnp:hihouml:batch_hihouml_damsel_ver01:data:sn83025121:00294552340:1912041601:0193,titanic,"…fed in sea as great liner sinks millionaires missing in most awful marine disaster in history horror grows as details reach mainland. tinbtv york, april 16. twelve kundral drowned in the sinking of tiie white star liner titanic. such is the last authentic news received from the swarm of newspaper men and rescue ships that rushed to the assistance of the wrecked ocean liner. details of the affair, the most awful marine disaster in history, have…",,1
sn83025182,"the daily gate city (keokuk, iowa) 1855-1916",keokuk,lee,iowa,daily,titanic-1912,1912-04-15,77,yes,1912-04-15,1,https://www.loc.gov/resource/sn83025182/1912-04-15/ed-1/?sp=1&q=titanic,https://tile.loc.gov/image-services/iiif/service:ndnp:iahi:batch_iahi_beiderbecke_ver01:data:sn83025182:00295877339:1912041501:0539,titanic,the paper that boosts keo kuk all the time. subscribers of th« dally gate city are served the full leaeed wire ser vice of the united press associations. vol. 114. no. 91. giant steamship titanic struck by iceberg in midocean and reported sinking with 2200 on board. ill were saved from1 watery grave appeal for aid brought other vessels to the rescue and passengers were transferred. united presg leased wire servi…,,1
sn83025146,"pioneer press (martinsburg, w. va.) 1883-19??",martinsburg,berkeley,west virginia,weekly,titanic-1912,1912-04-20,1,yes,1912-04-20,2,https://www.loc.gov/resource/sn83025146/1912-04-20/ed-1/?sp=2&q=titanic,https://tile.loc.gov/image-services/iiif/service:ndnp:wvu:batch_wvu_gorn_ver01:data:sn83025146:00271768217:1912042001:0266,titanic,"…a high ly rerpeoted in bia home town and throughout the whole southern section of the state. we can bay, as we believe, that if nomiuated and ejected, he will make an excellent state superintendent of free schgola. hit* titanic** fate. l38t sunday ni^bt toere happened off tbe coaet of n jw foundland, one of tbe worst disasters known in the history of the atlantic ocean, wben the titanio, the 1 ar^eat paaaeoger steamship uiloat, and tbe pride o…",,1
sn83025186,"iowa state bystander (des moines, iowa) 1894-1916",des moines,polk,iowa,weekly,titanic-1912,1912-04-19,4,yes,1912-04-19,1,https://www.loc.gov/resource/sn83025186/1912-04-19/ed-1/?sp=1&q=titanic,https://tile.loc.gov/image-services/iiif/service:ndnp:iahi:batch_iahi_ames_ver01:data:sn83025186:00202198429:1912041901:0053,titanic,"…american news paper"" and it is hoped that a large number of men and boys will be in at tendance. corinthian baptist church an nouncement. sunday, april 21st. 10:30 a m. pastor's subject—""les sons from the sinking of the titanic."" 12 m. sunday school. 6:30 p. m. b. y. p, u. ""7:30 p. m. ""gcd's orders to his army, t. l. griffith, minister. tt s 10 to 12 a m., 3 to 5 office hours:} m.( 7 to 9 p. m. dr. j. ""alvin jefferson physician and surgeon off…",,1
sn83025227,"fergus falls ugeblad (fergus falls, minn.) 1882-1938",fergus falls,otter tail,minnesota,weekly,titanic-1912,1912-04-17,4,yes,1912-04-17,1,https://www.loc.gov/resource/sn83025227/1912-04-17/ed-1/?sp=1&q=titanic,https://tile.loc.gov/image-services/iiif/service:ndnp:mnhi:batch_mnhi_haedus_ver02:data:sn83025227:00271760723:1912041701:0063,titanic,"…af mill street og cavour ave., sørstkom mende lördag eftermiddag kl. i. kom og faa godt kjøb paa dobbelt og single buggies, sæler og husholdningsfager af alle slags. chnl. johnson, auktisnsmest!? 4 tj. k jrsf damperen ""titanic"" gaar til havets bund med 1,314 ombord. new uork 16de april. ""titanic"" sank igaar og ligger nu paa havets bund i to mil dybt vand. 1,314 mennesker druk net. andre baade blev signaliseret og 868 af ""titanic""s pas sagerer…",,1
sn83025313,"judith gap journal (judith gap, mont.) 1908-19??",judith gap,wheatland,montana,weekly,titanic-1912,1912-04-19,2,yes,1912-04-19,1,https://www.loc.gov/resource/sn83025313/1912-04-19/ed-1/?sp=1&q=titanic,https://tile.loc.gov/image-services/iiif/service:ndnp:mthi:batch_mthi_fox_ver01:data:sn83025313:00212477382:1912041901:0720,titanic,"…st an d m ost pr olific winter w heat reoiontn the world judith gap journal vol. 4. no 23. judith gap. montana. friday. april. 19 1912. price. five cents the greatest of marine disasters at 10:25 last sunday morning the titanic, the largest passenger steam ship alloat,sent a wireless signal that she had struck au iceberg near the kew found land coast and needed help. half an hour afterwards an addi tional message said they were sink ing by the…",,1
sn83025316,"the daily missoulian (missoula, mont.) 1904-1961",missoula,missoula,montana,daily,titanic-1912,1912-04-15,49,yes,1912-04-15,1,https://www.loc.gov/resource/sn83025316/1912-04-15/ed-1/?sp=1&q=titanic,https://tile.loc.gov/image-services/iiif/service:ndnp:mthi:batch_mthi_harlequin_ver01:data:sn83025316:00212476791:1912041501:1243,titanic,"…h.rro,' july 43, '41 -sp4111 ir ('iarki' frt1ne14m 4xpetled i liit l .i n ll 11. 14., tlr llt .l l no fige ht ill 'i if,. i'u1.'t 1g ir ,in j .lptll mllnme of elc m pll.l i ll lll h, m l tilgl l illu.tlgcr ,.n steamship titanic and an iceberg in collision. white star liner is in a bad way, according to wire less reports. i, n i .p rll i', at 10::21 1, i,,. hut night (h."" w hiti 14thr tlea n r.'ol .-i iii l 'i g l tr1. k nlnl le her) 'h.ii 11t,…",,1
sn83025323,"the enterprise (harlem, mont.) 1899-1926",malta,phillips,montana,weekly,titanic-1912,1912-04-18,5,yes,1912-04-18,1,https://www.loc.gov/resource/sn83025323/1912-04-18/ed-1/?sp=1&q=titanic,https://tile.loc.gov/image-services/iiif/service:ndnp:mthi:batch_mthi_eagle_ver02:data:sn83025323:00294554786:1912041801:0510,titanic,"…dentifled with those of nvorthern imontana and especially of the milk river vtalley vol. 15 malta, valley county, montana, thursday. april 18 t912, no. 1 createst disaster in history 01 'navigation the white star liner, titanic, the biggest ship ever afloat, making 'her maiden voyage from liverpool to new york, struck a huge iceberg in the banks off newfoundland, and about 2:80 o'clock monday morning sank to the bottom of the ocean, esti mated…",,1
sn83025514,"the colorado statesman (denver, colo.) 1895-1961",denver,denver,colorado,weekly,titanic-1912,1912-04-20,2,yes,1912-04-20,2,https://www.loc.gov/resource/sn83025514/1912-04-20/ed-1/?sp=2&q=titanic,https://tile.loc.gov/image-services/iiif/service:ndnp:cohi:batch_cohi_hamilton_ver01:data:sn83025514:00340586359:1912042001:0122,titanic,"…s had in eight years. more than 3,goo people are regis tered in st. elmo, 111., and waiting for billy smith, the healer, to lay hands on them and miraculously cure them of their ills. the town looks like a big hospital. titanic sinks: 1500 drowned white star liner crashes in- 1 to iceberg and goes to bottom of ocean. 675 are rescued most of those saved were women and children— steamer s first voyage. western newspaper union news service. new y…",,1
sn83025668,"the manchester journal (manchester, vt.) 1861-current",manchester,bennington,vermont,weekly,titanic-1912,1912-04-18,2,yes,1912-04-18,3,https://www.loc.gov/resource/sn83025668/1912-04-18/ed-1/?sp=3&q=titanic,https://tile.loc.gov/image-services/iiif/service:ndnp:vtu:batch_vtu_jicama_ver01:data:sn83025668:00415628067:1912041801:0983,titanic,"…al sport were ""out. those fishing lu the brooks met with good success while those who whipped the hattenkill were not so fortunate. the river was too high to permit of good fishing. in the rase of the destruction of the titanic at sea do we, can we realize the horror of the few mo ments to the poor souls when they saw their doom. with as many pemoim ou boui j as the population of our town and only about 400 sav ed. heaven pity them in that aw…",,1
sn83030193,"the evening world (new york, n.y.) 1887-1931",new york,new york,new york,daily,titanic-1912,1912-04-15,114,yes,1912-04-15,1,https://www.loc.gov/resource/sn83030193/1912-04-15/ed-1/?sp=1&q=titanic,https://tile.loc.gov/image-services/iiif/service:ndnp:nn:batch_nn_hardin_ver01:data:sn83030193:00211100163:1912041501:0698,titanic,"liners take off passengers; titanic is reported sinking wk atiier shower frehafcly to-slght nr taeeday. edition. ""circulation books open to all."" circulation books open to all price one cent. coorrlam. iein.br th press rabuehlaa co. (the new vork world).…",,1
sn83030214,new-york tribune (new york [n.y.]) 1866-1924,new york,new york,new york,daily,titanic-1912,1912-04-15,148,yes,1912-04-15,1,https://www.loc.gov/resource/sn83030214/1912-04-15/ed-1/?sp=1&q=titanic,https://tile.loc.gov/image-services/iiif/service:ndnp:dlc:batch_dlc_keady_ver01:data:sn83030214:00206531526:1912041501:0291,titanic,"…h? atl i 'i' hil? klg""? re htill i i tin ?f |||t. i ll'l'??. i i,,? .i .,1 the vmil 'reel latlou, ruiinii up h? h ""i '.'--""i hi ,,,i hud n ihr? ni? a i mining, i,,,? mild i i rial hi m i i ?1(, t-,r-t lass saloon on the titanic, decorated and furnished in a most sumptuous style. bonci for metropolit. lyric terp^r bignfl oontract w new york company. b? f' left rib'jbc san ?francisco, april 11 allessan ron, i, the tenoi who is making a ?com tour…",,1
sn83030272,the sun (new york [n.y.]) 1833-1916,new york,new york,new york,daily,titanic-1912,1912-04-15,165,yes,1912-04-15,1,https://www.loc.gov/resource/sn83030272/1912-04-15/ed-1/?sp=1&q=titanic,https://tile.loc.gov/image-services/iiif/service:ndnp:nn:batch_nn_dansereau_ver02:data:sn83030272:00206537152:1912041501:0350,titanic,"…virginian, which is rushing: to titnnlc's aid. xo word comes i)irk(;t white star people puzzled by seeming; conflict in despatches. montiikai., april 14. a report is cur rent here to-night that the new white star liner titanic has struck an ice berg. what news has been received here came to the allen line offices in a wire less message from the captain of that fine's ship virginian. the captain reported that he had been in communication with…",,1
sn83032307,"the monmouth inquirer (freehold, n.j.) 1865-1933",freehold,monmouth,new jersey,weekly,titanic-1912,1912-04-18,8,yes,1912-04-18,2,https://www.loc.gov/resource/sn83032307/1912-04-18/ed-1/?sp=2&q=titanic,https://tile.loc.gov/image-services/iiif/service:ndnp:njr:batch_njr_fishermanscove_ver01:data:sn83032307:00513685427:1912041801:0406,titanic,"…tuesday at trentod. j. henry eiv and r. g. 8trahan were along with those who attended the grand jury dinner at the cote man house, asbury park,""last friday. cql johm jacob astor. career af the-- richest man lost on the titanic. l!fe of john j. astor. born at fernchffe, rhinebeck-on the-hudson, n y., july 13, 1886. fourth in succession of the fam ily of john jacob aator and fourth son of william astor. was graduated from harvard tn 1888 with d…",,1
sn83035337,"echo : wochenblatt der vereinigten deutschen socialisten clevelands (cleveland, o. [ohio]) 1911-1920",cleveland,cuyahoga,ohio,weekly,titanic-1912,1912-04-20,2,yes,1912-04-20,1,https://www.loc.gov/resource/sn83035337/1912-04-20/ed-1/?sp=1&q=titanic,https://tile.loc.gov/image-services/iiif/service:ndnp:ohi:batch_ohi_atticus_ver01:data:sn83035337:00279556057:1912042001:0330,titanic,"…ti* „„„«.„..$1.50. vol. 1. furchtbar ist durch die gefahren des meeres, menschliche gewissenlosig teit gerächt worden. mindestens 1300 menschenleben sind vernichtet, das neueste, stolzeste passagierschiff der welt, die „titanic"". liegt 3000 meter tief unter dem wasserspiegel. es ist dies die opferreichste seekatastrophe, welche die passagierschiffahrt der welt bisher auszuweisen hat. ein schrei des entsetzens hallte durch die welt als die funk…",,1
sn83040198,"barton county democrat (great bend, kan.) 1885-1915",great bend,barton,kansas,weekly,titanic-1912,1912-04-19,2,yes,1912-04-19,2,https://www.loc.gov/resource/sn83040198/1912-04-19/ed-1/?sp=2&q=titanic,https://tile.loc.gov/image-services/iiif/service:ndnp:khi:batch_khi_finney_ver02:data:sn83040198:00212473613:1912041901:0561,titanic,"…o o o 8 0 0 o 0 o o 0 0 o o o 0 o 0 o o o 0 o o 0 o o 0 o o o 0 o o o 0 0 o o o 0 o o o 0 o o o 0 0 0 0 o 6 o 0 o o o o 00000000000000000000000000000000000000000000000000000000000000000000000000000050 great disaster of titanic. probably fifteen hundred lives lost at 2:20 a. m. monday morning, the arge&t ocean hoar in the world, the titanic of the white star lime, went down after colliding with an iceberg off the coast of newfoundland. the shi…",,1
sn83035565,"the greenville journal (greenville, ohio) 1850-1918",greenville,darke,ohio,weekly,titanic-1912,1912-04-18,5,yes,1912-04-18,2,https://www.loc.gov/resource/sn83035565/1912-04-18/ed-1/?sp=2&q=titanic,https://tile.loc.gov/image-services/iiif/service:ndnp:ohi:batch_ohi_gann_ver01:data:sn83035565:00296026906:1912041801:0840,titanic,"…revolutionists is reported to have crossed the rio grande to american oil eight miles west of here and to b attempting to blow up the so'ufterr pacific rtilroad bridge there. s m ft largest ship sinks great ocean liner titanic goes down after colli sion with iceberg. passengers are saved by lifeboati as weather conditions are favor ableother ships notified by wireless, hasten to aid. new york. the new white star liner titantic, the largest ve…",,1
sn83045081,"der deutsche correspondent (baltimore, md.) 1841-1918",baltimore,,maryland,daily,titanic-1912,1912-04-16,67,yes,1912-04-16,1,https://www.loc.gov/resource/sn83045081/1912-04-16/ed-1/?sp=1&q=titanic,https://tile.loc.gov/image-services/iiif/service:ndnp:mdu:batch_mdu_jalapeno_ver02:data:sn83045081:00296025987:1912041601:0977,titanic,"…'t' tut >^ckkc!>e!c^cil. voll den pnllnlilkren illiltii i >ez ertniiiiuii lein. der dampfer sank um nljr äid ulmnten gestern !norgen, nachdem er dnrch mit einem eisberge schwer deschädigt worden mar. ta? stolze sckiiss „titanic"" vv der „white star t'iair"" befand sich ans seiner ersten brise von svnthninp ton nach aincrit. al? c? i pscilc östlick, uo new port ad liiii meile südlick, von eapr barr, bcnsniidland, mit einem ei?bcrg .saniinc siicsi…",,1
sn83040592,"baxter springs news (baxter springs, kan.) 1882-1919",baxter springs,cherokee,kansas,weekly,titanic-1912,1912-04-25,1,yes,1912-04-25,8,https://www.loc.gov/resource/sn83040592/1912-04-25/ed-1/?sp=8&q=titanic,https://tile.loc.gov/image-services/iiif/service:ndnp:khi:batch_khi_jones_ver01:data:sn83040592:00212474010:1912042501:1193,titanic,"…wn on a former trip for some land. t.'c. weaver is up and around again. he was quite ill for a few days. all honor to the wireless. if it had not been for the wireless telegraph not a soul would have been saved from the titanic, and it would have always remained a a mystery as to what became of the ship. what survivors got oil in lifeboats would have perished in the cold, had it not been for the wireless, which gave the the news of the disaste…",,1
sn83045227,"freie presse für texas (san antonio, tex.) 1865-1945",san antonio,bexar,texas,weekly,titanic-1912,1912-04-16,15,yes,1912-04-16,1,https://www.loc.gov/resource/sn83045227/1912-04-16/ed-1/?sp=1&q=titanic,https://tile.loc.gov/image-services/iiif/service:ndnp:txdn:batch_txdn_jasper_ver01:data:sn83045227:00414214113:1912041601:0367,titanic,"…ich lceiten am sont ein furchtbares schiffs-unglij ist in der nähe von neu-fundlansi« halbwegs zwischen sable island nnd cape race, passiert. jn der nacht von sonntag aus montag ist dort der neue »white star«-dam pscr ,,titanic« untergegangen. das unglück wurde höchst wahrscheinlch dadurch herbeigeführt, daß der dampfer mit einem eisberg zu snnmienstieß und leck geschlagen wurde. der »titanic« war esn ganz neues schiff, es war die erst-.l reis…",,1
sn83045293,"the milwaukee leader (milwaukee, wis.) 1911-1938",milwaukee,milwaukee,wisconsin,daily,titanic-1912,1912-04-15,70,yes,1912-04-15,1,https://www.loc.gov/resource/sn83045293/1912-04-15/ed-1/?sp=1&q=titanic,https://tile.loc.gov/image-services/iiif/service:ndnp:whi:batch_whi_brie_ver01:data:sn83045293:00517012634:1912041501:0511,titanic,"…stock and crops will be enormous. special trains and steamers left vicksburg and new orleans today for the affected district. titanoams igebewking new york, april 15.—the allan line office here has been advised that the titanic is sinking. the women on the great liner are now being taken off in life boats. the titanic struck the iceburg shortly before noon sunday. the virginian at 2:45 o’clock this morning is 160 miles away from the titanic, a…",,1
sn83045313,"le messager (lewiston, me.) 1880-1966",lewiston,androscoggin,maine,weekly,titanic-1912,1912-04-17,10,yes,1912-04-17,1,https://www.loc.gov/resource/sn83045313/1912-04-17/ed-1/?sp=1&q=titanic,https://tile.loc.gov/image-services/iiif/service:ndnp:me:batch_me_Bissonnette_ver02:data:sn83045313:00513683546:1912041701:0322,titanic,"…nnée. no 17 j 8. cguyu1 k, xditear. etüglon «t hitloniüité imm mm m»*» tut) ia.?t i* w» m ifj. sto «fci ivtl (k«m mw* mk.kckki. 17 avril 1912 latom, j#«rr ».dl. ucw1ston, maine l’atum lnn« m* 1* terrible catastrophe le “titanic/* le plus gros navire du monde, sombre au large des bancs de terre neuve, quatre heures après avoir frappé un iceberg ■it sâ 4 1500 personnes sont noyées r dtl» la a «ut d* dimanche à lu»- sii om étpmu»' rn« par u wwj «…",,1
sn83045348,"pokrok západu (omaha, neb.) 1871-1920",omaha,douglas,nebraska,weekly,titanic-1912,1912-04-17,6,yes,1912-04-17,1,https://www.loc.gov/resource/sn83045348/1912-04-17/ed-1/?sp=1&q=titanic,https://tile.loc.gov/image-services/iiif/service:ndnp:nbu:batch_nbu_goldenalexanders_ver01:data:sn83045348:00279528104:1912041701:1072,titanic,…a tak ittbylti ani éu tdill ikmlli i hui prrtvdětt měiha iikaiuje jtl nu b'i ky tiiěnuii eifru tu iienudiid nál vtipný frrin pu kirnik lě ne rbtnltl inutá na mutu idedi bleu a prvmlm při hrozné neštěstí na moři paroloď titanic potopila se u new' found landu a přes 1400 osob utonulo nejvčtší katastrofa v dějinách moderní paroplavby nej větší loď véta potopila se po aráice i ledovcem a jen 675 z 2100 cestujících zachráněno v neděli v 10:2 večer…,,1
sn83045350,"der nordstern (st. cloud, minn.) 1874-1931",saint cloud,stearns,minnesota,weekly,titanic-1912,1912-04-18,7,yes,1912-04-18,1,https://www.loc.gov/resource/sn83045350/1912-04-18/ed-1/?sp=1&q=titanic,https://tile.loc.gov/image-services/iiif/service:ndnp:mnhi:batch_mnhi_dubhe_ver01:data:sn83045350:00199919015:1912041801:0246,titanic,"…anten des präsidenten taft, gestellt, welcher auf dem schiffe von einer reise nach europa zurück kehrte. der präsident fragte früh cloud, minnesota, donnerstag, den 18. april, 1912. nummer äffergrilb in den finthen die „titanic"" zerschellt an einem eisberg und versinkt in nerhalb einer stunde.—rettung kam zu ät.—673 gerettete aus der carpathia nach new bork unterwegs. n n 0 1 6 a die nachricht, daß die „titanic"" gesunken sei, kam in einer kurz…",,1
sn83045377,"proletarec (chicago, ill.) 1906-19??",chicago,cook county,illinois,weekly,titanic-1912,1912-04-23,2,yes,1912-04-23,1,https://www.loc.gov/resource/sn83045377/1912-04-23/ed-1/?sp=1&q=titanic,https://tile.loc.gov/image-services/iiif/service:ndnp:iune:batch_iune_mallard_ver08:data:sn83045377:00271765551:1912042301:0531,titanic,"…listi, ki po šiljajo bajonete in kole na de lavce. nove žrtve kapilali največja morska kata strofa v zgodovini. k;«!<<• istrela i/. jasnega neha j zmlela ves svet novica, tla s«' je pot op i i največji parnik na sve tu ""titanic"". lasi white star l.inc družbe v noei oil 14 in aprila vei1 sto milj oil suhe zem ije. ""titanic'5 j*' namreč zadel v veliko maso ledu. ki je plavala pu morju in se pri tem tako po škodoval. da j'- postal žrtev skriv nos…",,1
sn83045396,"the salt lake tribune (salt lake city, utah) 1890-current",salt lake city,salt lake,utah,daily,titanic-1912,1912-04-16,90,yes,1912-04-16,1,https://www.loc.gov/resource/sn83045396/1912-04-16/ed-1/?sp=1&q=titanic,https://tile.loc.gov/image-services/iiif/service:ndnp:uuml:batch_uuml_riis_ver02:data:sn83045396:print:1912041601:0001,titanic,"…h! reason was 9 b n conf irmatorv telegrams a b itrnctlon of soft winter b b 'tory sfl far apart as neikl b hio. soon, however. the, b bv ;u-n ""-era 'n on advices from i the loss there was only rick ffloman rescued from titanic xfreck murderer of marsh is cju.m mm lynn, mtuih., apiil )i a warrant calling for the aitesl of wlulani a dorr william a, dow, uio charge of murdering george e. marsh, was sworn our hv rhi'f of police burclcoa late to d…",,1
sn83002748,"the saratoga sun (saratoga, carbon county, wyo.) 1891-current",saratoga,carbon,wyoming,weekly,titanic-1912,1912-04-25,2,yes,1912-04-25,1,https://www.loc.gov/resource/sn83002748/1912-04-25/ed-1/?sp=1&q=titanic,https://tile.loc.gov/image-services/iiif/service:ndnp:wyu:batch_wyu_etna_ver03:data:sn83002748:00514150187:1912042501:0759,titanic,"…i have siuce tiled with the secretary various pro mts and showings in the matter.” further on in the letter the senator says: saratoga. carbon county, wyoming, april 25 1912. 1,601 111 water! grave the white star liner ""titanic"" sunk of dane baoe 800 kllea—3l ships gone down there in 35 years at 11 o'clock on sunday night april 14th, the titanic, white star line, the greatest passenger steam er ever built, on her maiden voy age from liverpool…",,1
sn83045239,"echo de l'ouest (minneapolis, minn.) 1883-1929",minneapolis,hennepin,minnesota,weekly,titanic-1912,1912-04-19,2,yes,1912-04-19,3,https://www.loc.gov/resource/sn83045239/1912-04-19/ed-1/?sp=3&q=titanic,https://tile.loc.gov/image-services/iiif/service:ndnp:mnhi:batch_mnhi_maia_ver01:data:sn83045239:00295876815:1912041901:0065,titanic,"…heures: 8:30 à 12 a. m., 1 à 5 p. ai. p. soirs mardis, jeudis et samedis 7 à 8 echo desûl« ouest terrible drame en mer on peut s'imaginer l'angoisse profonde qui s'est emparée du monde maritime, lorsqu'on apprit que le ""titanic"", le gigantesque paquebot dernier modèle de la li gne white star, sorti ce printemps des chantiers de belfast, et parti de southampton le 11 avril, était signalé de cap race, terre-neuve dans la plus grande détresse. on…",,1
sn83045473,"decorah-posten og ved arnen (decorah, iowa) 1903-1972",decorah,winneshiek,iowa,weekly,titanic-1912,1912-04-16,11,yes,1912-04-16,8,https://www.loc.gov/resource/sn83045473/1912-04-16/ed-1/?sp=8&q=titanic,https://tile.loc.gov/image-services/iiif/service:ndnp:iahi:batch_iahi_kyogre_ver01:data:sn83045473:00340584715:1912041601:0097,titanic,"…rn s. en o. mit h ni rorts. ni. r uro. hans as, den tagen... 1005 .juerlor dit, dlut, min. hurtig og billig reise til eller fra rnorgeog danmark med white star. amerioan eller whitestar-dominion linjerne. «olnmpic»» og «titanic» ti horende whhite setar line, dc største tampskibe i verden samt andre store, hurtiagaaende elegante dovbel-el ler tredobbel-skrue turbin tampcre, tilhørende disse linier, vedligehold r re elmæøsig forbindelse mellem n…",,1
sn83045474,tägliches cincinnatier volksblatt (cincinnati [ohio]) 1885-1919,cincinnati,hamilton,ohio,daily,titanic-1912,1912-04-15,35,yes,1912-04-15,3,https://www.loc.gov/resource/sn83045474/1912-04-15/ed-1/?sp=3&q=titanic,https://tile.loc.gov/image-services/iiif/service:ndnp:ohi:batch_ohi_euphemia_ver01:data:sn83045474:00279555879:1912041501:0971,titanic,"vi vie isuhfn sie mifj ib 4» end mile wime» ast der nette cceanriefe „titanic zusammen gestoßen. der tantpfer „birgi«ian"" dem bedrängten tchiff zu htl» je geeilt. sin letzten nachrichten zufolge ist der .titanic"" im einten. sit frauen wurden ttuits in die ret tungsboote gebracht. me letzten draht…",,1
sn83045487,"the day book (chicago, ill.) 1911-1917",chicago,cook county,illinois,daily,titanic-1912,1912-04-15,145,yes,1912-04-15,1,https://www.loc.gov/resource/sn83045487/1912-04-15/ed-1/?sp=1&q=titanic,https://tile.loc.gov/image-services/iiif/service:ndnp:iune:batch_iune_echo_ver01:data:sn83045487:00280761436:1912041501:0388,titanic,"vgt the day book 500 so. peoria st 398 tel. monroe 35 vol. 1, no. 172 chicago, monday, april 15, 1912 one cent liner titanic wrecked by iceberg; passengers transferred to other vessels in mid ocean biggest steamer ever afloat crumpled up like toy in nighftimc wireless saves 2,000 passengers and crew. halifax, n. s., april 15. kept afloat only…",,1
sn83045747,dziennik chicagoski (chicago [ill.]) 1890-1971,chicago,cook,illinois,daily,titanic-1912,1912-04-15,35,yes,1912-04-15,1,https://www.loc.gov/resource/sn83045747/1912-04-15/ed-1/?sp=1&q=titanic,https://tile.loc.gov/image-services/iiif/service:ndnp:iune:batch_iune_daffodil_ver02:data:sn83045747:00279552933:1912041501:0123,titanic,"…z resztą ludzi balon wzbił się ponownie; w znacznej odległości udało się go spuścić na ziemię bez przypadku. telegramy krajowe. wielki parowiec tonit. nowy york, 15 kwietnia. wczoraj wieczorem o godzinie 10:25^ parowiec titanic doniósł i skrowym telegrafem, że uderzył o lodowiec i tonie. wzywał na tychmiastowej pomocy. w pół godziny później nadeszła depesza donosząca, że kobiety wsiadają do łodzi ratunkowych. telegrafi sta również donosił, że…",,1
sn83045812,"vorwärts (milwaukee, wis.) 1887-1932",milwaukee,milwaukee,wisconsin,weekly,titanic-1912,1912-04-20,3,yes,1912-04-20,1,https://www.loc.gov/resource/sn83045812/1912-04-20/ed-1/?sp=1&q=titanic,https://tile.loc.gov/image-services/iiif/service:ndnp:whi:batch_whi_brie_ver01:data:sn83045812:00517012646:1912042001:0545,titanic,"…wie er von der american federation of labor eingenommen werde, und er hoffe, daß das neuerliche aufleben der politischen bewegung auch der ötonomischen arbeiterbewegung neue anregung geben werde. lurus auf dem dampfer „titanic““ eine beschreibung des untergegan~ genen riesenschiffes „titanie“ ent—~ hält folgende bezeichnende angaben: es war mit erstaunendem, auf die höchste spitze getriebenem luxus aus gestattet; kosteten doch die besten ka b…",,1
sn84001718,"the record-courier (gardnerville, nev.) 1904-current",gardnerville,douglas,nevada,weekly,titanic-1912,1912-04-19,1,yes,1912-04-19,4,https://www.loc.gov/resource/sn84001718/1912-04-19/ed-1/?sp=4&q=titanic,https://tile.loc.gov/image-services/iiif/service:ndnp:nvln:batch_nvln_fairview_ver02:data:sn84001718:00332890979:1912041901:0065,titanic,"…d are. in six short years that city has been rebuilt grander that ever and now they have turned their en ergv towards the 1915 fair which will surpass anything of its kind in the history of the world. the sinking of the titanic, the larg est ship ever built, and the loss 01 more than 1200 lives, is one of the greatest of »ea tragedies in history of navigation. a profound interest in the calamity has been taken by tin people of this community a…",,1
sn84008412,"parsons advocate (parsons, w. va.) 1901-current",parsons,tucker,west virginia,weekly,titanic-1912,1912-04-18,3,yes,1912-04-18,3,https://www.loc.gov/resource/sn84008412/1912-04-18/ed-1/?sp=3&q=titanic,https://tile.loc.gov/image-services/iiif/service:ndnp:wvu:batch_wvu_harlow_ver01:data:sn84008412:00517011332:1912041801:0170,titanic,"…necessary. t. a., “dutch” ridenour who has been in the same hosp tal for about three weeks, has had three suc cessful operations performed and is expected home in a lew dayb. 1302 lost at sea.! 1 last sunday night tli*» titanic,! tile largest ship in the world while rettiming from england >>n tier i first trip rau into an letd erg off cape rhch and m four hours sank in two miles of water, with 1302of her paaseiiifers and cfew on hoard. about 8…",,1
sn84020107,"the beatrice daily express (beatrice, neb.) 1884-1924",beatrice,gage,nebraska,daily,titanic-1912,1912-04-15,31,yes,1912-04-15,1,https://www.loc.gov/resource/sn84020107/1912-04-15/ed-1/?sp=1&q=titanic,https://tile.loc.gov/image-services/iiif/service:ndnp:nbu:batch_nbu_finch_ver01:data:sn84020107:00517014941:1912041501:1098,titanic,"…ng the american citizens of that district. the degree of honor kensington will meet in their hall tuesday af ternoon at 2:30. kach lady is re quested to bring a lunch. a good attendance is requested. giant oceaner liner titanic, biggest ship afloat, may sink in atlantic ocean. prominent people among passengers all taken off safely—other ships hurrying to give aid. new york, apr. 15.—the official <i the white star line 3tad received no word oth…",,1
sn84020323,"the savannah tribune (savannah [ga.];savannah, ga.) 1876-1960",savannah,chatham,georgia,weekly,titanic-1912,1912-04-20,3,yes,1912-04-20,4,https://www.loc.gov/resource/sn84020323/1912-04-20/ed-1/?sp=4&q=titanic,https://tile.loc.gov/image-services/iiif/service:ndnp:gu:batch_gu_inugami_ver01:data:sn84020323:00517177854:1912042001:0116,titanic,"…ant. the c. q. d. signal, the message of distress, was being given. a vessel was in distress. a passenger vessel with its priceless cargo of hum; n souls. what vessel can it be goes the query? the answei comes back. the titanic. soon the facts are known and the greatest sea tragedy’ of all times is a part of history. how sad! do we say, and yet, how little do •thise words portray the sorrow and grief that this great catas trophe has brought, w…",,1
sn84020355,"daily independent (elko, nev.) 188?-1915",elko,elko,nevada,daily,titanic-1912,1912-04-16,10,yes,1912-04-16,3,https://www.loc.gov/resource/sn84020355/1912-04-16/ed-1/?sp=3&q=titanic,https://tile.loc.gov/image-services/iiif/service:ndnp:nvln:batch_nvln_national_ver01:data:sn84020355:00279554760:1912041601:0365,titanic,"…aa mrtny energy units out of a pint and a quarter of buttermilk as you uo out of one pint of sweet milk. resides, the bacteria of typhoid tend (o die out lit j buttermilk because of ita acidity. i 1350 lives lost j t.ie titanic, the largest steamer ever build, struck an iceberg off i the coast of now foun.land sun day night and sank. she was launched in may and this was her maiden trip. she carried 1400 passengers and a crew of 800. a dispatch…",,1
sn83045433,"the washington herald (washington, d.c.) 1906-1939",washington,,district of columbia,daily,titanic-1912,1912-04-15,107,yes,1912-04-15,1,https://www.loc.gov/resource/sn83045433/1912-04-15/ed-1/?sp=1&q=titanic,https://tile.loc.gov/image-services/iiif/service:ndnp:dlc:batch_dlc_american_ver01:data:sn83045433:00294558081:1912041501:0102,titanic,"…ummoned to eastview to help out his, neighbors. in. new yorkcity's new social register. 11459 families are listed. it shows that the social center of the metropolis la steadily movie-; north. goloflel'svigtory steamship titanic, largest in the world, strikes an iceberg yodtbfdl ayiator ib lojhg flight youngest licensed air pilot plies from san diego to xos angeles, breaking secord. los angeles, april it farnum t. fish, the youngest licensed av…",,1
sn84020558,"arizona republican (phoenix, ariz.) 1890-1930",phoenix,maricopa,arizona,daily,titanic-1912,1912-04-15,48,yes,1912-04-15,1,https://www.loc.gov/resource/sn84020558/1912-04-15/ed-1/?sp=1&q=titanic,https://tile.loc.gov/image-services/iiif/service:ndnp:az:batch_az_fairyduster_ver01:data:sn84020558:00202192518:1912041501:0006,titanic,"…ounced, except by a telegram sent to the boy'rf parents saying he would ""fly home."" hit an iceberg. news of accident wireless to is conveyed montreal. by associated press dispatch montreal, april 14 the white star liner titanic is reported tonight to have struck an iceberg. the news came by v ireless from the virginian. all resign. officers of cincinnati bank quit in body. have associated press dispatch c in ci x x at t, april 14. all offic er…",,1
sn84020630,"santa fe new mexican (santa fe, n.m.) 1898-1951",santa fe.,santa fe,new mexico,daily,titanic-1912,1912-04-15,35,yes,1912-04-15,1,https://www.loc.gov/resource/sn84020630/1912-04-15/ed-1/?sp=1&q=titanic,https://tile.loc.gov/image-services/iiif/service:ndnp:nmu:batch_nmu_irving_ver01:data:sn84020630:00415620081:1912041501:0716,titanic,"…ution will have working capital of $25,000 abuse of americans will not be tolerated says state depatment disorders in chicago con vention are being sup ressed by police house passes and clinches! famous pioneer of south titanic on maiden trip strikes iceberg off newfoundland resolution to let it alone this session west succumbs to old age at deming l guard orders csnd1tigns growing worse new mexico appointments hot fact1ghal fight is 'on mm sc…",,1
sn84020422,"smyrna times (smyrna, del.) 1854-1987",smyrna,kent,delaware,weekly,titanic-1912,1912-04-17,4,yes,1912-04-17,1,https://www.loc.gov/resource/sn84020422/1912-04-17/ed-1/?sp=1&q=titanic,https://tile.loc.gov/image-services/iiif/service:ndnp:deu:batch_deu_batman_ver01:data:sn84020422:00514156256:1912041701:0352,titanic,"…ring the con ventions support off the administra the other caucuses were cut and a resolution t ion of president taft, a resolution which was adopted. much anxiety for smyrnians mr. and mrs. elmer z. taylor on ill fated titanic are reported among those who have been rescued much anxiety is felt in smyrna over the safety of mr. and mrs. elmer z. taylor who were on the ill-fated titanic which crshed into assurance has been an ice berg, received…",,1
sn84020645,"the montgomery advertiser (montgomery, ala.) 1885-1982",montgomery,montgomery,alabama,daily,titanic-1912,1912-04-15,95,yes,1912-04-15,1,https://www.loc.gov/resource/sn84020645/1912-04-15/ed-1/?sp=1&q=titanic,https://tile.loc.gov/image-services/iiif/service:ndnp:au:batch_au_baskin_ver01:data:sn84020645:00513683947:1912041501:0223,titanic,"…t delegates in the second district in allegheny county, which includes pittsburg, colonel roosevelt captured all the eight delegates in the r. ur dls trlcts. among them is william fllnn. (continued on page two.) steamer titanic is sinking a t sea cape race. n. f., april lk—at 10:25 last night the steamship titanic called ""c. q. d."" and reported having struck an iceberg. the steamer said immediate assistance ,waa required. half an hour afterwar…",,1
sn84022137,"union county courier (elk point, union county, d.t. [s.d.]) 187?-1913",elk point,union,south dakota,weekly,titanic-1912,1912-04-18,3,yes,1912-04-18,1,https://www.loc.gov/resource/sn84022137/1912-04-18/ed-1/?sp=1&q=titanic,https://tile.loc.gov/image-services/iiif/service:ndnp:sdhi:batch_sdhi_leyte_ver01:data:sn84022137:00279523623:1912041801:0764,titanic,"…. etii»,. of gifc point a former inatrector the ver* kjtuioo high »at)aq4flfc a candidate for &iimte1aaitoiocjof un&a qounty. lfi« mlfriend# in this tioaimuntt are 10 *ill win nut *tod b* erown»»d tip primary pubt to 9^ titanic y 5 1 to grasp, on a stage comprised of the largest. and mos.1, luxurious ocean liner ever constructed, bdilt by the white star lino at a cost oi $1m'.hkuhhuo, ""nly to be run to the piidile of ire atlantic on, her maide…",,1
sn84022265,"the greeley tribune (greeley, colo.) 1870-1913",greeley,weld,colorado,weekly,titanic-1912,1912-04-18,4,yes,1912-04-18,4,https://www.loc.gov/resource/sn84022265/1912-04-18/ed-1/?sp=4&q=titanic,https://tile.loc.gov/image-services/iiif/service:ndnp:cohi:batch_cohi_jamestown_ver01:data:sn84022265:00383341243:1912041801:0806,titanic,"…hen wrecked off yarmouth. n. s. aug. 30,1911, 12 passengers of the steamship lexlnglton rescued from wrecked vessel off hunting is land through wireless messages sent by 16-year-old jack” sheets. the loss of life on the titanic doubtless would have been much larger but for the wireless appeals for aid. on the titanic the wireless opera tor who flashed “8. o. s."" when she struck the iceberg, was j. g. phil lips. formerly employed as wireless op…",,1
sn84022374,"ellsworth american (ellsworth, me.) 1855-current",ellsworth,hancock,maine,weekly,titanic-1912,1912-04-17,2,yes,1912-04-17,4,https://www.loc.gov/resource/sn84022374/1912-04-17/ed-1/?sp=4&q=titanic,https://tile.loc.gov/image-services/iiif/service:ndnp:me:batch_me_bangor_ver02:data:sn84022374:00332895424:1912041701:0125,titanic,"…lso being col. hamlin’s guest at his home on main street. both distin guished gentlemen are candidates for the nomination of representative to congress from the third district. the frightful sea tragedy, the loss of the titanic, the largest steamship ever built, and some 1,500 lives, has sent a shock over the aivilized world. the loss of the ship itself and the treasure it bore is as nothing to the awful sacrifice of human life. no such disast…",,1
sn84022396,"putnam patriot (putnam, conn.) 1872-1962",putnam,windham,connecticut,weekly,titanic-1912,1912-04-19,6,yes,1912-04-19,6,https://www.loc.gov/resource/sn84022396/1912-04-19/ed-1/?sp=6&q=titanic,https://tile.loc.gov/image-services/iiif/service:ndnp:ct:batch_ct_bigelow_ver02:data:sn84022396:00393343746:1912041901:0526,titanic,"…the number of lifeboats been com mensurate with the human cargo many lives would been saved. ""wireless station, c'amperdowu, n. b —messages filtering through here in (iirate that the passengers in the me posts from the titanic had throling ""huge quantities of held ice covered the o<' an and the boat steerers had to guide their craft with the greatest care. in mine h tlie i< r ar -to heavy that the boats could not force their way through it an…",,1
sn84022472,"the bridgeport evening farmer (bridgeport, conn.) 1866-1917",bridgeport,fairfield,connecticut,daily,titanic-1912,1912-04-15,88,yes,1912-04-15,1,https://www.loc.gov/resource/sn84022472/1912-04-15/ed-1/?sp=1&q=titanic,https://tile.loc.gov/image-services/iiif/service:ndnp:ct:batch_ct_eastford_ver01:data:sn84022472:00295866792:1912041501:0164,titanic,"…rs and itiiers, after 6 unsettled, followed by; fair late tomorrow. 'clock evenings, at tlie herald npwi 110 fairfield aviiinujii. vol. 48 no. 91 bridgeport, conn., monday, april 15, 1912 price one cent if passengers of titanic compromise in soft goal strike aggepted by nearly unanimous vote an increase of $16,000,000 in pay roll of miners is result, and 250,000 non onion miners benefit nnirh arvtrtrmntnvtrhintrv ttixt r a thtrv it to ikalwckk…",,1
sn84022770,"washington standard (olympia, wash. territory) 1860-1921",olympia,thurston,washington,semiweekly,titanic-1912,1912-04-19,3,yes,1912-04-19,2,https://www.loc.gov/resource/sn84022770/1912-04-19/ed-1/?sp=2&q=titanic,https://tile.loc.gov/image-services/iiif/service:ndnp:wa:batch_wa_kittitas_ver01:data:sn84022770:00200291189:1912041901:0037,titanic,"u ar.liiivivic.iuftiuitlnr j oia.mi'ia washington friday. april 19, 1912. wreck of the titanic. 1 rom halifax. n \a scotia, news was received in new york, monday, by wireless, the i.cart-rending an nouncement that the steamship ti tanic. the '.arg.-st vessel atloat. only four hours oat ""from southhampton, wa-> wr…",,1
sn84022871,"orleans county monitor (barton, vt.) 1872-1953",barton,orleans,vermont,weekly,titanic-1912,1912-04-17,5,yes,1912-04-17,1,https://www.loc.gov/resource/sn84022871/1912-04-17/ed-1/?sp=1&q=titanic,https://tile.loc.gov/image-services/iiif/service:ndnp:vtu:batch_vtu_middlebury_ver01:data:sn84022871:0020219445A:1912041701:0588,titanic,"…d mrs. (j. u. baldt win. the readers were cnosen irom another list by mrs. h. r. cutler. the program was as follows. piano solo, au den ruhling, to spring, lillian robinson; glee club, -thiiten hundred drown at sea. the titanic, a new and the largest steamship in the world, struck an ice berg sunday night about 10 o'clock in the atlantic off newfoundland 400 miles, and sank at 2 o'clock monday morning with 1302 souls on board, ac cording to la…",,1
sn84022960,"the forrest city times (forrest city, ark.) 1871-1919",forrest city,saint francis,arkansas,weekly,titanic-1912,1912-04-19,7,yes,1912-04-19,1,https://www.loc.gov/resource/sn84022960/1912-04-19/ed-1/?sp=1&q=titanic,https://tile.loc.gov/image-services/iiif/service:ndnp:arhi:batch_arhi_alakazam_ver01:data:sn84022960:00414212074:1912041901:1064,titanic,"1(>l"" xji~_for rest city, ark. friday afternoon, april 19,1912. no ai msi disaster everjecorded big liner titanic sinks with approximately 1,312 souls on board. was on her first voyage only meager messages was sent from doomed ship—vessel went to bottom quickly. n'ew york.—the following is an approximate statement of the ti tanic d…",,1
sn84022991,"the van buren press (van buren, ark.) 1859-1914",van buren,crawford,arkansas,weekly,titanic-1912,1912-04-20,3,yes,1912-04-20,1,https://www.loc.gov/resource/sn84022991/1912-04-20/ed-1/?sp=1&q=titanic,https://tile.loc.gov/image-services/iiif/service:ndnp:arhi:batch_arhi_fullmoon_ver01:data:sn84022991:00513688209:1912042001:1105,titanic,"…'i ,asld county llcpiil llt'iin cetnlrnt committee william 11. tuft was on doroid for r«notnlnntlnn h tut alums' unanimous vole of 72 tu van buren, arkansas. saturday, april. 20. 1912 ■i disaster ever recdrded big liner titanic sinks with approximately 1,312 souls on board. was on her first voyage only meager messages was sent from doomed ship—vessel went to bottom quickly. new york. —the following is an approximate statement of the ti tanic d…",,1
sn83045462,"evening star (washington, d.c.) 1854-1972",washington,,district of columbia,daily,titanic-1912,1912-04-15,159,yes,1912-04-15,1,https://www.loc.gov/resource/sn83045462/1912-04-15/ed-1/?sp=1&q=titanic,https://tile.loc.gov/image-services/iiif/service:ndnp:dlc:batch_dlc_martian_ver02:data:sn83045462:00280658030:1912041501:0085,titanic,"…s of the associated press. washington, d. o., monday, april 15, 1912-twenty-two pages one cent. 1 weather. overcast weather, probably showers tonight or tuesday; not much change in temperature. no. 18,828. passengers of titanic in crash with iceberg safe on other vessels world's greatest liner, badly damaged, now in tow of the virginian* five steamships answer s. o. s. call for assistance many notable persons, including washing tonians, among…",,1
sn84023296,"spirit of the age (woodstock, vt.) 1845-1913",woodstock,windsor,vermont,weekly,titanic-1912,1912-04-20,4,yes,1912-04-20,2,https://www.loc.gov/resource/sn84023296/1912-04-20/ed-1/?sp=2&q=titanic,https://tile.loc.gov/image-services/iiif/service:ndnp:vtu:batch_vtu_londonderry_ver01:data:sn84023296:00200296175:1912042001:0598,titanic,"…1)18 positiqn'. eideod, every dopartmont of tho army'in which ho. haa been nttachcd liaa boen bettored by his .treatmont of it, and ho loavce tho horyico with tho woll dcsorvod plaudita of all fair and unprojudiced mon. titanic's death list 1601 on tho rescuo, ship carpatjiia which reachod now.yo'rk thursddy night woro 739, tho boio burvivors of 2340 who woro on tho wrocked l'iunic 10q1 went dpwii with tbo ship. tlio ba'nd playing noaror my qo…",,1
sn84023416,"essex county herald (guildhall, vt.) 1873-1964",island pond,essex,vermont,weekly,titanic-1912,1912-04-26,2,yes,1912-04-26,1,https://www.loc.gov/resource/sn84023416/1912-04-26/ed-1/?sp=1&q=titanic,https://tile.loc.gov/image-services/iiif/service:ndnp:vtu:batch_vtu_ira_ver01:data:sn84023416:00202197577:1912042601:0026,titanic,"…of btr daughter, mrs. wil. ley, of middlesex, last thursday nightthe national life insurance co. of montpelier, carried policies to the amount of about $75,000 on persons with the same names as some of those lost oo the titanic, but as the names are common ones, it will be some time before, the exact loss to the company be ascertained. t tmond w. si nclair, of jenco, has a7pi tpiece of money which is consider. ed a rarecoiu. it is an american…",,1
sn84023820,"the mirror and farmer (manchester, n.h.) 1865-1918",manchester,hillsboro,new hampshire,weekly,titanic-1912,1912-04-18,3,yes,1912-04-18,6,https://www.loc.gov/resource/sn84023820/1912-04-18/ed-1/?sp=6&q=titanic,https://tile.loc.gov/image-services/iiif/service:ndnp:nhd:batch_nhd_dove_ver01:data:sn84023820:0054131541A:1912041801:0550,titanic,"…tillery high'smet boston, mass. capital troy. ohio offices and shipping depots also at $500,000.00 established 1866 dayton, 0. st. louis, mo. kansas city. mo. full paid st paul, minn. new orleans, la. jacksonville, fla. titanic at bottom of sea 1350 victims positive announcement that 365 have been rescued and due to arrive in new york thursday morning. the appalling magnitude of the wreck of the giant liner titanic has been but •little mitigat…",,1
sn84024055,"the broad ax (salt lake city, utah;chicago, ill.) 1895-19??",chicago,cook county,illinois,weekly,titanic-1912,1912-04-27,1,yes,1912-04-27,2,https://www.loc.gov/resource/sn84024055/1912-04-27/ed-1/?sp=2&q=titanic,https://tile.loc.gov/image-services/iiif/service:ndnp:iune:batch_iune_charlie_ver01:data:sn84024055:00280761060:1912042701:0080,titanic,"…. w. d. cook, rev. e. l. birt, rev. l. e. christy, rev. a. n. webb, rev. j. w. reynolds 'were present at the afternoon service. judge a. c mayo at 8 o'clock preached to a vast congregation. his subject was the spiritual titanic his remarks were inspiring and uplifting, one precious soul united into the church. april 28. the pastor will preach morning and evening. april 29, club no. 2. will give a musical and children's contest. may 2nd club. n…",,1
sn84024283,"iron county register (ironton, iron county, mo.) 1867-1965",ironton,iron,missouri,weekly,titanic-1912,1912-04-25,3,yes,1912-04-25,2,https://www.loc.gov/resource/sn84024283/1912-04-25/ed-1/?sp=2&q=titanic,https://tile.loc.gov/image-services/iiif/service:ndnp:mohi:batch_mohi_igoo_ver01:data:sn84024283:00294556746:1912042501:1001,titanic,"…to swim and per !orm other wnrk illustrative of the ior':onfervattok of energy. says si sent monday operator asked by 6enators about delay in informing world of the disaster. sent message ship sunk few hours after wreck titanic key man admits to commit tee that the steamship call fornia tried to warn him of ice. new, york, n. y. the delay of more than 12 hours in getting news of the titanic disaster ashore, and the cruel reassuring messages th…",,1
sn84024585,"narodni vestnik = national herald (duluth, minn.) 1911-????",duluth,saint louis,minnesota,weekly,titanic-1912,1912-04-18,4,yes,1912-04-18,1,https://www.loc.gov/resource/sn84024585/1912-04-18/ed-1/?sp=1&q=titanic,https://tile.loc.gov/image-services/iiif/service:ndnp:mnhi:batch_mnhi_okul_ver01:data:sn84024585:00199919441:1912041801:0274,titanic,"…i grozna nesreča na morju. na|več|l parnlk na svelu pri *»vo|i prvi vožn|l v ameriko zadel ob ledenik pri cape race* hm f„ in se polopll. 1494 človeških žrtev. n«w» fnundlandi j«, 15 aprila^—• največji parni"", ua hvitu. titanic"". laat white htar druibe, zadel ,ie sinou ok»'i m. »iiv ob velikanski, i'm« .'cvljev visoki iti |ul milj«* dolgi plavajo tu ledenik. nesreč« pripetil* «e j« glasom hrenričnega poročila na morju 41 4t severne birme ju 50…",,1
sn84024716,"lexington gazette (lexington, va.) 1871-1962",lexington,,virginia,weekly,titanic-1912,1912-04-17,5,yes,1912-04-17,4,https://www.loc.gov/resource/sn84024716/1912-04-17/ed-1/?sp=4&q=titanic,https://tile.loc.gov/image-services/iiif/service:ndnp:vi:batch_vi_franck_ver02:data:sn84024716:00175032678:1912041701:0950,titanic,"…w. d. deacon an j. h. glasgow, members of the con mittee of the school trustees, an j. n. hotinger, fo.mer corn demo strator, were also present at th meeting. bovs' corn club organized fearful toll of sea in disaster of titanic steamship the titanic, of the white star line, the largest and most luxurious ship in the world, struck an iceherg off the bau ks of new foundland, about 1,100 miles east of new york, sunday night at about 10:30 o'clock…",,1
sn84024779,"the wahpeton times (wahpeton, richland county, dakota [n.d.]) 1879-1919",wahpeton,richland,north dakota,weekly,titanic-1912,1912-04-18,3,yes,1912-04-18,1,https://www.loc.gov/resource/sn84024779/1912-04-18/ed-1/?sp=1&q=titanic,https://tile.loc.gov/image-services/iiif/service:ndnp:ndhi:batch_ndhi_colfax_ver01:data:sn84024779:00295863766:1912041801:0132,titanic,"…endering of lard within city limits. that. may 4th be a general clean up day and scouts be in vited to take part in general clean up of city. i. a. casperson the walcott merchant was in the city tues day. *s» ^*af r"" 1 ""titanic"" sms oh its maiden voyage monster liner colldss with iceberg off new foundland banks. boats pick up 328 passengers remainder of passengers and crew go to the bottom of atlantic. all but 450 passengers saved. new york, *…",,1
sn84024827,"bisbee daily review (bisbee, ariz.) 1901-1971",bisbee,cochise,arizona,daily,titanic-1912,1912-04-16,29,yes,1912-04-16,1,https://www.loc.gov/resource/sn84024827/1912-04-16/ed-1/?sp=1&q=titanic,https://tile.loc.gov/image-services/iiif/service:ndnp:az:batch_az_javelina_ver01:data:sn84024827:00211105331:1912041601:0793,titanic,"…allen line steamers that were in vicinity of disaster. boston, april 15 a a wireless message picked up ute tonight and relayed from the olympic, says the carpathia is on its way to new york with 866 passengers from the titanic aboard. 4 the olympic's dispatch follows: ""carpathia reached the tltanic's position about daybreak. found the beat's wreckage only. the titanic sank about 2:20 a.m. in 41:1c n. 5:14 w. all her bat3 accounted for, contal…",,1
sn84025811,"the seattle republican (seattle, wash.) 1???-1915",seattle,king,washington,weekly,titanic-1912,1912-04-19,4,yes,1912-04-19,1,https://www.loc.gov/resource/sn84025811/1912-04-19/ed-1/?sp=1&q=titanic,https://tile.loc.gov/image-services/iiif/service:ndnp:wa:batch_wa_alder_ver01:data:sn84025811:00211100540:1912041901:0131,titanic,"…ain 305 and some one will call for your notice and your trouble is ended. it is safe to say that within the history of modern civilization a more shocking dis aster has not occurred than the destruction of the steamship titanic, which recently went to the bottom with perhaps an un known number of human beings. whether or not the officers were either directly or indirectly at fault for the appalling loss of life on account of a lack of accompan…",,1
sn84025828,"chicago eagle (chicago, ill.) 1889-19??",chicago,cook county,illinois,monthly,titanic-1912,1912-04-27,1,yes,1912-04-27,3,https://www.loc.gov/resource/sn84025828/1912-04-27/ed-1/?sp=3&q=titanic,https://tile.loc.gov/image-services/iiif/service:ndnp:iune:batch_iune_alpha_ver01:data:sn84025828:00294555778:1912042701:0809,titanic,…calling upon tho department of commerco and labor to enforce more stringent inspection and rcgutatin of the pas senger boats plying on the great lakes to prevent the possibility of such a disaster as tho sinking of the titanic. tho department is asked to institute an immediate inquiry as to th'o protection offered passengers. aldermen nanco and coughlin in troduced and had passed similar res olutions and half a dozen other alder men had inten…,,1
sn84023253,"st. johnsbury caledonian (st. johnsbury, vt.) 1867-1919",saint johnsbury,caledonia,vermont,weekly,titanic-1912,1912-04-24,2,yes,1912-04-24,2,https://www.loc.gov/resource/sn84023253/1912-04-24/ed-1/?sp=2&q=titanic,https://tile.loc.gov/image-services/iiif/service:ndnp:vtu:batch_vtu_enosburg_ver01:data:sn84023253:00202196962:1912042401:0146,titanic,"…rse than in other states and there are great possibilities here. the trouble is we do not realize how great they are. he closed with an eloquent portrayal of the responsi bility that was placed on the men on the sinking titanic and how val iantly they met it. the duty of the young men of vermont is to measure their responsibility by the possibilities before them. saturday's session. on saturday the regular work of the convention was taken, the…",,1
sn84026089,"the lambertville record (lambertville, n.j.) 1872-1968",lambertville,hunterdon,new jersey,weekly,titanic-1912,1912-04-19,3,yes,1912-04-19,1,https://www.loc.gov/resource/sn84026089/1912-04-19/ed-1/?sp=1&q=titanic,https://tile.loc.gov/image-services/iiif/service:ndnp:njr:batch_njr_beachhaven_ver01:data:sn84026089:00513684897:1912041901:0285,titanic,"…y and died peacefully in her own home, and every where when the red cross work is mentioned there is a thought for clara barton, a monument not made with hands, a blessing for one of the finest products of civilization. titanic. thu sinking of the titauio is (ho most fearful tragedy of recout years. the horror of it is more than the wind cau grasp, in the construction of this mngnitloeut vessel every effort was made to excel all other oooun go…",,1
sn84022835,"the red cloud chief (red cloud, webster co., neb.) 1873-1923",red cloud,webster,nebraska,weekly,titanic-1912,1912-04-18,7,yes,1912-04-18,9,https://www.loc.gov/resource/sn84022835/1912-04-18/ed-1/?sp=9&q=titanic,https://tile.loc.gov/image-services/iiif/service:ndnp:nbu:batch_nbu_eisley_ver01:data:sn84022835:00237285141:1912041801:0437,titanic,"…o mexican people responsible for nil wanton or illegal nets sacrificing or endangering american llfo or endan gering american property or inter, esto."" big ship 8trlkes in iceberg. montreal, quebec. tho whllo star liner titanic, with nearly 1,000 souls aboard, is reported in advices received here to havo ntruck nn iceberg. tho news was received at tho allan lino offices in a wireless message of tho captain of tho steamer virginian ofj that lin…",,1
sn84026488,"carolina watchman (salisbury, n.c.) 1871-1937",salisbury,rowan,north carolina,weekly,titanic-1912,1912-04-17,3,yes,1912-04-17,1,https://www.loc.gov/resource/sn84026488/1912-04-17/ed-1/?sp=1&q=titanic,https://tile.loc.gov/image-services/iiif/service:ndnp:ncu:batch_ncu_fennel_ver02:data:sn84026488:00279558765:1912041701:0049,titanic,"…record. many wealthy people lost. new york, april 16 —more than 1,500 persons, it is feared, sank to death early yesterday, when within fonr hours after she crashed into an iceberg, the mam mouth white star line steamer titanic, bound from liverpool to new york, on her maiden voyage, went to the bottom off the new foundland banks. of the ap proximately 2,200 persons on board the giant liner, some of them of world-wide jirominenoe, only 675 are…",,1
sn84026497,"the forest republican (tionesta, pa.) 1869-1952",tionesta,forest,pennsylvania,weekly,titanic-1912,1912-04-17,4,yes,1912-04-17,2,https://www.loc.gov/resource/sn84026497/1912-04-17/ed-1/?sp=2&q=titanic,https://tile.loc.gov/image-services/iiif/service:ndnp:pst:batch_pst_mateer_ver01:data:sn84026497:0021247793A:1912041701:0689,titanic,"…ickory hnwe-rrnokston lvncb jenks duhring marienville kingsley kellett ville.. may burg newtown tionesta borough tionesta township totala world's greatest sea horror. feared that 1200 lives are lost when the big steamer titanic sinks. new yobk, april 15.-more than 1,200 persons, it is feared, sank to dealb early today, when within four boura after she crashed into an iceberg, the rosin motb white star line steamer titanic, bound from liverpool…",,1
sn84026688,"catoctin clarion (mechanicstown, md.) 1871-1940",thurmont,frederick,maryland,weekly,titanic-1912,1912-04-18,2,yes,1912-04-18,3,https://www.loc.gov/resource/sn84026688/1912-04-18/ed-1/?sp=3&q=titanic,https://tile.loc.gov/image-services/iiif/service:ndnp:mdu:batch_mdu_alvarez_ver01:data:sn84026688:00296029993:1912041801:0305,titanic,"…llower of that greatest leader of men, he has all the elements in him that go to make up a true representative of the people. (published by authority of a. c. stiute, political agent.) great sea disaster! (iiant stennut titanic crashes into iceberg 400 miles off newfoundland coast. drowned, 1,302: saved. sos. (from the baltimore suu.) the titanic, of the white star line, bound from liverpool to new york on her maiden trip, was sunk in collisio…",,1
sn84026749,the washington times (washington [d.c.]) 1902-1939,washington,,district of columbia,daily,titanic-1912,1912-04-15,131,yes,1912-04-15,1,https://www.loc.gov/resource/sn84026749/1912-04-15/ed-1/?sp=1&q=titanic,https://tile.loc.gov/image-services/iiif/service:ndnp:dlc:batch_dlc_hawaiian_ver01:data:sn84026749:00294557696:1912041501:0149,titanic,"jft. rtw7' ""hwrts!, pp pinpk1 y, 7- probacy showers to night or tuesday. otmber 7420. liner titanic kept afloat by water-tight compartments being towed into halifax, n. s. major archibald butt. 'mrs. olive souder in dan gerous condition as re sult, of quarrel. mrjsir6siepa0gett isunder arrest daughter-in-law tries to…",,1
sn84026784,"virginia free press (charlestown, va. [w. va.]) 1832-1916",charles town,jefferson,west virginia,weekly,titanic-1912,1912-04-18,5,yes,1912-04-18,4,https://www.loc.gov/resource/sn84026784/1912-04-18/ed-1/?sp=4&q=titanic,https://tile.loc.gov/image-services/iiif/service:ndnp:wvu:batch_wvu_goalby_ver01:data:sn84026784:00514157352:1912041801:0402,titanic,"…ternal credit of ameri r can and british manhood, no such scenes as disgraced the latin t. race when the “bourgogne” sank, and her crew drove the weaker sex from the boats, in a mad scramble for life, occurred when the “titanic” went down last sunday with over thirteen hun dred souls aboard. the chivalrous unwritten rule of the sea “women and children first” was obeyed without mur mur; some of the richest men in america making way for poor imm…",,1
sn84026820,"middletown transcript (middletown, del.) 1868-current",middletown,new castle,delaware,weekly,titanic-1912,1912-04-20,4,yes,1912-04-20,2,https://www.loc.gov/resource/sn84026820/1912-04-20/ed-1/?sp=2&q=titanic,https://tile.loc.gov/image-services/iiif/service:ndnp:deu:batch_deu_crucio_ver01:data:sn84026820:00271765071:1912042001:0082,titanic,"…ript ntllosid ktikt saturday morkiko middletown, new oastle county. delaware —by— t. s. fouracre. distanci 'phon* no. 37. pong inured at o* pohoglce as tecon 1-clau matter middlxiowv, del, april 80, 1818 the loss of the titanic a heartbreaking tragedy of the sea, this sinking of the titan ic with her precious freight of 1500 souls—all the more over terrible because unnecessary! perhaps the loss of this su perb achievement in ship build ing, wa…",,1
sn84026788,"spirit of jefferson (charles town, va. [w. va.]) 1844-1948",charles town,jefferson,west virginia,weekly,titanic-1912,1912-04-16,3,yes,1912-04-16,2,https://www.loc.gov/resource/sn84026788/1912-04-16/ed-1/?sp=2&q=titanic,https://tile.loc.gov/image-services/iiif/service:ndnp:wvu:batch_wvu_jacklin_ver01:data:sn84026788:00514157649:1912041601:0284,titanic,"…between tile states, will come from rome to attend the ceremonies. the principal speaker will be col. r. p. chew, of charles town. the greatest ocean disaster ever known o.'curred at an early hour yesterday morning. the titanic, of the white star line, b utid from liverpool ton;w york 01 l.er maiden trip, wassunk about 1,100 miles east of new york in collision with an iceburg. kifteeu hundred and twenty-five persons were reported drowned and 6…",,1
sn84026824,"shepherdstown register (shepherdstown, va. [w. va.]) 1849-1955",shepherdstown,jefferson,west virginia,weekly,titanic-1912,1912-04-18,2,yes,1912-04-18,2,https://www.loc.gov/resource/sn84026824/1912-04-18/ed-1/?sp=2&q=titanic,https://tile.loc.gov/image-services/iiif/service:ndnp:wvu:batch_wvu_bones_ver01:data:sn84026824:00271767924:1912041801:0068,titanic,"…sives, woodrow wilson, had even a greater victory. it is truly encouraging when both parties in such a great state stand for progressive men and measures. what a costly price we haye to pay for luxuries 1 the great ship titanic was built for gratification of those who desire elegance and luxury and comfort. the space that should have been used for life-boats and safety appliances was given over to palm rooms and theatre and ballroom and simila…",,1
sn84026907,"the lexington dispatch (lexington, south carolina) 1870-1917",lexington,lexington,south carolina,weekly,titanic-1912,1912-04-24,2,yes,1912-04-24,6,https://www.loc.gov/resource/sn84026907/1912-04-24/ed-1/?sp=6&q=titanic,https://tile.loc.gov/image-services/iiif/service:ndnp:scu:batch_scu_bogoff_ver01:data:sn84026907:00295862968:1912042401:0258,titanic,"…descending came the havoc and the blight, golden dreams forever ending in the gloom of starless night. 3,423 sacks oi mall lost. according to a statement of postmaster edward m. morgan, of new york, the white star liner titanic had on board 3,423 sao^s of mail. as the standard ocean mail bag holds about 2,000 letters, it is estimat ed that in all about 7,000,000 pieces of mail matter have been lo9t. about 200 bags contained registered matter.…",,1
sn84026853,"the abbeville press and banner (abbeville, s.c.) 1869-1924",abbeville,abbeville,south carolina,triweekly,titanic-1912,1912-04-17,8,yes,1912-04-17,1,https://www.loc.gov/resource/sn84026853/1912-04-17/ed-1/?sp=1&q=titanic,https://tile.loc.gov/image-services/iiif/service:ndnp:scu:batch_scu_kingjulius_ver01:data:sn84026853:00202192956:1912041701:0171,titanic,"…further news, though thread of hope is slightsurvivors mostly women and children. new york, april 15.?the olympic dispatch follows: ""pnrnathia rpaohprl the titanir. nn sition at daybreak. ""found boats and wreckage only. titanic sank about 2:20 a. m. in41.16 north; 50.14 west. all her boats ac counted for, containing about 675 souls saved, crew and passengers in cluded. nearly all saved women and children. leland liner california re mained and…",,1
sn84026912,"keowee courier (pickens court house, s.c.) 1849-current",walhalla,oconee,south carolina,weekly,titanic-1912,1912-04-17,5,yes,1912-04-17,1,https://www.loc.gov/resource/sn84026912/1912-04-17/ed-1/?sp=1&q=titanic,https://tile.loc.gov/image-services/iiif/service:ndnp:scu:batch_scu_imanidevore_ver02:data:sn84026912:0029455869A:1912041701:0947,titanic,"…ngers-major ar cillo huit mid mr. mid mrs. jait rollo, of qcorgini, among those on board-tho groat ship cost $10, 000,000; insured for $5,000,000. tho bluer collided with iceberg. now york, april ib.-thc giant steamship titanic. of the white star iiine. which collided with an iceberg at 10.4r o'clock sunday night, off the coast of newfoundland, went to tho bottom nt 2.2 0 o'clock monday morning, and it ls admitted that, many lives have been lo…",,1
sn84026925,"yorkville enquirer (yorkville, s.c.) 1855-2006",york,york,south carolina,weekly,titanic-1912,1912-04-16,7,yes,1912-04-16,2,https://www.loc.gov/resource/sn84026925/1912-04-16/ed-1/?sp=2&q=titanic,https://tile.loc.gov/image-services/iiif/service:ndnp:scu:batch_scu_dogwood_ver01:data:sn84026925:0029586221A:1912041601:0086,titanic,"…yd has given orders for the building of a new liner, larger than any now in j the service, is explained at the steamj ship offices in new york to mean that a liner of 54, 000 tons, 8,000 tons bigger than the olympic and titanic, is to be launched to put germany again in the first place in the trans-atlantic service. moreover, it is said that the new liner to be named after one of the great leaders in american history, will be the first of a fl…",,1
sn84027101,"luxemburger gazette (dubuque, iowa) 1871-1918",dubuque,dubuque,iowa,weekly,titanic-1912,1912-04-23,5,yes,1912-04-23,1,https://www.loc.gov/resource/sn84027101/1912-04-23/ed-1/?sp=1&q=titanic,https://tile.loc.gov/image-services/iiif/service:ndnp:iahi:batch_iahi_nincada_ver01:data:sn84027101:0034058434A:1912042301:0360,titanic,"…sch stsführer. redakteur. tl md detee mr den order oder bankanweisnng gesandl werden, übernehmen wir die verantwortlichteu. job arbeiten aller art werden geschmackvoll und zu mäßigen preisen hergestellt. unntergang der „titanic“. furchtbare scenen bei ankunst der „carpathia““ in new york. die schilderunzen von augenzeugen. sinnlose schnelligkeits-konkurrenz; und mangel an rettungsbooten hauptschuld an jenem schreclichen menschenverlust. beschl…",,1
sn84027621,"the ocala evening star (ocala, fla.) 1895-1943",ocala,marion,florida,daily,titanic-1912,1912-04-16,22,yes,1912-04-16,1,https://www.loc.gov/resource/sn84027621/1912-04-16/ed-1/?sp=1&q=titanic,https://tile.loc.gov/image-services/iiif/service:ndnp:fu:batch_fu_beaty_ver01:data:sn84027621:00295865854:1912041601:0419,titanic,"…tork. april 16. her prow bat tered and part of her upper works shattered by the tons of ice which fell upon them when she crashed head on into an iceberg off the coast of newfoundland sunday night, the white star liner titanic, the greatest steamship afloat. is being towed pre sumably toward halifax by the allan line steamship virginian, which was the first boat to reach her, as well as the first to answer her wireless call for aid. her passe…",,1
sn84027718,"connecticut western news (salisbury, litchfield co., conn.) 1871-1970",north canaan,litchfield,connecticut,weekly,titanic-1912,1912-04-18,9,yes,1912-04-18,1,https://www.loc.gov/resource/sn84027718/1912-04-18/ed-1/?sp=1&q=titanic,https://tile.loc.gov/image-services/iiif/service:ndnp:ct:batch_ct_beatles_ver01:data:sn84027718:00271763918:1912041801:0135,titanic,"…a couple of fat cullud ladies by the heroic firemen. the boys have every reason to con gratulate themselves on the success of their undertaking, especially as it will put about $150 into tbe company's treasury. the lost titanic the titanio which sank at sea, the greatest of modern leviathans, exceeded even the monster olympic in size. in addition she was the most luxuriously fitted and furnished vessel ever sent to saa. the vessel was 888 feet…",,1
sn84028473,"the mahoning dispatch (canfield, mahoning county, ohio) 1877-1968",canfield,mahoning,ohio,weekly,titanic-1912,1912-04-19,14,yes,1912-04-19,1,https://www.loc.gov/resource/sn84028473/1912-04-19/ed-1/?sp=1&q=titanic,https://tile.loc.gov/image-services/iiif/service:ndnp:ohi:batch_ohi_alpha_ver01:data:sn84028473:00211100424:1912041901:0608,titanic,…s monday and tuesday from the political grind of roosevelt taft bryan co v mrs wm t graham and daughter margaret of lisbon and mrs geo dt wick of youngstown are reported among the rescued party on board of the ill fated titanic misses epha and kit wilson ac companied by their mother were in youngstown on saturday shopping with the stores which advertise in tho mahoning dispatch it is notexpected that the peach crop will overstock the market th…,,1
sn84029690,"the hays free press (hays, kan.) 1908-1924",hays,ellis,kansas,weekly,titanic-1912,1912-04-27,1,yes,1912-04-27,4,https://www.loc.gov/resource/sn84029690/1912-04-27/ed-1/?sp=4&q=titanic,https://tile.loc.gov/image-services/iiif/service:ndnp:khi:batch_khi_douglas_ver01:data:sn84029690:00212473194:1912042701:0287,titanic,"…ajssesssiei -d. ""i we bare beard so much lately about ships running 'at a speed of knots an hour"". a knot is 6080 feet or 400 feet more than a mile, so easily figured, 22 knots being 23 j miles an boar, the speed of the titanic when it ran on the iceberg and 1640 people per isned in the sea. call and see the new special work at triggs studio on south fortitreet. methodist church services. rev. haie this sunday will epeak from the bubject ""the…",,1
sn84029386,"abilene weekly reflector (abilene, kan.) 1888-1935",abilene,dickinson,kansas,weekly,titanic-1912,1912-04-18,5,yes,1912-04-18,2,https://www.loc.gov/resource/sn84029386/1912-04-18/ed-1/?sp=2&q=titanic,https://tile.loc.gov/image-services/iiif/service:ndnp:khi:batch_khi_mission_ver01:data:sn84029386:00295871556:1912041801:0179,titanic,"…re tenors."" said roosevelt. ""i believe i can furnish them, but wharabout the basses,"" said st. peter. ,70h, i'll sing bass,"" said roosevelt. speaking of the value of money, john jacob astor who with his bride was on the titanic is worth about $150,000,000. how much would that money have been worth to him it he. tried to buy two seats in a life boat as the big ship was sinking? mpmpmwhbssajswbsssbhbssmsbma you probably will not see it in the ka…",,1
sn84031081,"albuquerque morning journal (albuquerque, n.m.) 1903-1926",albuquerque,bernalillo,new mexico,daily,titanic-1912,1912-04-15,60,yes,1912-04-15,1,https://www.loc.gov/resource/sn84031081/1912-04-15/ed-1/?sp=1&q=titanic,https://tile.loc.gov/image-services/iiif/service:ndnp:nmu:batch_nmu_javelina_ver01:data:sn84031081:00296025380:1912041501:0963,titanic,"…with fatal effect harrington iisrk, x. j 'j'vvo person wore mile hum a nt'ore injiinil, lously when thu collapse april 14. i alld more several m' i' ll i"" i iio riiior wireless flashes calls for assistance as steamship titanic begins to settle last message from doomed vessel ends abruptly indicating worst has occurred, thus recording one of most shock ing tragedies of sea in history; appeals for aid picked up and these are promptly communicat…",,1
sn84032425,"the carlisle arrow (carlisle, pa.) 1908-1917",carlisle,cumberland,pennsylvania,weekly,titanic-1912,1912-04-26,1,yes,1912-04-26,3,https://www.loc.gov/resource/sn84032425/1912-04-26/ed-1/?sp=3&q=titanic,https://tile.loc.gov/image-services/iiif/service:ndnp:dlc:batch_dlc_cheetah_ver02:data:sn84032425:00543171724:1912042601:0725,titanic,"…nd practical. louis f. paul, ’06, writes from portland, oregon, that the more he mingles with the world that much more does he realize and appreciate the principles for which carlisle stands. memorial exercises for lost titanic. both the protestant and catholic students held memorial exercises for the heroic dead of the giant steamer titanic, which went down near the newfoundland ice fields about a week ago. the exercises were impressive and f…",,1
sn84036059,"big arm graphic (big arm, mont.) 1911-191?",big arm,lake,montana,weekly,titanic-1912,1912-04-24,1,yes,1912-04-24,1,https://www.loc.gov/resource/sn84036059/1912-04-24/ed-1/?sp=1&q=titanic,https://tile.loc.gov/image-services/iiif/service:ndnp:mthi:batch_mthi_dillon_ver01:data:sn84036059:00517178421:1912042401:0073,titanic,"…cks, churches, schools, dwellings, fann buildings, and does all kinds of remodeling. plans and estimates furnished. big arm graphic big arm, flathead county, montana, wednesday, april 24, 1912, 1,595 lives lost with the titanic the titanic, the largest ship in the world, making her first voyage cross the atlantic, struck an iceberg at 10: 25 sunday night. april 14, 1150 miles east of new york, and 450 miles south of capo race. n. f. there were…",,1
sn84036220,"fergus county democrat (lewistown, mont.) 1904-1919",lewistown,fergus,montana,weekly,titanic-1912,1912-04-16,5,yes,1912-04-16,1,https://www.loc.gov/resource/sn84036220/1912-04-16/ed-1/?sp=1&q=titanic,https://tile.loc.gov/image-services/iiif/service:ndnp:mthi:batch_mthi_egret_ver02:data:sn84036220:00295861022:1912041601:0594,titanic,"…gus county democrat, courtesy great falls leader: cape race, n. f., april 16.—one of the greatest catastrophes of modern times occurred yesterday morning be tween the hours of 2 and 3 o'clock, when the white star liner; titanic, went to the bottom with more than twelve hundred passengers aboard. eight hundred passengers, including all of the first class passengers and women, were taken off the monster boat a few hours previous and loaded into…",,1
sn84037526,"st. croix avis (christiansted, st. croix [v.i.]) 1844-current",christiansted,saint croix,virgin islands,daily,titanic-1912,1912-04-17,8,yes,1912-04-17,3,https://www.loc.gov/resource/sn84037526/1912-04-17/ed-1/?sp=3&q=titanic,https://tile.loc.gov/image-services/iiif/service:ndnp:vnstcsc:batch_vnstcsc_christiansted_ver02:data:sn84037526:00414180942:1912041701:0130,titanic,"…the grievauces of the surfacemen are unremedied. it is reported that the north german lioyd is determined to outbuild the white star coy, and have, theretore, ordered a ves sel to be eight thousand tons larger than the “titanic”, or tour thousand tons larger than the “imperator” now building. her exact tonpage is reserved, but she will pro bably be about fifty four thousand, and it is to be ready by 1914, and will cost two mil lion pounds. she…",,1
sn84037844,"the clarksburg telegram (clarksburg, w. va.) 1874-1926",clarksburg,harrison,west virginia,weekly,titanic-1912,1912-04-18,6,yes,1912-04-18,1,https://www.loc.gov/resource/sn84037844/1912-04-18/ed-1/?sp=1&q=titanic,https://tile.loc.gov/image-services/iiif/service:ndnp:wvu:batch_wvu_jones_ver02:data:sn84037844:00415664928:1912041801:0541,titanic,"…is on hand to make rescue. new york, april 13?officials 'of the white star line steam ship company had received no word at 8 o'clock to-' da)-, other than from the press, of a reported collision of the giant 'steamship, titanic, with au iceberg, and which according to a wireless, wbb reported to be sinking in the at lantic ocean. the following state-j ment was made by the company: ""twelve hours have pessed since the collision was reported, and…",,1
sn84037890,"the hartford herald (hartford, ky.) 1875-1926",hartford,ohio,kentucky,weekly,titanic-1912,1912-04-17,5,yes,1912-04-17,1,https://www.loc.gov/resource/sn84037890/1912-04-17/ed-1/?sp=1&q=titanic,https://tile.loc.gov/image-services/iiif/service:ndnp:kyu:batch_kyu_copper_ver01:data:sn84037890:0017504534A:1912041701:0985,titanic,"…fe mammoth $10,000,000 li ner meets disaster on maiden voyage. awfu f wireless calls 1jiung hem cllallfax, n. s., april 15. the canadian government marine agen cy hero at 4:15 p. m. received a wireless dispatch that the titanic la sinking. the message came via tho cable ship mlnla oft cape race. it said that the steamers towing the titanic were endeavoring to get into shoal water near cape race lor the purpose of beaching her. wireless dispatc…",,1
sn84038095,"the denison review (denison, iowa) 1867-current",denison,crawford,iowa,weekly,titanic-1912,1912-04-17,7,yes,1912-04-17,1,https://www.loc.gov/resource/sn84038095/1912-04-17/ed-1/?sp=1&q=titanic,https://tile.loc.gov/image-services/iiif/service:ndnp:iahi:batch_iahi_ferguson_ver01:data:sn84038095:0029587529A:1912041701:1022,titanic,"…in our anniversary sales other dealers will probably try to copy this sale. all we ask of you is a care ful comparison of prices and merchan dise. -fr1^,':»- itr*~rt*y '5 hundreds meet watery grave the floating palace ""titanic"" col lides with huge iceberg off coast of newfoundland. 1,300 people are drowned men of millions stand back while helpless women and children are saved in life boats. the world was startled monday morning by a i-eport t…",,1
sn84038306,"manchester democrat (manchester, iowa) 1875-1930",manchester,delaware,iowa,weekly,titanic-1912,1912-04-17,5,yes,1912-04-17,1,https://www.loc.gov/resource/sn84038306/1912-04-17/ed-1/?sp=1&q=titanic,https://tile.loc.gov/image-services/iiif/service:ndnp:iahi:batch_iahi_bettendorf_ver01:data:sn84038306:00295875574:1912041701:0339,titanic,"…d ikap v01 xxxviii worst sea disaster. 1500 people drown. largest of ocean steamers strikes: iceberg and founders. many noted passengers on vessel 657, mostly women syid children, are rescued in life* r„*'• boa,t«. *the titanic, the world's largest liner,' struck an iceberg about 450 moes. bouttfc of new foundland ai 2:20 monday morning and foundered in about 4 hours after the accident. 'wireless messages started aever-1 vessels to the rescue,…",,1
sn84038335,"missouri valley times (missouri valley, iowa) 1874-1931",missouri valley,harrison,iowa,weekly,titanic-1912,1912-04-18,4,yes,1912-04-18,1,https://www.loc.gov/resource/sn84038335/1912-04-18/ed-1/?sp=1&q=titanic,https://tile.loc.gov/image-services/iiif/service:ndnp:iahi:batch_iahi_landers_ver01:data:sn84038335:00415622806:1912041801:0554,titanic,"'s33w. vol. 44 tin: i 'iiniirilo!' iienritii.' •ss n carpathia nears new york with survivors of ill-fated titanic scout cruisers racing to meet the rescue ship and get authentic story of the disaster. details still lacking ""brief wireless message from boat says that all wom en on the liner were*' saved. •wireless working badly hffo…",,1
sn85000631,"the washburn leader (washburn, mclean county, n.d.) 1890-1986",washburn,mclean,north dakota,weekly,titanic-1912,1912-04-19,6,yes,1912-04-19,1,https://www.loc.gov/resource/sn85000631/1912-04-19/ed-1/?sp=1&q=titanic,https://tile.loc.gov/image-services/iiif/service:ndnp:ndhi:batch_ndhi_hydrogen_ver01:data:sn85000631:0019991828A:1912041901:0556,titanic,"…e than any one man can dig out of it. heavy loss of life the most fearful disaster in the his tory of navigation took place sunday night about 1,300 miles east of new york and about 400 from cape race, newfoundland. the titanic the larg est vessel afloat, on her maiden trip across the ocean, crashed into an ice berg and began to sink immediately. the steamer carpathia went to their rescue at once and took 868 abroad, mostly women and children.…",,1
sn85007266,"the wallace miner (wallace, idaho) 1907-current",wallace,shoshone,idaho,weekly,titanic-1912,1912-04-25,1,yes,1912-04-25,4,https://www.loc.gov/resource/sn85007266/1912-04-25/ed-1/?sp=4&q=titanic,https://tile.loc.gov/image-services/iiif/service:ndnp:idhi:batch_idhi_grafton_ver01:data:sn85007266:00415669008:1912042501:0484,titanic,"…rucial test. the following, taken from the spokesman-review of april 18, pays a fitting tribute to the bravery and manhood of some of those who sacrificed their lives to save those of women and children on the ill-fated titanic: out of the pitblaek darkness and lurid terror of the trag edy of the titanic shines the star of the divineness of man. the chivalry, heorism and self-sacrifice of americans and english men in defense of helpless women…",,1
sn85025007,"alexandria gazette (alexandria, d.c.) 1834-1974",alexandria,alexandria,virginia,daily,titanic-1912,1912-04-15,40,yes,1912-04-15,1,https://www.loc.gov/resource/sn85025007/1912-04-15/ed-1/?sp=1&q=titanic,https://tile.loc.gov/image-services/iiif/service:ndnp:vi:batch_vi_isogawa_ver01:data:sn85025007:00415664011:1912041501:0414,titanic,"…ut said to be making her way to (.'ape race. new york, april 1:1.?wireless dispatches from captain ii. .j. haddock of the white star liner olympic says that five boat loads of passenders have been taken from the sinking titanic by the parisian of the allan line and that twenty othj ers have beeii taken off (?y the cunj aid liner carpathia. the parisian and carpathia are j standing by the titanic and the 15alj tic was reported as approaching; b…",,1
sn85025350,"frostburg mining journal (frostburg, md.) 1871-1913",frostburg,allegany,maryland,weekly,titanic-1912,1912-04-20,4,yes,1912-04-20,1,https://www.loc.gov/resource/sn85025350/1912-04-20/ed-1/?sp=1&q=titanic,https://tile.loc.gov/image-services/iiif/service:ndnp:mdu:batch_mdu_jessup_ver01:data:sn85025350:print:1912042001:0261,titanic,"…h are substantial young people, with a bright prospect of a happy, successful life. how it happened. in the post-office tuesday morning the journai, received and read the huge top line in the baltimore even ing sun— all titanic passengers are safe!” then it was shown to others, and all were glad. later another copy of the evening sun came through the box. top line: “virginian failed to save any!” then all were disappointed” and grieved. y both…",,1
sn85025371,"clarke courier (berryville, va.) 1869-1997",berryville,clarke,virginia,weekly,titanic-1912,1912-04-17,3,yes,1912-04-17,1,https://www.loc.gov/resource/sn85025371/1912-04-17/ed-1/?sp=1&q=titanic,https://tile.loc.gov/image-services/iiif/service:ndnp:vi:batch_vi_longines_ver01:data:sn85025371:00542867279:1912041701:0275,titanic,"…ty and berryville, .and trust to be favored with a liberal patronage. on as. k. jonks. shocking marine disaster hip worst marine disaster in the world's history occurred sunday night, when the great floating palace, the titanic, plying between new \ork and liverpool, struck an iceberg while about 1,300 miles from new ork, coming in on her first trip. the loss of life is variously estimated at from 1,400 to 1,600. wireless messages of the acci…",,1
sn85025431,"mower county transcript (lansing, minn.) 1868-1915",austin,mower,minnesota,weekly,titanic-1912,1912-04-24,5,yes,1912-04-24,2,https://www.loc.gov/resource/sn85025431/1912-04-24/ed-1/?sp=2&q=titanic,https://tile.loc.gov/image-services/iiif/service:ndnp:mnhi:batch_mnhi_saturn_ver01:data:sn85025431:00212472323:1912042401:0562,titanic,"…and when ear® a l9 be made and sold by, [titioned the authorities to'be allowed ans rasmussen co., to wed him. her strange request was 3tf mill st., austin, minn^ not granted. prisoner was guillotined she immqdiately petitanic orror !»,£jgs»sm.sea-s 9 city of austin^ secprfd ward ji city of austin, third ward 7 austin town 2 adams town ..rn .-v»\ ,2 passengers on giant liner slow to realize tiieir immi-. denuangsn meni sfep aside tor women an…",,1
sn85025570,"the redwood gazette (redwood falls, minn.) 1873-1940",redwood falls,redwood,minnesota,weekly,titanic-1912,1912-04-16,3,yes,1912-04-16,9,https://www.loc.gov/resource/sn85025570/1912-04-16/ed-1/?sp=9&q=titanic,https://tile.loc.gov/image-services/iiif/service:ndnp:mnhi:batch_mnhi_charleston_ver01:data:sn85025570:0038334704A:1912041601:0177,titanic,"…weler a*d optician ft£dwood falls, minn. gibson returns -i^^fetfenn that p^firpjq^n^ over 1,500 drown giant steamer sinks new york, april 15.—the text of the message from the steamer olympic reporting the sinking of the titanic and the rescue of 675 survivors, which reached here late tonight, also expressed the opinion that 1,800 lives were lost. ""loss likely to total 1800,"" the dispatch said in its concluding sentence. the olmpic's dispatcn f…",,1
sn85026941,"shenandoah herald (woodstock, va.) 1865-1974",woodstock,shenandoah,virginia,weekly,titanic-1912,1912-04-19,2,yes,1912-04-19,2,https://www.loc.gov/resource/sn85026941/1912-04-19/ed-1/?sp=2&q=titanic,https://tile.loc.gov/image-services/iiif/service:ndnp:vi:batch_vi_jennet_ver02:data:sn85026941:00393348380:1912041901:0269,titanic,"…lling th< system with bilious poison, that dr. king’s new life pills would expel. try them. let the joy of better feel ings end ""the blues.” best for stom aeh, liver and kidneys. 25c. waltor jc smoot. children cry giant titanic goes down; 1,525 perish; 675are saved greatest of sea disasters huge ship struck iceberg at 10:25 sun* day night. she sank at 2:20 o’clock monday morning, long before the vessels hurrying to her rescue reached the spot.…",,1
sn85029856,"the liberal democrat (liberal, kan.) 1911-1924",liberal,seward,kansas,weekly,titanic-1912,1912-04-26,2,yes,1912-04-26,1,https://www.loc.gov/resource/sn85029856/1912-04-26/ed-1/?sp=1&q=titanic,https://tile.loc.gov/image-services/iiif/service:ndnp:khi:batch_khi_eisenhower_ver01:data:sn85029856:00212473340:1912042601:0554,titanic,"…a famous mind reader and for tune teller predicts that the year 1912 will be one of disaster, not only to foreign nations but to the united states. whether we ,be lieve or not in clairvoyance, the recent disaster of the titanic calls to mind the prediction, and it would be interesting to keep a record of the year's events, and see for ourselves whether or not, there is anything in foreordina tion. jack my seven year old thoroughbred lack will…",,1
sn85030529,"the chanute times (chanute, kan.) 1897-1913",chanute,neosho,kansas,daily,titanic-1912,1912-04-19,5,yes,1912-04-19,1,https://www.loc.gov/resource/sn85030529/1912-04-19/ed-1/?sp=1&q=titanic,https://tile.loc.gov/image-services/iiif/service:ndnp:khi:batch_khi_isabel_ver01:data:sn85030529:00212473947:1912041901:0902,titanic,…anized. terrible marine disaster if the information given by the morning metropolitan dailies is even approximately correct the greatest marine disaster of histury occured monday when the mammoth white star line steamer titanic went it the bottom off the newfoundland banks within four hours after ii crashed into an iceberg. out of azoo persons on the titanic only 675 passengers had been accounted for and it was feared that 1525 lives were lost…,,1
sn85032923,"weekly journal-miner (prescott, ariz.) 1908-1929",prescott,yavapai,arizona,weekly,titanic-1912,1912-04-24,6,yes,1912-04-24,1,https://www.loc.gov/resource/sn85032923/1912-04-24/ed-1/?sp=1&q=titanic,https://tile.loc.gov/image-services/iiif/service:ndnp:az:batch_az_apachetrout_ver01:data:sn85032923:0021110563A:1912042401:1034,titanic,"…cr mackay dennett ing more than 151)0 while an unwas st.t by wireless toniuht from identified steamer might have aved cape race containing the list of the all failed or refused to see tlic frannames of 27 victims of the titanic tic signals of those aboard. i his whose bodies have been recovered tragic feature of the disaster was and will be brought here for burial. brought out before the senate comt,c jit contains none of the most inittcc when…",,1
sn85032933,"the oasis (arizola, ariz.) 1893-1920",arizola,pinal,arizona,weekly,titanic-1912,1912-04-27,1,yes,1912-04-27,6,https://www.loc.gov/resource/sn85032933/1912-04-27/ed-1/?sp=6&q=titanic,https://tile.loc.gov/image-services/iiif/service:ndnp:az:batch_az_fairyduster_ver01:data:sn85032933:00202192695:1912042701:1027,titanic,"…hoenix one day last week, while riding in the hotel taxicab to the depot the oasis man was amused greatly to hear a drummer, with the self sufficiency of his class, deploring the law of the sea which in the wreck of the titanic sent into the ocean depths such men as ieidor strauss, the philan thropist; c. m. hays, the great railway manager; archibald butt, the brilliant soldier; w. t. stead, the versatile writer; f. ii. harris, leading threatr…",,1
sn85032971,"the columbia banner (magnolia, columbia county, ark.) 1878-1928",magnolia,columbia,arkansas,semiweekly,titanic-1912,1912-04-25,1,yes,1912-04-25,2,https://www.loc.gov/resource/sn85032971/1912-04-25/ed-1/?sp=2&q=titanic,https://tile.loc.gov/image-services/iiif/service:ndnp:arhi:batch_arhi_epidote_ver01:data:sn85032971:00516990545:1912042501:0650,titanic,"…ote on the sale of liquor may 11th. •the county has been dry for two years. a petition was presented to the commissioners court at new boston, last week asking for a special election, which was un animously granted. the titanic. the sinking of the white star liner, titanic, off the coast of new foundland, at 2:20 on the morning of the 15th, caused the death of over 1300 persons and property valued at millions of dol lars. the construction of t…",,1
sn85033000,"the log cabin democrat (conway, ark.) 1908-current",conway,faulkner,arkansas,daily,titanic-1912,1912-04-16,4,yes,1912-04-16,1,https://www.loc.gov/resource/sn85033000/1912-04-16/ed-1/?sp=1&q=titanic,https://tile.loc.gov/image-services/iiif/service:ndnp:arhi:batch_arhi_bulbasaur_ver01:data:sn85033000:00414212098:1912041601:0367,titanic,"…away! hendrix glee club. the vikings, lyric and glee clubs. paul garner of lamar visited here yesterday. frauenthals may be lost_on ship relatives of local men l. g. and dr. henry frauen thal and bride were on ill-fated titanic. two cousins of the frauenthal fam ily in conway were on board the ill fated steamer titanic, which struck an ice-berg off the new foundland coast and was sunk monday morning. they were dr. henry frauenthal and his brot…",,1
sn85033078,"wood county reporter (grand rapids [i.e. wisconsin rapids], wis.) 1857-1923",wisconsin rapids,wood,wisconsin,weekly,titanic-1912,1912-04-18,4,yes,1912-04-18,5,https://www.loc.gov/resource/sn85033078/1912-04-18/ed-1/?sp=5&q=titanic,https://tile.loc.gov/image-services/iiif/service:ndnp:whi:batch_whi_carrie_ver01:data:sn85033078:00271768680:1912041801:0382,titanic,…earnestly asks his flock (in this way) to add to their private prayers from the prayer-book for those in affliction and persons going to sea. making special mention for the be reaved and lost through the sink ing of the titanic and to repair to the church on the next lord’s day for public intercession. mrs. chris gettslaff has returned from chicago where she underwent an operation recently. she is very much improved in health. sugar the sweet…,,1
sn85033133,"grant county herald (lancaster, wis.) 1850-1968",lancaster,grant,wisconsin,weekly,titanic-1912,1912-04-17,5,yes,1912-04-17,1,https://www.loc.gov/resource/sn85033133/1912-04-17/ed-1/?sp=1&q=titanic,https://tile.loc.gov/image-services/iiif/service:ndnp:whi:batch_whi_kenyon_ver01:data:sn85033133:00514159166:1912041701:0211,titanic,established 1843. steamer titanic sinks 1500 persons lost strikes floating iceberg off new foundland coast. horrible accident occured early mon day morning—was largest boat in the world. the dubuque tim^s-journal gives the fcmowing account of this ap pa…,,1
sn85033139,"the manitowoc pilot (manitowoc, wis.) 1859-1932",manitowoc,manitowoc,wisconsin,weekly,titanic-1912,1912-04-18,7,yes,1912-04-18,2,https://www.loc.gov/resource/sn85033139/1912-04-18/ed-1/?sp=2&q=titanic,https://tile.loc.gov/image-services/iiif/service:ndnp:whi:batch_whi_harriet_ver01:data:sn85033139:00271769957:1912041801:0402,titanic,"…el trust hy the stanley commit tee ocesn oil steamer disabled. kan francisco, -the union oil com pany's tank learner argyll was report* by wireless to be in distress with a broken tallshaft off the cape sebastian coast. titanic sinks; 1490 drowned; 066 ore saved greatest sea catastrophe in marine history be falls white star liner. believed all men lost steamer carpathia rescues large portion of women and children, but many die. ship was worth…",,1
sn85033255,"river falls journal (river falls, pierce county, wis.) 1872-2019",river falls,saint croix,wisconsin,weekly,titanic-1912,1912-04-18,3,yes,1912-04-18,5,https://www.loc.gov/resource/sn85033255/1912-04-18/ed-1/?sp=5&q=titanic,https://tile.loc.gov/image-services/iiif/service:ndnp:whi:batch_whi_hegmeister_ver01:data:sn85033255:00514152019:1912041801:0295,titanic,"…n the south side of store, simply hold the nozzle in your tank and fill it with out any waste or dirt. we filler all gasoline drawn from our tank. j. w. allard. the steamer “carpathia,” carry ing the survivors from the “titanic,’’ which struck an iceberg and sank in the atlantic sunday morning, will arrive in new york to-night and a complete account of one of the most terrible disasters of mod ern history will appear in to-mor row’s daily news…",,1
sn85033781,"the true northerner (paw paw, mich.) 1855-1920",paw paw,van buren,michigan,weekly,titanic-1912,1912-04-19,1,yes,1912-04-19,1,https://www.loc.gov/resource/sn85033781/1912-04-19/ed-1/?sp=1&q=titanic,https://tile.loc.gov/image-services/iiif/service:ndnp:mimtptc:batch_mimtptc_hancock_ver02:data:sn85033781:00296023863:1912041901:0020,titanic,"…nd mrs. w r. sellick last wed nesday evening. it was a stormy night and many members were unable to be athletics warming up in the schools the appalling disaster of the past week, the sinking of the great ocean steamer, titanic, in the atlantic ocean brings a feeling of horror and absolute timidity in regard to the safety for hu man ufa. we are hoping to hear that the loss of life is greatly diminished ic number from the first reports, but eve…",,1
sn85034235,"the bossier banner (bellevue, bossier parish, la.) 1859-1952",benton,bossier,louisiana,weekly,titanic-1912,1912-04-25,1,yes,1912-04-25,2,https://www.loc.gov/resource/sn85034235/1912-04-25/ed-1/?sp=2&q=titanic,https://tile.loc.gov/image-services/iiif/service:ndnp:lu:batch_lu_ninetails_ver01:data:sn85034235:00295874636:1912042501:0279,titanic,"…n june 27, 1844, when the guage recorded 41.4 feet. ""women and children first."" this is the unwritten law' of the anglo saxon and of all chivalrous nations, women and children first!"" it was en forced in the case of the titanic, as it has been before in many another disaster. when a vessel in the dead of night is shattered suddenly perfect discipline is required to prevent panic among 2000 aboard. the titanic struck at 10:25 sun day night, sin…",,1
sn85034248,"the donaldsonville chief (donaldsonville, la.) 1871-current",donaldsonville,ascension,louisiana,weekly,titanic-1912,1912-04-20,2,yes,1912-04-20,4,https://www.loc.gov/resource/sn85034248/1912-04-20/ed-1/?sp=4&q=titanic,https://tile.loc.gov/image-services/iiif/service:ndnp:lu:batch_lu_bolivar_ver01:data:sn85034248:00200299437:1912042001:0548,titanic,"…through manny bilsetul yoiar. mr. and mrs. irou will mike their home ci evan flan plantation, whtre the groom is tssoci&ted with his father in cultiva ting a tract of land. terrible ocean disaster. the english steamship titanic of lhe wvhite star line, oie of the two largest vessels ever built, ran into s an iceberg last sunday night, while crossing the atlantic ocean from liverpool to new york on her maiden voyage, and the impact caused the g…",,1
sn85034357,"clinch valley news (jeffersonville, va.) 18??-2019",tazewell,tazewell,virginia,weekly,titanic-1912,1912-04-19,3,yes,1912-04-19,1,https://www.loc.gov/resource/sn85034357/1912-04-19/ed-1/?sp=1&q=titanic,https://tile.loc.gov/image-services/iiif/service:ndnp:vi:batch_vi_mauve_ver04:data:sn85034357:00175033919:1912041901:0267,titanic,"…and likely to so remain for sometime, at iea9t. it is now thought that they have left the country and that the detectives have about given up hopes ol capturing them. tazewell, many lives are lost inshipwreck steamship titanic, largest afloat, sunk offnewfound land coast monday the greatest disaster on the sea, in the history of the world, occurred last sunday night otf the new found land banks,about 400 miles southeast of cape race. the tita…",,1
sn85034375,"the grenada sentinel (grenada, miss.) 1868-1955",grenada,grenada,mississippi,weekly,titanic-1912,1912-04-19,5,yes,1912-04-19,1,https://www.loc.gov/resource/sn85034375/1912-04-19/ed-1/?sp=1&q=titanic,https://tile.loc.gov/image-services/iiif/service:ndnp:msar:batch_msar_flax_ver01:data:sn85034375:00199916968:1912041901:0590,titanic,"…adventure and his many frienda wish him a most liberal patron age. he ia a young man of exemplary habits and the parents of the town can rest assured that the best of order will be had at the rink. giant steamer sinks. titanic, the largest steamshto afloat fiopd flown in a4u..n„ si uown in atlantic. many lives are lost. at 10:25 o'clock sunday night the steamship titanic of the white star line collided with an iceberg, 1150 milea due east of…",,1
sn85035524,"the penn's grove record (penn's grove, salem co., n.j.) 1878-????",penns grove,salem,new jersey,weekly,titanic-1912,1912-04-19,4,yes,1912-04-19,1,https://www.loc.gov/resource/sn85035524/1912-04-19/ed-1/?sp=1&q=titanic,https://tile.loc.gov/image-services/iiif/service:ndnp:njr:batch_njr_irene_ver02:data:sn85035524:00332896878:1912041901:0064,titanic,"…thing else fails. in nervous prostration and female weaknesses they are the supreme remedy, as thousands have testified. for kidney, liver and stomach trouble it is the best medicine ever sold over a druggist’s counter. titanic sinks four hours after hitting iceberg giant liner on maiden trip met with disaster 330 miles from cape race and went to the bottom. carpathia picked up lifeboats carrying 866 passengers ^liner titanic. six liners answe…",,1
sn85035720,"perth amboy evening news (perth amboy, n.j.) 1903-1959",perth amboy,middlesex,new jersey,daily,titanic-1912,1912-04-15,64,yes,1912-04-15,1,https://www.loc.gov/resource/sn85035720/1912-04-15/ed-2/?sp=1&q=titanic,https://tile.loc.gov/image-services/iiif/service:ndnp:njr:batch_njr_cinnamon_ver03:data:sn85035720:00383340007:1912041502:0151,titanic,"…-tf* notice. i have removed my business from no. 95 smith street to the american building, no. 117-119 smith street, corner state, second floor. frederick l. brown, real estate, fire insurance european steamship agency, titanic, largest steamship afloat, is nearly sunk by iceberg on 1st voyage ips 1 itamtc.tht uvrgt s v i-v 'n i i iwsii: t steamship in the wv s/r;*ma&~srzr>z*.vi™ mm mm 4 c. p. converv i st depositor former city treasurer puts…",,1
sn85035776,"the monitor-register (woodstown, salem co., n.j.) 1892-1972",woodstown,salem,new jersey,weekly,titanic-1912,1912-04-19,8,yes,1912-04-19,1,https://www.loc.gov/resource/sn85035776/1912-04-19/ed-1/?sp=1&q=titanic,https://tile.loc.gov/image-services/iiif/service:ndnp:njr:batch_njr_harveycedars_ver02:data:sn85035776:00513685671:1912041901:0124,titanic,"…ang ing scenes which every day's experiences bring. this commnnity has been donbly shocked, with the larger world sorrow, in common with mankind everywhere, over the awfnl disaster of the loss of the great ocean steamer titanic, and with the sad death of leonard l. layton, a farmer on thesharptown road, who died on tuesday, after a brief illness, from pnenmoniw, his wife, a sister of mrs. nellie gannt, who died last week, being seriously ill a…",,1
sn85035801,"the mount holly news (mount holly, burlington co., n.j.) 1891-1942",mount holly,burlington,new jersey,weekly,titanic-1912,1912-04-23,1,yes,1912-04-23,3,https://www.loc.gov/resource/sn85035801/1912-04-23/ed-1/?sp=3&q=titanic,https://tile.loc.gov/image-services/iiif/service:ndnp:njr:batch_njr_junior_ver01:data:sn85035801:00514155756:1912042301:0070,titanic,"…ceptably filled, this board requests the state board of education to reappoint herman a. stees county superintendent of burlington county to succeed himself. home, bnt hurt. a. h. weikman, who was known to be aboard the titanic, and about whose safety grave concern was felt by his host of friends in palmyra and riverton, arrived home at 5.80 friday morning, having come to philadelphia from new york on the pennsylvania side, arriving at broad s…",,1
sn85035816,"the morris county chronicle (morristown, n.j.) 1877-1915",morristown,morris,new jersey,weekly,titanic-1912,1912-04-16,6,yes,1912-04-16,5,https://www.loc.gov/resource/sn85035816/1912-04-16/ed-1/?sp=5&q=titanic,https://tile.loc.gov/image-services/iiif/service:ndnp:njr:batch_njr_gandolfini_ver01:data:sn85035816:00332896696:1912041601:0544,titanic,"…athens, greece. they will not return to morristown this summer as anticipated, but will go to england. mrs. edward ii. clarke and miss clarke are in rome, italy, as are mr. and mrs. henry k. morgan; morriatonians aboard titanic. the passenger list of the titanic, the white star line steamer that foundered monday morning with 1,500 of its passengers believed to be aboard, included the names of mr. and mrs. frederick o. spedden, son and nursemai…",,1
sn85038161,"the news-herald (hillsboro, highland co., ohio) 1886-1973",hillsboro,highland,ohio,weekly,titanic-1912,1912-04-18,2,yes,1912-04-18,1,https://www.loc.gov/resource/sn85038161/1912-04-18/ed-1/?sp=1&q=titanic,https://tile.loc.gov/image-services/iiif/service:ndnp:ohi:batch_ohi_kilo_ver01:data:sn85038161:00237289183:1912041801:0829,titanic,"…n and columbus. ment. world appalled by disaster, when steamer titan ic sinks with over 1500 passengers. one of the most appalling disasters that has occurred in years was the sinking of the big white star lino 'steamer titanic 500 miles olt cape race early monday morning. between 1500 and 1000 passengers lost their lives when the 111 fated vessel went down. the titanic struck an iceberg and was almost rent asunder at the first blow. her decks…",,1
sn85038292,"the democratic advocate (westminster, md.) 1865-1972",westminster,carroll,maryland,semiweekly,titanic-1912,1912-04-19,5,yes,1912-04-19,1,https://www.loc.gov/resource/sn85038292/1912-04-19/ed-1/?sp=1&q=titanic,https://tile.loc.gov/image-services/iiif/service:ndnp:mdu:batch_mdu_elsberg_ver02:data:sn85038292:00415624128:1912041901:0129,titanic,"…new i windsor, one brother, harry angell. i 'of york, and several half-sisters. the 1 funeral took place tuesday morning ;at woodsboro. and interment was i made there. 11 1 founded, 1838. 1600 sow) perish. great steamer titanic smashes into iceberg—sinks in the night. about 784 persons are brought safe ly asbore—most palatial steam ship afloat. the greatest disaster in marine history and one which has aroused the sympathy of the entire civiliz…",,1
sn84026758,"democratic messenger (snow hill, md.) 1869-1973",snow hill,worcester,maryland,weekly,titanic-1912,1912-04-20,6,yes,1912-04-20,1,https://www.loc.gov/resource/sn84026758/1912-04-20/ed-1/?sp=1&q=titanic,https://tile.loc.gov/image-services/iiif/service:ndnp:mdu:batch_mdu_denton_ver02:data:sn84026758:0027952214A:1912042001:0124,titanic,"…the wireless signals of distress, transferred the women and children to the life boats. a number of liners caught the dispatch and rushed to give assistance. the olympic reported that the steamer car pathia reached the titanics position at daybreak, but found only the boats and wreckage. the worst disaster ever known. samuel h. townsend. attoruoy-at-law, snow hill, md. onlor of publication. delia h. purnell vs. johu h. purnell. in the circuit…",,1
sn84045523,"el regidor (san antonio, tex.) 1888-????",san antonio,bexar,texas,weekly,titanic-1912,1912-04-18,4,yes,1912-04-18,1,https://www.loc.gov/resource/sn84045523/1912-04-18/ed-1/?sp=1&q=titanic,https://tile.loc.gov/image-services/iiif/service:ndnp:txdn:batch_txdn_calhoun_ver01:data:sn84045523:00279559794:1912041801:0909,titanic,"…ible, y sólo la podemos imaginar por los datos suministrados por los náufragos rescatados del desastre por el crucero oarpathia, barco que pu do snlvnr hasta 866 personas los más de ¿stas mujeres y niños. el gran vapor ""titanic/' dió la alarma del desastre por telé grafo inalámbrico en los momen tos do abrirse su quilla al col i dar do abrirse su quilla al eolidar eon el itme 6 promontorfc) de hielo; in&s sus avisos fueron un tanto inútiles, p…",,1
sn85038485,"the birmingham age-herald (birmingham, ala.) 1902-1950",birmingham,jefferson,alabama,daily,titanic-1912,1912-04-15,112,yes,1912-04-15,1,https://www.loc.gov/resource/sn85038485/1912-04-15/ed-1/?sp=1&q=titanic,https://tile.loc.gov/image-services/iiif/service:ndnp:au:batch_au_huie_ver01:data:sn85038485:00340584053:1912041501:0878,titanic,"…ne this afternoon—the passenger carrying seat in which mr. mandy will sit is shown in the cut at the right of the aviator—heth holds many records and is known all over the country for his skill as an air pilot. big ship titanic sinking off the coast of canada ___ _____ charged with making false statements to examiner a state institution buhler, president, and (iomila, a di rector of louisiana bank and trust co., charged with concealing bank’s…",,1
sn85038489,"the leader-enterprise (fitzgerald, ben hill county georgia.) 1912-1915",fitzgerald,ben hill,georgia,triweekly,titanic-1912,1912-04-16,5,yes,1912-04-16,1,https://www.loc.gov/resource/sn85038489/1912-04-16/ed-1/?sp=1&q=titanic,https://tile.loc.gov/image-services/iiif/service:ndnp:gu:batch_gu_cookie_ver02:data:sn85038489:00517177192:1912041601:0033,titanic,"…s +to t ree months....ee. 30 cial orzan ben hill county steamer titantic sinks; 9 1,500 lives lost the morning papers contained in sickening detail an account of the most horrible marine disaster in history. the steamer titanic, the largest vessel in the world, was on her maiden voyage, and aboard were macy prominent persons. it is reported that john jacob astor and wife were aboard the ship, but had not been learned this morning wheth er or n…",,1
sn85038615,"the times dispatch (richmond, va.) 1903-1914",richmond,,virginia,daily,titanic-1912,1912-04-15,117,yes,1912-04-15,1,https://www.loc.gov/resource/sn85038615/1912-04-15/ed-1/?sp=1&q=titanic,https://tile.loc.gov/image-services/iiif/service:ndnp:vi:batch_vi_denim_ver01:data:sn85038615:00175031911:1912041501:1019,titanic,"…e kind of bill which he thinks congress should pass. there has always been a fuhr of federal encroachment by passing such a hill as would give the government authority over the slat: highways, (continued ?n ninth page.) titanic reported to have struck iceberg km while stnr i.lnrr ask* for as? sistance, nml virginian (iocs to hrr aid. montrcul, quebec. april 14.?the new white star liner titanicla reported in advice* received here late to-night…",,1
sn85040245,"ladysmith news-budget (ladysmith, rusk county, wis.) 1907-1927",ladysmith,rusk,wisconsin,weekly,titanic-1912,1912-04-19,9,yes,1912-04-19,3,https://www.loc.gov/resource/sn85040245/1912-04-19/ed-1/?sp=3&q=titanic,https://tile.loc.gov/image-services/iiif/service:ndnp:whi:batch_whi_knarl_ver02:data:sn85040245:00414215439:1912041901:0093,titanic,"…to be directed into the steamship horror. to regulate wireless. official washington is grief-stricken —house passes resolution ex pressive of condolence to relatives. washington, april 17. —stirred by the horror of the titanic disaster, all official washington is preparing for steps to minimize the possibilities of another such tragedy. congress began framing legisla tion to govern life-saving appliances and wireless, and president taft, doub…",,1
sn85038709,"alma record (alma, mich.) 1878-1928",alma,gratiot,michigan,weekly,titanic-1912,1912-04-25,2,yes,1912-04-25,2,https://www.loc.gov/resource/sn85038709/1912-04-25/ed-1/?sp=2&q=titanic,https://tile.loc.gov/image-services/iiif/service:ndnp:mimtptc:batch_mimtptc_chelsea_ver01:data:sn85038709:00415669355:1912042501:0143,titanic,"…ain many passengers agreed in the state ment that otls were rescued and that four died in the lifeboats and two dica on board tn' carpathia. one of the steerage passengers was buried at sea stories of ad agreed that the titanic struck the iceberg at ll:l.""i o'clock, that she sank at 2:-.j and that they were phked up by the carpathia at 4:""(. four lifeboats drawn down. william jones, a titanic stoker, who manned one of the lifeboats, said lie w…",,1
sn85040310,"the telegraph-courier (kenosha, wis.) 1888-1946",kenosha,kenosha,wisconsin,weekly,titanic-1912,1912-04-18,4,yes,1912-04-18,1,https://www.loc.gov/resource/sn85040310/1912-04-18/ed-1/?sp=1&q=titanic,https://tile.loc.gov/image-services/iiif/service:ndnp:whi:batch_whi_fanny_ver01:data:sn85040310:00514152251:1912041801:0041,titanic,"…ay evening when mrs. m. pickens of fitzgerald, georgia, walked in on them unexpected. mrs. pickens is the niece of john breiling. capt. e. j. smith c 1 r j/^.- <'x c f i*wwbb captain smith., commander of the-111- fisted titanic, was commodore of the white star line fleet. in his 40 years of experience he never had a serious accident until last year, when the olympic, of which he was captain, was rammed by the british cruiser hawke. expect big…",,1
sn85040437,"the washburn times (washburn, wis.) 1896-1976",washburn,bayfield,wisconsin,weekly,titanic-1912,1912-04-18,3,yes,1912-04-18,1,https://www.loc.gov/resource/sn85040437/1912-04-18/ed-1/?sp=1&q=titanic,https://tile.loc.gov/image-services/iiif/service:ndnp:whi:batch_whi_erkling_ver02:data:sn85040437:00414215324:1912041801:0424,titanic,"…people lose lives largest of ocean steamers strikes iceberg and goes to the bottom. only 866 rescued from sinking ship one of the most appalling marine disasters of the century occure and the first of the week when the titanic, the largest vessel afloat, struck an iceberg off the new foundland coast and went to the bottom, carrying with it 1300 hundred passengers. the titanic was on her maiden trip across the ocean and was supposed to be supr…",,1
sn85040613,"vilas county news (eagle river, vilas county, wis.) 1896-1927",eagle river,vilas,wisconsin,weekly,titanic-1912,1912-04-24,3,yes,1912-04-24,2,https://www.loc.gov/resource/sn85040613/1912-04-24/ed-1/?sp=2&q=titanic,https://tile.loc.gov/image-services/iiif/service:ndnp:whi:batch_whi_clearwater_ver01:data:sn85040613:0051415143A:1912042401:0280,titanic,"…pondent of the new york world on board the carpathia. (copyright.) new york, april 19. —seventeen hundred lives —the figures will hardly vary in either direction by more than a few dozen —were lost in the sinking of the titanic which struck an ice berg at 11:45 p. m. sunday and was at the ocean’s bottom 2 hours and 35 minutes after. the printed rolls of first and sec ond cabins, compared with the list of the survivors on the carpathia, show th…",,1
sn85040451,"vernon county censor (viroqua, wis.) 1865-1955",viroqua,vernon,wisconsin,weekly,titanic-1912,1912-04-17,5,yes,1912-04-17,1,https://www.loc.gov/resource/sn85040451/1912-04-17/ed-1/?sp=1&q=titanic,https://tile.loc.gov/image-services/iiif/service:ndnp:whi:batch_whi_doxy_ver01:data:sn85040451:00414215191:1912041701:0966,titanic,"…com** and see how the methodist* conduct their business. ray w. smith, pastor. i,reatesimarine horror what stands as an unparalelled disas ter in marine history took plac# sunday night when the great white star liner, “titanic,” steaming through the night at the rate of 25 miles an hour, ran up on a submerged iceberg, and went to the bottom four hours later. her wire less appeals for help brought sister ships to her aid, but too late to avoid…",,1
sn85040614,"eagle river review (eagle river, wis.) 1890-1927",eagle river,vilas,wisconsin,weekly,titanic-1912,1912-04-19,5,yes,1912-04-19,2,https://www.loc.gov/resource/sn85040614/1912-04-19/ed-1/?sp=2&q=titanic,https://tile.loc.gov/image-services/iiif/service:ndnp:whi:batch_whi_hegmeister_ver01:data:sn85040614:0051415174A:1912041901:0062,titanic,"…that sirup, oil, meal and tannin can be made from them. science takes a fall out of romance by proving that hair cannot turn >white in a single night, but .many a brunette has become a blonde in that length of time. the titanic when she left port i abm’ i r it v s 3 .w*®® h survivors of titanic wreck number 868 officials of the white star com pany admit that 1,232 per sons went down with world’s largest vessel. collided with iceberg first stea…",,1
sn85040705,"northern wisconsin advertiser (wabeno, wis.) 1898-1925",wabeno,forest,wisconsin,weekly,titanic-1912,1912-04-19,5,yes,1912-04-19,2,https://www.loc.gov/resource/sn85040705/1912-04-19/ed-1/?sp=2&q=titanic,https://tile.loc.gov/image-services/iiif/service:ndnp:whi:batch_whi_jarvey_ver01:data:sn85040705:0041421504A:1912041901:0213,titanic,"…re aboard ili-fated ship. six are believed lost capt. e. g. crosby unaccounted for, though his wife and daughter were saved—racine woman had premonition of disaster. milwaukee.—of the milwaukeeans on board the ill-fated titanic, wire less dispatches from the carpathia, with those rescued on board, an nounced that mrs. e. g. crosby and her daughter were both among those rescued. there was no word of capt. e. g. crosby, the veteran vessel mas te…",,1
sn85040721,"the watertown weekly leader (watertown, jefferson county, wis.) 1912-1917",watertown,jefferson,wisconsin,weekly,titanic-1912,1912-04-19,7,yes,1912-04-19,3,https://www.loc.gov/resource/sn85040721/1912-04-19/ed-1/?sp=3&q=titanic,https://tile.loc.gov/image-services/iiif/service:ndnp:whi:batch_whi_elizabeth_ver01:data:sn85040721:00271769568:1912041901:0463,titanic,"…aboard 111-fated ship. six are believed lost capt. e. g. crosh/ unaccounted for. though his wife and daugh.er were saved —racine woman had premonition of disaster. milwaukee. —of the milwaukeeans on board the ill-fated titanic, wire less dispatches from the carpathia, i with those rescued on board, an nounced that mrs. e. g. crosby and her daughter were both among those rescued. there was no word of capt. e. g. crosby, the veteran vessel mas…",,1
sn85040749,"wausau pilot (wausau, wis.) 1896-1940",wausau,marathon,wisconsin,weekly,titanic-1912,1912-04-16,4,yes,1912-04-16,4,https://www.loc.gov/resource/sn85040749/1912-04-16/ed-1/?sp=4&q=titanic,https://tile.loc.gov/image-services/iiif/service:ndnp:whi:batch_whi_augurey_ver01:data:sn85040749:00271769209:1912041601:0644,titanic,"…r champ clark. this is all legitimate and more could have, been spent if the suppor ters of champ wanted to do so. gov. mcgovern has issued a proc lamation naming friday, may 3d, arbor. bird and fire prevention day. the titanic sinks the titanic, the largest ocean steamer in the world, crushed her bow line n a great submerged mountain of ice yesterday after noon, 600 miles off halifax. n. s. wireless messages reached near by ports and vessels…",,1
sn85042224,"the fargo forum and daily republican (fargo, n.d.) 1894-1957",fargo,cass,north dakota,daily,titanic-1912,1912-04-16,41,yes,1912-04-16,1,https://www.loc.gov/resource/sn85042224/1912-04-16/ed-1/?sp=1&q=titanic,https://tile.loc.gov/image-services/iiif/service:ndnp:ndhi:batch_ndhi_insectoid_ver01:data:sn85042224:00383345698:1912041601:1030,titanic,"…ifax, n, s., april 16.—the allan '^iner parisian reports via sable island -ihat she has no passengers from the i all hope abandoned. st. johns, n. 3., april 16.—all hope that any passengers or members of the orew of the titanic other than those on board the carpathia, are alive, was abandoned this afternoon. am the steamers which have disaster continued on their been seem to indicate a very large majority titanic went down with the ship. boats…",,1
sn85042242,"bismarck daily tribune (bismarck, dakota [n.d.]) 1881-1916",bismarck,burleigh,north dakota,daily,titanic-1912,1912-04-15,50,yes,1912-04-15,1,https://www.loc.gov/resource/sn85042242/1912-04-15/ed-1/?sp=1&q=titanic,https://tile.loc.gov/image-services/iiif/service:ndnp:ndhi:batch_ndhi_drake_ver01:data:sn85042242:00212478490:1912041501:0744,titanic,"…people on board doomed ship but all were saved a a a a a *2» q» 3» a a a a a a steamer sinking. halifax, n. s-, april 15— the candaian government ma rine agency here at 415 p. m„ rea ceived a wireless dispatch that the titanic was sinking. the a message came via cable ship a this information today in a wire, less dispatch was received by p. a. s. franklin, vice president of the white star line, sent by captain haddock of the steamship olympic…",,1
sn85042303,"the daily ardmoreite (ardmore, okla.) 1893-current",ardmore,carter,oklahoma,daily,titanic-1912,1912-04-15,26,yes,1912-04-15,1,https://www.loc.gov/resource/sn85042303/1912-04-15/ed-1/?sp=1&q=titanic,https://tile.loc.gov/image-services/iiif/service:ndnp:okhi:batch_okhi_eufaula_ver01:data:sn85042303:00200296709:1912041501:1151,titanic,"…rn oklahoma receiving the associated press news service volume xviii ardmore, oklahoma. monday evening apkil i: 1012 number' 104 passengers safely transferrefl isigfm 1 gygyy pggyjp 1 flilhestebtitlctlii monster steamer titanic, tk e largest vessel ever built. eadly damaged by stp.ik ing ice3erg four hundred fifty miles off ne wfcu n d l and wl rels brings othef! vessels to assistance. a a wireless ip to noon showed that lie passengers of tlie…",,1
sn85042344,"tulsa daily world (tulsa, indian territory [okla.]) 1905-1919",tulsa,tulsa,oklahoma,daily,titanic-1912,1912-04-16,46,yes,1912-04-16,1,https://www.loc.gov/resource/sn85042344/1912-04-16/ed-1/?sp=1&q=titanic,https://tile.loc.gov/image-services/iiif/service:ndnp:okhi:batch_okhi_apache_ver02:data:sn85042344:00237284550:1912041601:0976,titanic,"…""vf0r economy and efficiency ill! 151! 11111 ppa mi mm m i lois ml l a i! o l a t n es da y a 'if ii. id. 1 !m jw to 7anri?i v flu a in? ljaj. 111. jl f 1 1. jl x vjl'ul u over tftoo went down whfiji till-: ocean liner titanic sank. only 675 use rescued oh or s.300 pabsenoebs, be lieved only a p4bt were saved. the details are lacking 11. 1. -i mi d bteameh sank in mid-ocean t a. m. yesterday, no paving co. or trust owns these men for mayor jo…",,1
sn85042354,"evening journal (wilmington, del.) 1888-1932",wilmington,new castle,delaware,daily,titanic-1912,1912-04-15,69,yes,1912-04-15,1,https://www.loc.gov/resource/sn85042354/1912-04-15/ed-1/?sp=1&q=titanic,https://tile.loc.gov/image-services/iiif/service:ndnp:deu:batch_deu_edgemoor_ver01:data:sn85042354:00383343185:1912041501:0302,titanic,"…ware. u ai means a home paper. the evening journal evening journal circulation of the saturday 14,432 kv*s twenty.fourth year-no. 281 wilmington, delaware, monday, april 15. 1912 one cent 10 pages 2000 passengers aboard titanic, saved after ship on maiden voyage, hits submerged iceberg-towing steamer in suspect these two of looting delmar and ehendale robber ies laid to men caught ù here government will begin probe wilmington police and pennsy…",,1
sn85042373,"the evening times (grand forks, n.d.) 1906-1914",grand forks,grand forks,north dakota,daily,titanic-1912,1912-04-15,58,yes,1912-04-15,1,https://www.loc.gov/resource/sn85042373/1912-04-15/ed-1/?sp=1&q=titanic,https://tile.loc.gov/image-services/iiif/service:ndnp:ndhi:batch_ndhi_esmond_ver01:data:sn85042373:00295863122:1912041501:0747,titanic,"…eight pages—price five cents. rassensers are believed safe are being transfered to other ships which went to the rescue. new york. april 15.—twenty boat loads of passengers were trans* ferred from the disabled steamship titanic of the white star line, which^ according to a wireless message re* ce.ived shortly after midnight, struck an iceberg off the banks of now j-'oundiand and was in a sinking con dition, and were taken aboard the steamship…",,1
sn85042405,"jamestown weekly alert (jamestown, stutsman county, d.t. [n.d.]) 1882-1925",jamestown,stutsman,north dakota,weekly,titanic-1912,1912-04-18,8,yes,1912-04-18,1,https://www.loc.gov/resource/sn85042405/1912-04-18/ed-1/?sp=1&q=titanic,https://tile.loc.gov/image-services/iiif/service:ndnp:ndhi:batch_ndhi_iodine_ver02:data:sn85042405:00271740633:1912041801:0572,titanic,"a e s o s the metropolis of james river v«llf» n°rth vol. xxxv. ••««s». death list of titanic appalling more than thirteen hundred people went down with hi fated vessel. mostofthosesaved women and children many ot the men passengers and practically the en tire crew perished. ..new york, april 17.—the appalling m…",,1
sn85042551,"amarillo daily news (amarillo, tex.) 19??-current",amarillo,potter,texas,daily,titanic-1912,1912-04-16,16,yes,1912-04-16,1,https://www.loc.gov/resource/sn85042551/1912-04-16/ed-1/?sp=1&q=titanic,https://tile.loc.gov/image-services/iiif/service:ndnp:txdn:batch_txdn_gmc_ver02:data:sn85042551:00212577564:1912041601:0644,titanic,"…o' them at seven o'doit 1smi l,l-.u i,a c.ie hate, within fiur hi ndred miles ol which th liner had struck rt 1'ei.er, that at 2:i? monday .noroina. three hours and fifty-five minutes utter receivinc the death-blow the titanic had sunk. cm patiiia si.nds itkst news. news came from l e carpjthu, outward bound from new york. when the csrpn iii.i reached tlie scene, the doomed vessel had jink. all that wns left tipo.i the surfacowere life-lnuts…",,1
sn85042790,"the miller press (miller, s.d.) 190?-current",miller,hand,south dakota,,titanic-1912,1912-04-18,3,yes,1912-04-18,1,https://www.loc.gov/resource/sn85042790/1912-04-18/ed-1/?sp=1&q=titanic,https://tile.loc.gov/image-services/iiif/service:ndnp:sdhi:batch_sdhi_kale_ver01:data:sn85042790:00340581131:1912041801:1230,titanic,"…a. the first, vessel to reach the scene of the disaster through the wireless calls for aid. other liners rushed at full speed to ward the sinking ship but arrived too late to rescue a single passenger from the ill-fated titanic. the disaster is the greatest in the his tory of the sea and particularly so because of the inadequate supply of life boats, a sufficient number of which would have meant the saving of all on board. presidential contest…",,1
sn85042792,"the brookings register (brookings, brookings county, s.d.) 1903-1971",brookings,brookings,south dakota,daily,titanic-1912,1912-04-18,4,yes,1912-04-18,4,https://www.loc.gov/resource/sn85042792/1912-04-18/ed-1/?sp=4&q=titanic,https://tile.loc.gov/image-services/iiif/service:ndnp:sdhi:batch_sdhi_guava_ver02:data:sn85042792:00332899892:1912041801:0993,titanic,"…en forced where the line leading to the agent’s office is crossed —vermillion republican. the greati st marine dis' -ter in the history of the world occurred off the coast of new eoundland monday morning, when the liner titanic was rammed by an iceb» rg and ..ink, car rying down with her over thirteen hundred of her passenger.,. among the lost are scores of men prominent in the financial and political '.ife of this country and en ope. i’ll.? t…",,1
sn85050913,"webster city freeman (webster city, hamilton county, iowa) 1884-1946",webster city,hamilton,iowa,semiweekly,titanic-1912,1912-04-16,5,yes,1912-04-16,4,https://www.loc.gov/resource/sn85050913/1912-04-16/ed-1/?sp=4&q=titanic,https://tile.loc.gov/image-services/iiif/service:ndnp:iahi:batch_iahi_hawkeye_ver01:data:sn85050913:00295875628:1912041601:0332,titanic,"…hip's pas senger list"" new york, aprii 16.—more than it^ 1,600 persons, it is feared, sank to f^i'death early yesterday when within k|four hours after she crashed into an s§isiceberg, the mammoth white star line steamer titanic, bound from 111!liverpool to new york on her maid .j* en voyage, went to tihe bottom oil ism""*''""'the mew foundland banks. of the 2,200 persons on approximately board the giant liner, some of them i l&vof worldwide prom…",,1
sn85049554,"evening times-republican (marshalltown, iowa) 1890-1923",marshalltown,marshall,iowa,daily,titanic-1912,1912-04-15,63,yes,1912-04-15,1,https://www.loc.gov/resource/sn85049554/1912-04-15/ed-1/?sp=1&q=titanic,https://tile.loc.gov/image-services/iiif/service:ndnp:iahi:batch_iahi_jolley_ver01:data:sn85049554:00295875744:1912041501:0678,titanic,"…«»ill afloat—-wirelees messages bring aid from other vessels from distances of several hundred miles—carries crew of 800. wireless dispatches up to noon to day showed that the passengers of the monster white star liner titanic which struck an iceberg off the new foundland coast last night, were being transferred aboard the steamer car pathia, a cunarder. already twenty, boat loads of the tling montreal, april 15.—the montreal star says that a…",,1
sn85052003,"the hazard herald (hazard, ky.) 1911-1975",hazard,perry,kentucky,weekly,titanic-1912,1912-04-25,2,yes,1912-04-25,1,https://www.loc.gov/resource/sn85052003/1912-04-25/ed-1/?sp=1&q=titanic,https://tile.loc.gov/image-services/iiif/service:ndnp:kyu:batch_kyu_labrador_ver01:data:sn85052003:00516997308:1912042501:0178,titanic,…ing on— for while dressing he heard mn orders k ‘all paasergers on deck with mfo preservers on! still there vwas no thought of danger 6 the men under orders were uncovering-the life-boats and the crews allotted to them titanic t i v 5 wssthelaige8t steamer inthe wprldlv started 1 from -south-bngknj its first trip bound for new yorfclt belonged to fhe white star line -the length 'of the vessel wasv- 2 feet 6 inches by b2 feet 6 inches wide or…,,1
sn85052023,"the interior journal (stanford, ky.) 1912-1984",stanford,lincoln,kentucky,semiweekly,titanic-1912,1912-04-16,5,yes,1912-04-16,1,https://www.loc.gov/resource/sn85052023/1912-04-16/ed-1/?sp=1&q=titanic,https://tile.loc.gov/image-services/iiif/service:ndnp:kyu:batch_kyu_holmium_ver01:data:sn85052023:00280763743:1912041601:0162,titanic,"…dam aged a small blaze cuught from 11 de fective flue ut the home of county cleik oeorge b. cooper last week, but was quickly extinguished with out coiling in the fire department. 1,800 people go down when steamer sinks titanic, the larqest ship in world, .hits iceberg when crossing ocean on first trip. now york, april 15, jrore than 1,800 ihtsons, it is fmrcd, sunk to death early today, when within fotrr hours after she crashed into nn ice be…",,1
sn85053089,"the searchlight (culbertson, mont.) 1902-current",culbertson,roosevelt,montana,weekly,titanic-1912,1912-04-19,5,yes,1912-04-19,2,https://www.loc.gov/resource/sn85053089/1912-04-19/ed-1/?sp=2&q=titanic,https://tile.loc.gov/image-services/iiif/service:ndnp:mthi:batch_mthi_flyingsquirrel_ver02:data:sn85053089:00294554683:1912041901:0559,titanic,"…cob astor, maj. archibald butt, isidore straus, george d. wideser, j. bruce ismay, benjamin guggenhelim, col. washington reeb. ilng, j. b. thayer, the art ist millet and many others. new yorkt n. y. the white star liner titanic, the world's great east steamship has gone down some -.o0 miles off cape race. with t;.: of her 1.300 passengers and her full rrew of 860 men on board. ti;hat the great'st catastrophe in marine history has i.. curred to…",,1
sn85053090,"the ekalaka eagle (ekalaka, mont.) 1909-1920",ekalaka,carter,montana,weekly,titanic-1912,1912-04-19,1,yes,1912-04-19,4,https://www.loc.gov/resource/sn85053090/1912-04-19/ed-1/?sp=4&q=titanic,https://tile.loc.gov/image-services/iiif/service:ndnp:mthi:batch_mthi_dollyvarden_ver01:data:sn85053090:00295861095:1912041901:0125,titanic,"…tana., under the act of march 3, 1879. published every friday. advertising: rates made known ut. on application one of the most fearful disas ters known in the history of nav igation occured on monday when the steamship titanic, the larg est ocean liner afloat, sank in two miles of water, in latitude 41.16 and longitude 50.14 west. the total number of passengers re ported to have gone down with the vessel is »1341, many of whom were notable pe…",,1
sn85053157,"the river press (fort benton, mont.) 1880-current",fort benton,chouteau,montana,weekly,titanic-1912,1912-04-17,4,yes,1912-04-17,1,https://www.loc.gov/resource/sn85053157/1912-04-17/ed-1/?sp=1&q=titanic,https://tile.loc.gov/image-services/iiif/service:ndnp:mthi:batch_mthi_crane_ver01:data:sn85053157:00295860893:1912041701:0550,titanic,"…, montana, wednesday april 17, 1912. no. 26. ship struck iceberg. largest vessel affloat may become total wreck. new york april 15. wireless dispatches up to dood today showed that the passengers of the white star liner titanic, which struck an iceberg off the new foundland coast last night, were being transferred aboard the steamer carpathia, a cunarder. already twenty boat loads have been transferred and allowing for forty to sixty persona a…",,1
sn85052141,"the hickman courier (hickman, ky.) 1859-current",hickman,fulton,kentucky,weekly,titanic-1912,1912-04-18,4,yes,1912-04-18,2,https://www.loc.gov/resource/sn85052141/1912-04-18/ed-1/?sp=2&q=titanic,https://tile.loc.gov/image-services/iiif/service:ndnp:kyu:batch_kyu_aluminum_ver01:data:sn85052141:00175045399:1912041801:1033,titanic,"…llo times drink plezol, the new drink. it itt healthful and invigorating, capt. a. ilutt, aldo to l'res. taft, who was hero with the ""resident on hla visit to hickman three years ago, was drowned with tho sinking of tho titanic subscribe for the courier. rocker8 rockors they arc our long suit see our line ranging from $1.00 to $30 8t. loui8 fur. company (inc.) cash or credit. iaaaimmdji .jwejsa mjmmmm0t",,1
sn85053292,"the libby herald (libby, mont.) 1911-1913",libby,lincoln,montana,weekly,titanic-1912,1912-04-18,2,yes,1912-04-18,4,https://www.loc.gov/resource/sn85053292/1912-04-18/ed-1/?sp=4&q=titanic,https://tile.loc.gov/image-services/iiif/service:ndnp:mthi:batch_mthi_coyote_ver01:data:sn85053292:0029455466A:1912041801:0285,titanic,"…having struck an iceberg. the steamer said that immediate assistance was re 3 quired. half an hour afterward an other message said they were sinking by the head and that women were being put off into the lifeboats. the titanic has 1300 passengers and crew of 860. the weather was calm and clear, the titanic's wireless operator reported, and the position of the vessel 40:38 north latitude and 50:14 west longi tude. the marine station at cape ra…",,1
sn85053308,"the wibaux pioneer (wibaux, mont.) 1907-1919",wibaux,wibaux,montana,weekly,titanic-1912,1912-04-19,2,yes,1912-04-19,3,https://www.loc.gov/resource/sn85053308/1912-04-19/ed-1/?sp=3&q=titanic,https://tile.loc.gov/image-services/iiif/service:ndnp:mthi:batch_mthi_egret_ver02:data:sn85053308:00295860960:1912041901:0092,titanic,"titanic, the titon of the ocean, 3 finds watery grave on first trip. over 1,400 people are drowned white star liner strikes an iceberg, while going at full speed at 1:25 monday morning and goes down in less than an hour. women…",,1
sn85052076,"the citizen (berea, ky.) 1899-1958",berea,madison,kentucky,weekly,titanic-1912,1912-04-18,7,yes,1912-04-18,1,https://www.loc.gov/resource/sn85052076/1912-04-18/ed-1/?sp=1&q=titanic,https://tile.loc.gov/image-services/iiif/service:ndnp:kyu:batch_kyu_judaspriest_ver01:data:sn85052076:00280763536:1912041801:0128,titanic,"…kentucky largest steamship ever built sunk by iceberg on first voyage nearly 1500 of the more than 2000 passengers and crew find their graves two miles beneath the surface .868 saved in life boats the white star liner ""titanic,"" the greatest steamboat ever bunt, while making her first trip across the atlantic, om liverpool to new york, struck an iceberg of! the newfoundland banks, sunday night about ten o clock, anc went to the bottom four ho…",,1
sn85053181,"the harlowton news (harlowton, mont.) 1909-1914",harlowton,wheatland,montana,weekly,titanic-1912,1912-04-19,1,yes,1912-04-19,3,https://www.loc.gov/resource/sn85053181/1912-04-19/ed-1/?sp=3&q=titanic,https://tile.loc.gov/image-services/iiif/service:ndnp:mthi:batch_mthi_dragonfly_ver01:data:sn85053181:00294554713:1912041901:0060,titanic,"…were variedi by favorable pews early ta first from captain rostron of tle carpathi4, who gave the numberd at about 800, and later by thae positive announcement of the white star line that there are 867 survivors of the titanic on the carpathia. but with these revised figures there, remain 1,350 persona, pas. sengers and crew of the titanic who today are unaccounted ,for and apparently lost. london, new yorkand paris.are grief stricken and ove…",,1
sn85058246,"the logan republican (logan, utah) 1902-1924",logan,cache,utah,semiweekly,titanic-1912,1912-04-16,10,yes,1912-04-16,1,https://www.loc.gov/resource/sn85058246/1912-04-16/ed-1/?sp=1&q=titanic,https://tile.loc.gov/image-services/iiif/service:ndnp:uuml:batch_uuml_armstrong_ver01:data:sn85058246:00206536317:1912041601:0353,titanic,"wire with cobwebi and dut. w j 4k w cause it it a ""live medium."" jh eight pages logan, cache county utah, tuesday, april 6, j9j2 tenth year m the white star liner titanic strikes iceberg carried 1,300 passengers. all may meet watery graves in the great atlantic. put off women passengers in life .boats. many vessels hurry to scene. last wireless ends suddenly. x cape race, newfoundland, a…",,1
sn85058217,"the coalville times (coalville, utah) 1894-1923",coalville,summit,utah,weekly,titanic-1912,1912-04-19,6,yes,1912-04-19,2,https://www.loc.gov/resource/sn85058217/1912-04-19/ed-1/?sp=2&q=titanic,https://tile.loc.gov/image-services/iiif/service:ndnp:uuml:batch_uuml_kirilenko_ver01:data:sn85058217:206534904:1912041901:1097,titanic,…am went on itrlko wednesday night they demand i3co a day instead 01 13 which they have been receiving the vtrlklng workmen are composed i il of austrian and lluleartani i ft t i twelve hundred drowned at sea tnd steamer titanic strikes an iceber and sinks before aid comes over four hundred passengers and crew of eight hunded gftg down h new york while the fate nf the majority of the ilira imtrmin on board lli nmmith white hint liner tttmile wh…,,1
sn85058397,"the evening standard (ogden city, utah) 1910-1913",ogden,weber,utah,daily,titanic-1912,1912-04-15,55,yes,1912-04-15,1,https://www.loc.gov/resource/sn85058397/1912-04-15/ed-1/?sp=1&q=titanic,https://tile.loc.gov/image-services/iiif/service:ndnp:uuml:batch_uuml_leipheimer_ver01:data:sn85058397:print:1912041501:0822,titanic,"…nd-class matter at the postoff.ce. ogden, utah. r carpathia takes on j manyjkatloads i the great steffflms sinking i magnificent exemplification of wireless tele-raphy--aid comes quickly to the appeals of the distressed titanic was on her maiden trip list of the firstr class passengers i v ij .titanic reported sinking i x cvrvt.' 15--7th,e ca""alian government marine agent f wv sfcw p' m rocelvel a wireless dispatch that the titanic race it if'…",,1
sn85059542,"martinsburg statesman-democrat (martinsburg, w. va.) 1906-1921",martinsburg,berkeley,west virginia,weekly,titanic-1912,1912-04-19,2,yes,1912-04-19,1,https://www.loc.gov/resource/sn85059542/1912-04-19/ed-1/?sp=1&q=titanic,https://tile.loc.gov/image-services/iiif/service:ndnp:wvu:batch_wvu_els_ver01:data:sn85059542:00393349074:1912041901:0127,titanic,"…beauty. for state senate. to the democratic voters of the loth senatorial distict. 1 hereby announce myself a candi date for the state senate, subject to the democratic senatorial convention, h. b. uilkeson. 1300 drown. titanic newest and finest ocean ship goes down. the titanic of the white star line, bound from liverpool to new york on her maiden trip, was sunk about liw miles east of new york in collision with an iceberg. fifteen hundred an…",,1
sn85059533,"martinsburg herald (martinsburg, w. va.) 1881-1921",martinsburg,berkeley,west virginia,weekly,titanic-1912,1912-04-20,5,yes,1912-04-20,1,https://www.loc.gov/resource/sn85059533/1912-04-20/ed-1/?sp=1&q=titanic,https://tile.loc.gov/image-services/iiif/service:ndnp:wvu:batch_wvu_casper_ver01:data:sn85059533:00393349177:1912042001:0391,titanic,"…few are ill i loss ot lite is now placed i at 1470. i ""1: i nothing but praise forcrew i several men fighting for life _ boats were shot. new york, april 19.—lifted from p 'the gates of death, the 705 survivois i of the titanic were landed by the car pathia, which had rescued tliein two h hours and a hall after the great white r star liner titanic hurled had herseli r against an iceberg last sunday night. r disfigured by calamity and misery an…",,1
sn85059663,"the west virginia news (ronceverte, w. va.) 1897-1967",ronceverte,greenbrier,west virginia,weekly,titanic-1912,1912-04-20,4,yes,1912-04-20,1,https://www.loc.gov/resource/sn85059663/1912-04-20/ed-1/?sp=1&q=titanic,https://tile.loc.gov/image-services/iiif/service:ndnp:wvu:batch_wvu_jolie_ver02:data:sn85059663:00542868077:1912042001:0132,titanic,"t-—* the white stab. liner titanic. monarch of the oceans sinks! into the depths, carrying s/t la. it hundreds on last sunday night, at about 10:25 o’clock, the ie steamer “titanic,” the largest vessel in the world, ran on [submerged edge of a great iceb…",,1
sn85059591,"the calhoun chronicle (grantsville, w. va.) 1883-1984",grantsville,calhoun,west virginia,weekly,titanic-1912,1912-04-23,1,yes,1912-04-23,3,https://www.loc.gov/resource/sn85059591/1912-04-23/ed-1/?sp=3&q=titanic,https://tile.loc.gov/image-services/iiif/service:ndnp:wvu:batch_wvu_laird_ver01:data:sn85059591:00414187250:1912042301:0355,titanic,"…t and acted. the signs all indi cate democratic success this year and the prospects of an increased majority in this county are bright indeed. i sixteen hundred lives when gigantic tit miles into de the white star liner titanic, the world’s greatest ocean steam ship, sank in two miles of water, about 500 miles off cape race, newfoundland, on sunday night of last week. the leviathan was steaming along at the rate of eikmeen miuis an nour on nc-…",,1
sn85059715,"the daily telegram (clarksburg, w. va.) 1901-1926",clarksburg,harrison,west virginia,daily,titanic-1912,1912-04-15,28,yes,1912-04-15,1,https://www.loc.gov/resource/sn85059715/1912-04-15/ed-1/?sp=1&q=titanic,https://tile.loc.gov/image-services/iiif/service:ndnp:wvu:batch_wvu_farmer_ver02:data:sn85059715:00415660790:1912041501:0787,titanic,"…be sac; n'ejw tork, april 1<5?officials am of the white star lane steampan ship company had received of no word at 8 o'clock tohav day. other than from the press, of the a reported collision of the giant the steamship, titanic, with an iceberg, iv and which aocording to, a wireless, vllv was reported to be sinking in the atply. lantlc. ocean. the following statement was made by ""the company: has ""twelve hours have pessed since win the collisi…",,1
sn85059812,"the advocate (charleston, w. va.) 1901-1913",charleston,kanawha,west virginia,weekly,titanic-1912,1912-04-18,2,yes,1912-04-18,4,https://www.loc.gov/resource/sn85059812/1912-04-18/ed-1/?sp=4&q=titanic,https://tile.loc.gov/image-services/iiif/service:ndnp:wvu:batch_wvu_lincoln_ver01:data:sn85059812:00279550249:1912041801:0668,titanic,"…e of demoeraev in somo see 4 tions, hut they are not calculated to forward mr. l.ittlepage's chanceof re-election from this district whc.r? th.? tacts pre known. till: speed mama. when history gives its verdict upon the titanic's awful end, it will be at tributed neither to the steamship com pany's greed for gold nor the cap tain's rashness, but to the traveling public's mania for speed. that and that alone is responsible lor the loss of more…",,1
sn85066387,the san francisco call (san francisco [calif.]) 1895-1913,san francisco,san francisco,california,daily,titanic-1912,1912-04-15,108,yes,1912-04-15,1,https://www.loc.gov/resource/sn85066387/1912-04-15/ed-1/?sp=1&q=titanic,https://tile.loc.gov/image-services/iiif/service:ndnp:curiv:batch_curiv_angwin_ver02:data:sn85066387:00280768315:1912041501:0403,titanic,"sports items in yesterdays ''call v 69^ \i chronicle 55 \t examiner 32 volume cxi.— 137. liner titanic strikes iceberg, sinking head down warning for mexico must protect americans wanton act resented byij.s. ultimatum sent to federal gov-; ernment and chief of rebel force orozco is accused of murdering a gunner t humane…",,1
sn86002159,"the dolores star (dolores, montezuma county, colo.) 1901-current",dolores,montezuma,colorado,weekly,titanic-1912,1912-04-19,2,yes,1912-04-19,3,https://www.loc.gov/resource/sn86002159/1912-04-19/ed-1/?sp=3&q=titanic,https://tile.loc.gov/image-services/iiif/service:ndnp:cohi:batch_cohi_alta_ver01:data:sn86002159:00513680417:1912041901:0433,titanic,"…rade of the gro oor dlninished.— mentreal star, 1,310 persons drown. white star liser titasic strikes loo berg and sisks. a wireless message received in now york at noon monday brought the news that the white star liuer titanic had struck sn lceberg 1,000 miles northeast of sbandy hook and in darkness of night, and in water two nilles deep, the titanic, newest of the white hiar fieet and greatest of all ocean steamishiips, sank to the bottow o…",,1
sn86053936,"scranton wochenblatt (scranton, pa.) 1865-1918",scranton,lackawanna,pennsylvania,weekly,titanic-1912,1912-04-18,2,yes,1912-04-18,1,https://www.loc.gov/resource/sn86053936/1912-04-18/ed-1/?sp=1&q=titanic,https://tile.loc.gov/image-services/iiif/service:ndnp:pst:batch_pst_berks_ver01:data:sn86053936:00296027881:1912041801:0566,titanic,"…die stadt und com panie zusammen auch etwa 550,000 losten; die stadt muß nemlich den eigenthumsschaden tragen. schreckliches unglück. ein schreckliche« unglück zur see er eignete sich am montag, indem der große dampfer „titanic"", mehrere stunden nachdem er einen eisberg ge> troffen, in der tiefe versank. er hatte uder 2,000 menschen an bord und von diesen scheinen nicht tinhalb gerettet worden zu sein. was bedeutet e« es ist durch tot sächlich…",,1
sn85058259,"iron county record (cedar city, utah) 1893-1982",cedar city,iron,utah,weekly,titanic-1912,1912-04-19,2,yes,1912-04-19,6,https://www.loc.gov/resource/sn85058259/1912-04-19/ed-1/?sp=6&q=titanic,https://tile.loc.gov/image-services/iiif/service:ndnp:uuml:batch_uuml_contador_ver01:data:sn85058259:00237285608:1912041901:1110,titanic,"t h for 5al. barred plymouth rock egg of pirre bred prize winner at $t m pr letting. s. j. foster. liner titanic at i bottom of sea. h turlma inririd smis west frwi wkh kw. h was largest liner afloat and was g valued at $ie,eoe,ooo carried over a ooo people. hh hhmmwbm tho linor titanic, a huge vessol carrying over 2000 people was…",,1
sn86058242,"the lake county times (hammond, ind.) 1906-1933",hammond,lake,indiana,daily,titanic-1912,1912-04-15,42,yes,1912-04-15,1,https://www.loc.gov/resource/sn86058242/1912-04-15/ed-1/?sp=1&q=titanic,https://tile.loc.gov/image-services/iiif/service:ndnp:in:batch_in_chucktaylor_ver02:data:sn86058242:00271745928:1912041501:0756,titanic,"…es a no tite usual, re iult, is, a jotj. 1 escape ii a gas explosion monster steamer strikesjn iceberg wireless messages tell of disaster and an ominous silence follows. new york, april ""'is. a wlreles3 message from the titanic, largest and newest of ocean, steamers, received shortly after midnight announced the liner had struck an iceberg off the banks of newfoundland and was sinking. transfer of the passengers to the life boats began at once…",,1
sn86061215,"ottumwa tri-weekly courier (ottumwa, iowa) 1903-1916",ottumwa,wapello,iowa,triweekly,titanic-1912,1912-04-16,24,yes,1912-04-16,1,https://www.loc.gov/resource/sn86061215/1912-04-16/ed-1/?sp=1&q=titanic,https://tile.loc.gov/image-services/iiif/service:ndnp:iahi:batch_iahi_grimes_ver01:data:sn86061215:00295875380:1912041601:0653,titanic,"…rl was found in the boone river here today. one side of the skull was crushed. it is thought that the body was washed down from several miles up the river. -a 4 .•hwy't f* liner strikes an iceberg all white star steamer titanic largest boat afloat, with 7 notable passenger list, wrecked at sea. wireless summons vessels to rescue distress signals, last nighl brought other liners tc scene and prevented losf of life. 1 a wireless dispatches up to…",,1
sn86063039,"shoshone journal (shoshone, idaho) 1884-1931",shoshone,lincoln,idaho,weekly,titanic-1912,1912-04-26,1,yes,1912-04-26,4,https://www.loc.gov/resource/sn86063039/1912-04-26/ed-1/?sp=4&q=titanic,https://tile.loc.gov/image-services/iiif/service:ndnp:idhi:batch_idhi_galapagos_ver01:data:sn86063039:00414211355:1912042601:0468,titanic,"…the! strife between l'aft und roosevelt be is becoming too strenuous to forgotten at the november elec lion t he probability of a dark horse candidate as the republican standard bearer becomes greater t»»iry day. if the titanic disaster results in of adequate means to j prevent similar wrecks in the fuj ture the terrible loss of life that may not there is no j adoption has .-lieckcd hie world have been in vain r 'im'imik!» passenger lotos,> a…",,1
sn86063041,"american falls press (american falls, idaho) 1907-1937",american falls,oneida,idaho,weekly,titanic-1912,1912-04-18,1,yes,1912-04-18,1,https://www.loc.gov/resource/sn86063041/1912-04-18/ed-1/?sp=1&q=titanic,https://tile.loc.gov/image-services/iiif/service:ndnp:idhi:batch_idhi_james_ver01:data:sn86063041:0041566607A:1912041801:0532,titanic,"…pmert called by wireless reacne 675 of the 2200 passengers—many passenger s of world wide pr ominence ï more than 1500 persons, it is reported, sank to death in the early hours monday, after the giant white star steamer titanic crashed into rg, on her maiden trip from liverpool to new york, and in a few hours sank mater reported to be two miles in depth, off the new foundland ranks. from the 2200 passengers and crew on the ill-fated steamer, o…",,1
sn86063147,"the lamar register (lamar, colo.) 1889-1952",lamar,prowers,colorado,weekly,titanic-1912,1912-04-17,1,yes,1912-04-17,4,https://www.loc.gov/resource/sn86063147/1912-04-17/ed-1/?sp=4&q=titanic,https://tile.loc.gov/image-services/iiif/service:ndnp:cohi:batch_cohi_dorchester_ver01:data:sn86063147:00340585975:1912041701:0042,titanic,"…resent and spoke in regard to the kansas-colorado suit, and the genj eral sentiment of the meeting seem ed to favor pushing the appropriatiou matter as endorsed by the ast sedation. _ i great disaster the sinking of the titanic on monday morning was the greatest 1 marine disaster of modern times. definite particulars are not known yet and won’t be until friday morning, but it la certain that over 1300 people have perished. the fact that the li…",,1
sn86063206,"the delta independent (delta, colo.) 1886-19??",delta,delta,colorado,weekly,titanic-1912,1912-04-19,4,yes,1912-04-19,1,https://www.loc.gov/resource/sn86063206/1912-04-19/ed-1/?sp=1&q=titanic,https://tile.loc.gov/image-services/iiif/service:ndnp:cohi:batch_cohi_finntown_ver01:data:sn86063206:00340585756:1912041901:0801,titanic,"…one year ago for the same offense, whereat he admitted the guilt, and paid the fine and costs. he inslats that ho has kept ms promise to the court not to continue such practice*. newest and largest of the ocean liners “titanic’’ goes down a thousand miles from shore—hundreds are drowned. the greatest ocean disaster in the history of steamship travel oc curred in mid-ocean monday morn ing, when the titanic, bound from liverpool to new york, ra…",,1
sn86063232,"the marble booster (marble, gunnison county, colo.) 1911-19??",marble,gunnison,colorado,weekly,titanic-1912,1912-04-27,1,yes,1912-04-27,4,https://www.loc.gov/resource/sn86063232/1912-04-27/ed-1/?sp=4&q=titanic,https://tile.loc.gov/image-services/iiif/service:ndnp:cohi:batch_cohi_baldwin_ver01:data:sn86063232:00414214368:1912042701:0468,titanic,"…readers .»c liue. official mb fif town of marble obituaries printed for flat rate of $1; obitu ary poetry ft* per line additional: each cam of thanks9ue: rewdutbioaof condolence 5c a line. saturday. april 27. 1912. the titanic musicians. after reading about ninety-six col umns of praise for the heroism of astor, guggenheim, hays, thayer, harris and other millionaires who jost their lives in the titanic disaster, the booster confesses that it…",,1
sn86063381,"the bemidji daily pioneer (bemidji, minn.) 1904-1971",bemidji,beltrami,minnesota,daily,titanic-1912,1912-04-15,20,yes,1912-04-15,1,https://www.loc.gov/resource/sn86063381/1912-04-15/ed-1/?sp=1&q=titanic,https://tile.loc.gov/image-services/iiif/service:ndnp:mnhi:batch_mnhi_leech_ver01:data:sn86063381:00280767311:1912041501:0063,titanic,"…atives are ben efited. iltfsf.. hits an ice berg world's largest liner sinking as result of collision while on maiden voyage. message by wireless minneapolis, april 15.(special pioneer wire service)the white star liner, titanic, the largest ship in the world, struck an ice berg off the coast of nova scotia today and is in a sinking condition. the ti tanic was. west bound on iher maiden voyage. responding to wireless calls, the steamship virgin…",,1
sn86063397,"the elk mountain pilot (irwin, (ruby camp), gunnison county, colo.) 1880-19??",crested butte,gunnison,colorado,weekly,titanic-1912,1912-04-18,4,yes,1912-04-18,2,https://www.loc.gov/resource/sn86063397/1912-04-18/ed-1/?sp=2&q=titanic,https://tile.loc.gov/image-services/iiif/service:ndnp:cohi:batch_cohi_garfield_ver01:data:sn86063397:0038334119A:1912041801:0062,titanic,"…se. the representa tions to orozco accuse him of ""prac tical murder” of thomas fountain, an american gunner enlisted with the fed orals, but summarily executed re cently when tafcen prisoner by the in aurrectos. steamer titanic. with 2,160 people. sinks in midocean. captain sends wireless virginian hastens to rescue. montreal, canada. —the white star liner. titanic, with 2,100 persons on board struck an iceberg and sank 1,281 miles east of san…",,1
sn86063623,"the lexington intelligencer (lexington, mo.) 1901-1949",lexington,lafayette,missouri,weekly,titanic-1912,1912-04-26,2,yes,1912-04-26,5,https://www.loc.gov/resource/sn86063623/1912-04-26/ed-1/?sp=5&q=titanic,https://tile.loc.gov/image-services/iiif/service:ndnp:mohi:batch_mohi_eeyore_ver01:data:sn86063623:00294556497:1912042601:0533,titanic,"…g ill in his bed at home the stomk markets of the world would haive stood still waiting for tidings. yet these money kings were merely men when it came to a question of their lives or the livesof the chambermaids on the titanic or of the women inumigrants in the steerage. and as such they we're of only secondary considera tion. dover notes. claude johnson of lexington was here saturday and sunday, ed winn had business in lex ington saturday. w…",,1
sn86063730,"brownsville herald (brownsville, tex.) 1910-current",brownsville,cameron,texas,daily,titanic-1912,1912-04-15,16,yes,1912-04-15,1,https://www.loc.gov/resource/sn86063730/1912-04-15/ed-1/?sp=1&q=titanic,https://tile.loc.gov/image-services/iiif/service:ndnp:txdn:batch_txdn_ash_ver01:data:sn86063730:00414214010:1912041501:0204,titanic,"…ll be the pastor of the congregation which will worship in the new building reported by wireless that she is sinking. has thirteen hundred passengers on board—steamers olympic, baltic and virginian rushing to her relief—titanic is 882 feet long. associated press. cape race, n. f., apr. 15—the steamship titanic, the largest pas senger vessel afloat, reported by wireless tonight that she had struck an ice berg and was sinking. the titanic began…",,1
sn86058226,"the richmond palladium and sun-telegram (richmond, ind.) 1907-1939",richmond,wayne,indiana,daily,titanic-1912,1912-04-15,47,yes,1912-04-15,1,https://www.loc.gov/resource/sn86058226/1912-04-15/ed-1/?sp=1&q=titanic,https://tile.loc.gov/image-services/iiif/service:ndnp:in:batch_in_homerstonebraker_ver01:data:sn86058226:00271744948:1912041501:0116,titanic,"…lege, deliv ered an address on ""the inspiration of the bible."" prof. dennis' talk was very interesting. aside from the reg ular routine matters which came up before the association, no business was transacted. rom suing titanic first trip liner makes results iii hear sea tragedy greatest ship afloat on her maiden voyage collides with iceberg, but wireless brings rescue. captain and crew try to save ship after passengers are trans ferred to oth…",,1
sn85066408,"l'italia (san francisco, calif.) 1887-1943",san francisco,san francisco,california,daily,titanic-1912,1912-04-16,8,yes,1912-04-16,1,https://www.loc.gov/resource/sn85066408/1912-04-16/ed-1/?sp=1&q=titanic,https://tile.loc.gov/image-services/iiif/service:ndnp:curiv:batch_curiv_elodia_ver01:data:sn85066408:00271767109:1912041601:0915,titanic,"…si sono salvali e se si pensa che a bordo del vapore a 1 1 a\ ano oltre duemila duecento viaggiatori, si può facil i ni immaginare uorribilc entità della catastrofe, i. affinali della white star line, proprietaria-del “titanic’’, t.,m a ssai riluttanti questa indie ad ammettere l’entità della i infe. si sono contentali di notificare il pubblico clic vi ora ala un'ingentissima perdita di vite contrariamente alle assidi li/; ni date durante la…",,1
sn86063758,the herald and news (newberry s.c.) 1903-1937,newberry,newberry,south carolina,weekly,titanic-1912,1912-04-16,11,yes,1912-04-16,2,https://www.loc.gov/resource/sn86063758/1912-04-16/ed-1/?sp=2&q=titanic,https://tile.loc.gov/image-services/iiif/service:ndnp:scu:batch_scu_henryjohnson_ver01:data:sn86063758:00202194096:1912041601:0115,titanic,"…anderson tuesday. he was loudly cheered, the crowd showing tney are supporters 01 me guvemur. governor blease spoke at the anderson cotton mills tonight and this afternoon at belton. qc ken of ocean may be sinking liner titanic reported to have struck iecjicnr,?is largest vessel ilnat. i cai: race, x. j., april 13.?at 10.2"" hast night the steamship titanic called ""c. q. d."" is reported having struck an iceberg. the steamer said also i that ass…",,1
sn86063778,"fort mill times (fort mill, s.c.) 1892-current",fort mill,york,south carolina,weekly,titanic-1912,1912-04-18,3,yes,1912-04-18,1,https://www.loc.gov/resource/sn86063778/1912-04-18/ed-1/?sp=1&q=titanic,https://tile.loc.gov/image-services/iiif/service:ndnp:scu:batch_scu_kershawhogjam_ver03:data:sn86063778:0041562024A:1912041801:0217,titanic,"…good cheer came from the ocean ways by wireless. it was in the shape of a wireless message from the white star liner olympic, one of the vessels hovering near the scene of the disaster, flashing the news that 886 of the titanic's passengers, mostly women and children, were being brought to port by the cunarder carpathia. other messages later brought confirmatory tidings. first reports were that the carpathia had saved but 675 persons. the new…",,1
sn86063760,"the manning times (manning, clarendon county, s.c.) 1884-current",manning,clarendon,south carolina,weekly,titanic-1912,1912-04-24,2,yes,1912-04-24,1,https://www.loc.gov/resource/sn86063760/1912-04-24/ed-1/?sp=1&q=titanic,https://tile.loc.gov/image-services/iiif/service:ndnp:scu:batch_scu_babytate_ver01:data:sn86063760:00294550689:1912042401:0386,titanic,"…m survivors on the carpathia, tells of heroic acts staff correspondent of new york newspaper, passenger on rescue ship, gives graphic description of terrible scenes enacted before monster of the sea disappeared. how the titanic sank is told by charles f. hurd, a staff correspond ent of the new york evening world, ho was passenger on the car pa:hia. he gives the number of lives ost as 1,700. he praises highly the ourage of the crew, hundreds of…",,1
sn86063790,"the bamberg herald (bamberg, s.c.) 1891-1972",bamberg,bamberg,south carolina,weekly,titanic-1912,1912-04-18,3,yes,1912-04-18,1,https://www.loc.gov/resource/sn86063790/1912-04-18/ed-1/?sp=1&q=titanic,https://tile.loc.gov/image-services/iiif/service:ndnp:scu:batch_scu_albinoskunk_ver02:data:sn86063790:00295863043:1912041801:0048,titanic,"…whicl have come to light since the tria d y? they would not have convicted th< defendant without a recommenda ter tion to life imprisonment. lise ;5,423 sacks of mail lost. vast volume of mail goes to botton with liner titanic. xew york, april 16.?po^tmastei ent edward m. morgan stated to-daj two that the white star liner titani* of had on board 3,423 sacks of mail at it is not likely, he said, that the his mails were saved. as the standard o…",,1
sn86063952,"the guthrie daily leader (guthrie, okla.) 1893-1996",guthrie,logan,oklahoma,daily,titanic-1912,1912-04-15,25,yes,1912-04-15,1,https://www.loc.gov/resource/sn86063952/1912-04-15/ed-1/?sp=1&q=titanic,https://tile.loc.gov/image-services/iiif/service:ndnp:okhi:batch_okhi_bologna_ver02:data:sn86063952:00295864126:1912041501:0304,titanic,"…ii ml d popular it's in the leader j l jnljtl mjtiu 1 jnljixiin, juijli jljhjljjio i home paper nl'mhkk m (jutjiuli:, oklahoma, monday. a !m i l iui:. price 2c. volume xxxvm. home people are coming, asks fleeing f w s 1 titanic, largest ship in the world, hits an iceberg passengers she transferred 10 steamer carpathia no lives lost and wrecked ship proceeding lo halifax under her own steam a'ili'i';is up (o 1 1 t i tod.iv rdiowiul tliiil. the…",,1
sn86064119,"the weekly chieftain (vinita, craig county, okla.) 1905-1913",vinita,craig,oklahoma,weekly,titanic-1912,1912-04-19,6,yes,1912-04-19,1,https://www.loc.gov/resource/sn86064119/1912-04-19/ed-1/?sp=1&q=titanic,https://tile.loc.gov/image-services/iiif/service:ndnp:okhi:batch_okhi_kimchee_ver01:data:sn86064119:00415626526:1912041901:0664,titanic,"…assengers on board, only 675 are known to be saved. more than 1,500 persons, it is feared, sank to death early yesterday within less than four hours after she crashed into an iceberg, the mammoth white star line steamer titanic, bound from liverpool to new york on her maiden voyage, went to the bottom off the newfoundland banks. of the approx imately 2,000 on board the giant liner, i some of them of world-wide promi nence, only 675 are known t…",,1
sn86064439,"süd california deutsche zeitung (san diego, calif.) 1887-????",san diego,san diego,california,weekly,titanic-1912,1912-04-19,3,yes,1912-04-19,2,https://www.loc.gov/resource/sn86064439/1912-04-19/ed-1/?sp=2&q=titanic,https://tile.loc.gov/image-services/iiif/service:ndnp:curiv:batch_curiv_angelica_ver01:data:sn86064439:00271766786:1912041901:0017,titanic,"…zeitung. ein· einietzliche katnitkoplse auf dem osten-c. von 2100 mensche-nehm um· 900 gerettet. eine entseyliche tkataftrovhe auf dem meere hat diese ylkorhe die ganre welt in aufregung verletzt. der klttelendatnvfer »titanic«, der slsshite star linie gehs rtg, ist auf seiner ersten klterfe von eng land naeh den ver. cicanterr nach einern zulannnensisslr rnit emem e oberg in der! nähe der bein! von nenlundland unter gegacrgem der dinnpfer wa…",,1
sn86064259,"the nashville globe (nashville, tenn.) 1906-193?",nashville,davidson,tennessee,weekly,titanic-1912,1912-04-19,3,yes,1912-04-19,4,https://www.loc.gov/resource/sn86064259/1912-04-19/ed-1/?sp=4&q=titanic,https://tile.loc.gov/image-services/iiif/service:ndnp:tu:batch_tu_ernie_ver01:data:sn86064259:00296020588:1912041901:0563,titanic,"…ia de partment he also has headquarters in nashvil'e. so it can be seen that this city is rapidly becoming the headquarters of the a. m. e. church. otrcn. of clarksvfle. is visiting her botbr. mrs. dora batson. mrs. liz titanic wreck. z asd child, of lake creek, the wreck of the steanship titaaic ar tisitir? her reother and father. mr. is appalling. it is not y.t know -j l the world just how horrfying the ?y,tj zp t0 c'arksville 'at 1 dr lewis…",,1
sn86066870,"the daily sentinel (grand junction, colo.) 1893-current",grand junction,mesa,colorado,daily,titanic-1912,1912-04-15,50,yes,1912-04-15,1,https://www.loc.gov/resource/sn86066870/1912-04-15/ed-1/?sp=1&q=titanic,https://tile.loc.gov/image-services/iiif/service:ndnp:cohi:batch_cohi_ludlow_ver01:data:sn86066870:00513680326:1912041501:0177,titanic,"…ciated press often frighten the public with fake bulletins simply to create a sensation. this has been demonstrated twice in grand junction within the past week—once concerning pope pius and today concerning the steamer titanic. long before these fake bulletins had gotten wide circu lation the associated press had proven them untrue, yet the fake bulletins were posted anyway, simply to create a sensation. associated press bulletins, like assoc…",,1
sn86069041,"the pendletonian (falmouth, ky.) 189?-19??",falmouth,pendleton,kentucky,weekly,titanic-1912,1912-04-25,3,yes,1912-04-25,3,https://www.loc.gov/resource/sn86069041/1912-04-25/ed-1/?sp=3&q=titanic,https://tile.loc.gov/image-services/iiif/service:ndnp:kyu:batch_kyu_mastiff_ver02:data:sn86069041:00516997618:1912042501:0522,titanic,…a their houymoou trip mr aad mn bhnttleworth war accompanied by mrs bhuttleworth's sister mrs goo terungtoa of danville and her daughters mould ud julietta giving vole to tho widespread grief in this city because of tho titanic disaster mayor head sent a message to tho afceeerel connell suggesting that tho flag on tho city hall tower bo planed t halt nut and this was ordered done by u vote of both boards raeo ns of' regret nqd borrow wi pemed…,,1
sn86069117,"daily public ledger (maysville, ky.) 1892-191?",maysville,mason,kentucky,daily,titanic-1912,1912-04-16,21,yes,1912-04-16,4,https://www.loc.gov/resource/sn86069117/1912-04-16/ed-1/?sp=4&q=titanic,https://tile.loc.gov/image-services/iiif/service:ndnp:kyu:batch_kyu_copper_ver01:data:sn86069117:00211104028:1912041601:0238,titanic,"…bo expected to choose solid taft delegations, with a total of 232 member?. this does not tocludo the 43 from ohio, all of which, or nearly all may confidently bi expected to land in tho taft column, fifteen hundred lost titanic, world's greatest ship, on first voyage strikes iceberg ant) goes to the bottom unparalleled disaster to the most wonderful steamer ever built nkw yoitk, april 15th, more than 1,500 persons, it is feared, sank to death…",,1
sn86069162,"the richmond climax (richmond, ky.) 1897-1914",richmond,madison,kentucky,weekly,titanic-1912,1912-04-24,2,yes,1912-04-24,2,https://www.loc.gov/resource/sn86069162/1912-04-24/ed-1/?sp=2&q=titanic,https://tile.loc.gov/image-services/iiif/service:ndnp:kyu:batch_kyu_kryptonite_ver01:data:sn86069162:00280763317:1912042401:0430,titanic,"…rist in detroit, who will take charge in september when the fall term opens. by order of tho british admiralty divine services on all tho warships in home ports last sunday took the form of a memorial for victims of tho titanic. during the services the flags on all the ships were at half mast in respect to the officers and men of all ranks in the british mercantile marino and others who wore drowned and for their good scamenship behavior after…",,1
sn86069201,"the central record (lancaster, ky.) 18??-current",lancaster,garrard,kentucky,weekly,titanic-1912,1912-04-19,3,yes,1912-04-19,2,https://www.loc.gov/resource/sn86069201/1912-04-19/ed-1/?sp=2&q=titanic,https://tile.loc.gov/image-services/iiif/service:ndnp:kyu:batch_kyu_fernico_ver01:data:sn86069201:00280763780:1912041901:0340,titanic,"…istow, j. c. speight, w. j. seitz, stafford camp bell, colored. eiectors:-w. marshall bullitt and c. t. proctor state cen tral committeemen-at-largecharles scholl and senator joe bosworth. over 1000 lives lost when the ""titanic' goes down off the coast of cape race, 500 miles out to sea. the white star line steamship, ""titanic,"" the largest and most mag nificent sea going craft afloat went down in two miles of water 500 miles off the coast of…",,1
sn86069021,"the falmouth outlook (falmouth, ky.) 1907-current",falmouth,pendleton,kentucky,weekly,titanic-1912,1912-04-19,3,yes,1912-04-19,1,https://www.loc.gov/resource/sn86069021/1912-04-19/ed-1/?sp=1&q=titanic,https://tile.loc.gov/image-services/iiif/service:ndnp:kyu:batch_kyu_mastiff_ver02:data:sn86069021:00516997643:1912041901:0569,titanic,…and interment took place in riveride cemetery all the children were present at the funeral except w t bishop of portsmouth va mr bishop and family moved to woodford county about three years ago where he purchased a farm titanic goes to bottom 1400 lose lives la briny deep the greatest ocean liner the titanic collided with an icelierg near the south coast of new foundland sunday night april 14th taking 1400 persons to a j watery grave there wer…,,1
sn86069242,"the anderson news (lawrenceburg, ky.) 18??-current",lawrenceburg,anderson,kentucky,weekly,titanic-1912,1912-04-18,1,yes,1912-04-18,2,https://www.loc.gov/resource/sn86069242/1912-04-18/ed-1/?sp=2&q=titanic,https://tile.loc.gov/image-services/iiif/service:ndnp:kyu:batch_kyu_greyhound_ver01:data:sn86069242:00516998155:1912041801:0106,titanic,"…er brooms at 40c at water-fills’ x religious x the subject of the sermon at the christian church next sun day morning will be ""a great campaign” the evening topic will be ""save oh save”-the distress cry of the ill-fated titanic a cordial invitation to attend the services is extended to all the junior workers of the christian church made a fine easter offering for orphan chil dren in foreign lands the amount will reach $2000 or more those who g…",,1
sn86069309,"the breckenridge news (cloverport, ky.) 1876-1955",hardinsburg,breckinridge,kentucky,weekly,titanic-1912,1912-04-24,5,yes,1912-04-24,2,https://www.loc.gov/resource/sn86069309/1912-04-24/ed-1/?sp=2&q=titanic,https://tile.loc.gov/image-services/iiif/service:ndnp:kyu:batch_kyu_iron_ver01:data:sn86069309:00280763639:1912042401:0544,titanic,"scene of ocean disaster why pay fto thntt mtr tar a rt of than you nttd to? ftjntoid roofing outlasts five ordinary roofs. nearly twenty years' test proves it. fa t i i sixteen hundred lives lost ocean-liner titanic sinks iceberg struck and the mammoth new steam ship plunged into the depths before aid arrived world famous pas sengers are among the dead. story of the awful ocean horror titanic's band played ""nearer my god, to thee,""…",,1
sn86069313,"the hartford republican (hartford, ky.) 18??-1926",hartford,ohio,kentucky,weekly,titanic-1912,1912-04-19,2,yes,1912-04-19,1,https://www.loc.gov/resource/sn86069313/1912-04-19/ed-1/?sp=1&q=titanic,https://tile.loc.gov/image-services/iiif/service:ndnp:kyu:batch_kyu_fernico_ver01:data:sn86069313:00280763020:1912041901:0129,titanic,"…devoted to the interests of all the people of ohio county hartford, ohio county, ky., friday, april 19, 1912. fine job work. vol. xxiv. subscription $1 per year no. 40 4 t iii in' 1,340 people injiea grave giant steamer titanic strikes an iceberg. was the initial trip of worlds largest steamer. cnpe ijncc, n. i'., april 1 a. wire less messago tonight from captain had dock, of the steamers olympic, relayed tiy the coltrlc, reads ns follows: tle…",,1
sn86069395,"hopkinsville kentuckian (hopkinsville, ky.) 1889-1918",hopkinsville,christian,kentucky,three times a week,titanic-1912,1912-04-16,13,yes,1912-04-16,4,https://www.loc.gov/resource/sn86069395/1912-04-16/ed-1/?sp=4&q=titanic,https://tile.loc.gov/image-services/iiif/service:ndnp:kyu:batch_kyu_kryptonite_ver01:data:sn86069395:00280763421:1912041601:0371,titanic,"…es and light hair and are as much alike as the proverbial ""three pets ii a pod."" they are bottled-fed and are in splendid health. their parents are justly proud of the beautiful trio. ocean monster. the white star liber titanic, the largest vessel afloat, left southamp ton, april 10, on her maiden voyage for new york. she is a vessel zoi 46.323 tons, is 882 feet 0 inches long and displaces 66,000' tons. the immensity of the, titartic is shown…",,1
sn86069460,"crittenden record-press (marion, ky.) 1909-191?",marion,crittenden,kentucky,weekly,titanic-1912,1912-04-18,3,yes,1912-04-18,1,https://www.loc.gov/resource/sn86069460/1912-04-18/ed-1/?sp=1&q=titanic,https://tile.loc.gov/image-services/iiif/service:ndnp:kyu:batch_kyu_fargo_ver01:data:sn86069460:00206533316:1912041801:1063,titanic,"…rrei. ,ii. hmj lnkk u. 50,uuu.w. ;ibenon hoad-overseers. r flip severe )n account winter our 07.es last ln worse condition ,,,r.u vonrs. voni ve been iu. hc:nk linia aru h ldetome uy marine disaster. he white star line titanic. iv b bm h bk v k ivfvb h m awtl bv m 0hm ta a a mtmw h .4v m m afl bl abk at aav aa h htfh mml k argest ocean liner ever built crashes an iceberg, and sinks to bottom of the atlantic. here ocean is two miles deep. 1342…",,1
sn86069496,"the adair county news (columbia, ky.) 1897-1987",columbia,adair,kentucky,weekly,titanic-1912,1912-04-24,3,yes,1912-04-24,2,https://www.loc.gov/resource/sn86069496/1912-04-24/ed-1/?sp=2&q=titanic,https://tile.loc.gov/image-services/iiif/service:ndnp:kyu:batch_kyu_dubnium_ver01:data:sn86069496:0021110420A:1912042401:0135,titanic,"…m new york says: new york, april 15.--at the bottom of the sea, in water two miles deep, to-day lies the wreck of the largest steamship ever built, and she took with her more than fifteen hundred souls. the ship was the titanic, the largest steamer afloat, on her maiden voyage across the"" atlan tic. off the coast of new foundland, in the darkness of night, the big liner struck an iceberg. the boat sank in a few hours. how many lives were lost…",,1
sn86069561,"mount vernon signal (mt. vernon, ky.) 18??-current",mount vernon,rockcastle,kentucky,weekly,titanic-1912,1912-04-19,2,yes,1912-04-19,1,https://www.loc.gov/resource/sn86069561/1912-04-19/ed-1/?sp=1&q=titanic,https://tile.loc.gov/image-services/iiif/service:ndnp:kyu:batch_kyu_europium_ver01:data:sn86069561:00211104144:1912041901:0066,titanic,"…."" it's quick, safe, reliable and guar anteed. price 50 cents and $1.00. trial bottle free at-ghas. c. davis'. two, miles beneath the surface of the sea of f.. mg. grand bank's bfnewfouodland, liesthe. white star liner, titanic, which went flown early tuesday morning ap proximately three o'clock after having rammed an iceberg at 5:25 p. m. on monday. the great ""vessel, which was the largest afloat .was on her maiden voyage to new 'york uhy, an…",,1
sn86069599,"the sun (vanceburg, ky.) 1910-1915",vanceburg,lewis,kentucky,weekly,titanic-1912,1912-04-25,2,yes,1912-04-25,5,https://www.loc.gov/resource/sn86069599/1912-04-25/ed-1/?sp=5&q=titanic,https://tile.loc.gov/image-services/iiif/service:ndnp:kyu:batch_kyu_labrador_ver01:data:sn86069599:00516998118:1912042501:0539,titanic,…a good time to get your winter supply thanking you for your patronage i am yours truly e l hrsdriomos s notice to correspondents we positively will not publish correspondence where no name 'is signed tq it f 'the great titanic disaster complete story of this liorroi in book form for sale bvaheun -r dersigned price $1 all those de siring a copy please call on' w b pollitt vaneeburg ky 3 i '-x'l a testimonial j beveral weeks ago dr f c edgar fi…,,1
sn86069657,"the clay city times (clay city, ky.) 1901-current",clay city,powell,kentucky,weekly,titanic-1912,1912-04-25,1,yes,1912-04-25,1,https://www.loc.gov/resource/sn86069657/1912-04-25/ed-1/?sp=1&q=titanic,https://tile.loc.gov/image-services/iiif/service:ndnp:kyu:batch_kyu_judaspriest_ver01:data:sn86069657:0028076355A:1912042501:0284,titanic,…is principle the city of cleveland for the next ten days will pay the school chil dren of that city a ponny for ev ery ten flies they will catch and deliver to the proper authorities. say ah war drunk. one sailor of the titanic on duty says the high officers and passengers had attended a big ball nnd drank heavily 'of wiue and clmmpague mid were mostly all drunk. he says that the ilooknut was also asleep. this euilor was sober which wab quite…,,1
sn86069643,"licking valley courier (west liberty, ky.) 19??-current",west liberty,morgan,kentucky,weekly,titanic-1912,1912-04-18,3,yes,1912-04-18,1,https://www.loc.gov/resource/sn86069643/1912-04-18/ed-1/?sp=1&q=titanic,https://tile.loc.gov/image-services/iiif/service:ndnp:kyu:batch_kyu_flamingo_ver01:data:sn86069643:00295875835:1912041801:0209,titanic,"…court house iv 4-4! a goodly share-- wdlhcul ofyourtrade. c m. haney, (big red) representing david ades ladies' and gent's furnishings, lexington, ky. mic goes down 1200 lives believed to be lost. the white star liner, titanic, the largest steam ship in the world, collided with an iceberg off the coast of newfoundland on the morning of april 15th, and sank within four hours aftei the collision. it is believed that less than 1,000 of the 2,200…",,1
sn86069675,"the mt. sterling advocate (mt. sterling, ky.) 1890-current",mount sterling,montgomery,kentucky,weekly,titanic-1912,1912-04-17,2,yes,1912-04-17,1,https://www.loc.gov/resource/sn86069675/1912-04-17/ed-1/?sp=1&q=titanic,https://tile.loc.gov/image-services/iiif/service:ndnp:kyu:batch_kyu_holmium_ver01:data:sn86069675:00280762854:1912041701:0124,titanic,"…at vanarsdell's. horrible disaster large steamer sinks and nearly 1,400 lives believed lost. some of the world's most prom nent men on board. latest dispatches are to the ef fect that tho world's greatest steamship, tho titanic, which struck an iceberg in mid-ocean sunday, has sunk and only 886 of the 2,200 persons-on board are re ported saved. the ship was the greatest in the world and was valued at $10,000,600. men of world-wide prominence w…",,1
sn86071985,"virginia gazette (williamsburg, va.) 1893-192?",williamsburg,,virginia,weekly,titanic-1912,1912-04-18,2,yes,1912-04-18,2,https://www.loc.gov/resource/sn86071985/1912-04-18/ed-1/?sp=2&q=titanic,https://tile.loc.gov/image-services/iiif/service:ndnp:vi:batch_vi_chopin_ver02:data:sn86071985:00175032010:1912041801:0762,titanic,"…do it oe me ee the sergeant to re move the refuse. he is anxious tc helo vou. _. the whole world stands appalled at the greatest marine borror of all time when hundreds of lives were snuffed out by the foundering of the titanic sunday night. the nations of the earth are in mourning for those who died and for their loved omes who live. mrs. r. d. wilkins and ber sister, miss bear, were overjoyed a few days ago to meet 2 long lost brother, lu th…",,1
sn86072143,"burlington weekly free press (burlington, vt.) 1866-1928",burlington,chittenden,vermont,weekly,titanic-1912,1912-04-18,19,yes,1912-04-18,1,https://www.loc.gov/resource/sn86072143/1912-04-18/ed-1/?sp=1&q=titanic,https://tile.loc.gov/image-services/iiif/service:ndnp:vtu:batch_vtu_charlotte_ver01:data:sn86072143:00280777249:1912041801:0242,titanic,"i n vol.lxxxvl new series vol. lviil burlington, vt tiu'hsday, april 18, 1912. number 42. roll 1f saved from wreck of the titanic seems complete thousands of hopeful hearts turned to despairing ones when cruiser relays wireless from carpathia. liner answers names of survivors already sent list of steerage passengers filters in between private mess…",,1
sn86074033,"the sea coast echo (bay saint louis, miss.) 1892-current",bay saint louis,hancock,mississippi,weekly,titanic-1912,1912-04-20,2,yes,1912-04-20,1,https://www.loc.gov/resource/sn86074033/1912-04-20/ed-1/?sp=1&q=titanic,https://tile.loc.gov/image-services/iiif/service:ndnp:msar:batch_msar_abolitionist_ver02:data:sn86074033:00199916403:1912042001:0197,titanic,"…s, will occupy the pul pit at the main street methodist church tomorrow—sunday—at ll o’clock. millionaires have their failings, but money had not destroyed tne tender chi valry of those masters of millions on the minted titanic. they stood aside and let the and children have the chance to escape. southing fine deep down under their money-g rabuiug ties. bay saint louis, mississippi, saturday. april 20. 1912. titanic in name, titanic in catastr…",,1
sn86075089,"the whitefish pilot (whitefish, mont.) 1904-current",whitefish,flathead,montana,weekly,titanic-1912,1912-04-25,2,yes,1912-04-25,1,https://www.loc.gov/resource/sn86075089/1912-04-25/ed-1/?sp=1&q=titanic,https://tile.loc.gov/image-services/iiif/service:ndnp:mthi:batch_mthi_fox_ver01:data:sn86075089:00295860984:1912042501:0529,titanic,…bekam it bottom of sea professor at johns hopkins univer sity says it is improbable that any corpse will return to sur face of ocean. there has been much discussion of late as to what would become of the ill-fated ship titanic and the bodies of those who died with it. the sup position has been that they would not sink the two miles to the bot tom of the sea. prof. robert w. wood of the chair of experimental physics of the john hopkins univer…,,1
sn86075094,"the roundup record (roundup, mont.) 1908-1929",roundup,musselshell,montana,weekly,titanic-1912,1912-04-19,8,yes,1912-04-19,1,https://www.loc.gov/resource/sn86075094/1912-04-19/ed-1/?sp=1&q=titanic,https://tile.loc.gov/image-services/iiif/service:ndnp:mthi:batch_mthi_graywolf_ver01:data:sn86075094:00295860935:1912041901:0134,titanic,"historical social the roundup record volume v. no. 4. roundup, musselshell county, montana. friday, april 19, 1912. 12.00 per year in advance men 01 titanic die like heroes all women 8aved but those who chose to perish with their husbands. death listjs 1,595 band playa ""nearer my god to thee'' aa ship sinka beneath the wavea— captain smith performa heroic deeda—major butt d…",,1
sn86075153,"yellowstone monitor (glendive, mont.) 1905-1928",glendive,dawson,montana,weekly,titanic-1912,1912-04-18,2,yes,1912-04-18,1,https://www.loc.gov/resource/sn86075153/1912-04-18/ed-1/?sp=1&q=titanic,https://tile.loc.gov/image-services/iiif/service:ndnp:mthi:batch_mthi_dragonfly_ver01:data:sn86075153:00212477242:1912041801:0127,titanic,"seh a vn glen ivg, montana. thursday, april 18, 1912 ___ ae our ain: to puslish a newspaper. worst disaster in history of sea travel largest vessel ever floated, titanic, crashes into iceberg and goes to burial in ocean. millionaires and famous persons among the many hundreds who find watery graves in the blue depths. w y. rk. \ul 16.--what is be the last messages tunici before she stru…",,1
sn86069180,"kentucky irish american (louisville, ky.) 1898-1968",louisville,jefferson,kentucky,weekly,titanic-1912,1912-04-20,5,yes,1912-04-20,1,https://www.loc.gov/resource/sn86069180/1912-04-20/ed-1/?sp=1&q=titanic,https://tile.loc.gov/image-services/iiif/service:ndnp:kyu:batch_kyu_albatross_ver01:data:sn86069180:00100481674:1912042001:0496,titanic,"…to election, as the republican party here at present is hopelessly disorganized, even the former fusionlsts, who were out for office only. having deserted the linking ship. cahdlnalh cupress grief to president taft ror titanic victims. front all parts of the world ex pressions of grief for the tltantlc victims have reached president taft, among them the following from cardinals oibbons, farley and o'connell; ""to the president of the united st…",,1
sn86069873,"the bourbon news (paris, ky.) 1895-19??",paris,bourbon,kentucky,semiweekly,titanic-1912,1912-04-19,5,yes,1912-04-19,2,https://www.loc.gov/resource/sn86069873/1912-04-19/ed-1/?sp=2&q=titanic,https://tile.loc.gov/image-services/iiif/service:ndnp:kyu:batch_kyu_gold_ver01:data:sn86069873:00280763056:1912041901:0259,titanic,"…for large advertise ments and yearly contracts. the right of publisher is reserved to decline any advertisement or otfier matter offered for publication. space is a newspaper's stock in trade, its source of revenue. the titanic's fate. off the cost of newfoundland the great steamship titanic the largest steamship in the warld, after striking an iceburg went to the bottom of the ocean carrying wth it over 1,200 souls. the fate of the titanci wa…",,1
sn86076141,"las vegas age (las vegas, nev.) 1905-1947",las vegas,clark,nevada,weekly,titanic-1912,1912-04-20,4,yes,1912-04-20,1,https://www.loc.gov/resource/sn86076141/1912-04-20/ed-1/?sp=1&q=titanic,https://tile.loc.gov/image-services/iiif/service:ndnp:nvln:batch_nvln_unionville_ver02:data:sn86076141:00279553743:1912042001:0175,titanic,"…shes into ice berg and sinks sixteen hundred souls drawn down to destruction in the icy waters. only 745 saved the most awful marine disaster in all history occurred sunday evening april 14th. when the monster steamship titanic crashed full speed into an iceherg off the grand banks. i he shock occurred at 11:45 and two hours and -55 minutes later the great ship 'unk with a series of awful explosions, earrving with it to a horrible death lv.45…",,1
sn86076201,"the eureka sentinel (eureka, nev.) 1902-current",eureka,eureka,nevada,weekly,titanic-1912,1912-04-20,3,yes,1912-04-20,4,https://www.loc.gov/resource/sn86076201/1912-04-20/ed-1/?sp=4&q=titanic,https://tile.loc.gov/image-services/iiif/service:ndnp:nvln:batch_nvln_quartz_ver01:data:sn86076201:0027955405A:1912042001:0124,titanic,"…marine disaster steamer titantic, largest vessel ever built, strikes an ice berg sunday night on her maiden voyage and sinks three hours later—but 745 out of 2340 souls are saved naw york, april 15.—the white star liner titanic, latest and greatest ship of the seas, col lided with an iceberg at 10:25 o’clock sunday night and sank off the banks of newfoundland at 2:20 a. m. monday, less than four hours after she had struck. the white star line…",,1
sn86076216,"yerington times (yerington, nev.) 1907-1932",yerington,lyon,nevada,weekly,titanic-1912,1912-04-20,2,yes,1912-04-20,2,https://www.loc.gov/resource/sn86076216/1912-04-20/ed-1/?sp=2&q=titanic,https://tile.loc.gov/image-services/iiif/service:ndnp:nvln:batch_nvln_arrowhead_ver01:data:sn86076216:00279554589:1912042001:0069,titanic,"…. x. c.. recommends pyroligneous icid as ;t suitable and cheap disinfectant, while l)r. tritton. of the connecticut agricultural station uggests a 5 per cent solution of farmalin in water, ■xposed in a shallow dish. the titanic catastrophe. tik* great passenger steamer titanie, wliieli vas making iter initial run across the atlantic, now ies _?(xx) feet under water at the bottom of the ,cean. the result <>i encountering a field of ice. v.me 13…",,1
sn86075298,"the ronan pioneer (ronan, mont.) 1910-1970",ronan,lake,montana,weekly,titanic-1912,1912-04-19,1,yes,1912-04-19,2,https://www.loc.gov/resource/sn86075298/1912-04-19/ed-1/?sp=2&q=titanic,https://tile.loc.gov/image-services/iiif/service:ndnp:mthi:batch_mthi_eagle_ver02:data:sn86075298:00294554804:1912041901:0291,titanic,"…the national capitol. professor samuels has received the most favorable criticism for both the lectures and the pictures from the leading newspapers of the east. great loss of life the largest steamship ever built,`the titanic, struck an ice berg on the 15th inst., on her maiden trip from liverpool to new york, and sank off the coast of newfoundland in two miles of water, causing a loss of life es timated at over 1400, which in cludes many pr…",,1
sn86076142,"tonopah daily bonanza (tonopah, nev.) 1906-1929",tonopah,nye,nevada,daily,titanic-1912,1912-04-15,24,yes,1912-04-15,1,https://www.loc.gov/resource/sn86076142/1912-04-15/ed-1/?sp=1&q=titanic,https://tile.loc.gov/image-services/iiif/service:ndnp:nvln:batch_nvln_aurora_ver02:data:sn86076142:00415626988:1912041501:0355,titanic,"…d:? ire!i'-,i i i. in i .(.itmet a p.i.k.d 1m!i mi.hu .ti,.l vi.ii,h m iter ha.thdin i,..l,. t,u-. i ,1.1. i'lleri"" t:'l t"" b'4 h4''tnet tnt'idht .li.. i r.ad bn'l f!r ihe ''-t' i.-ti 1 of t t .mitid litvn cote 'd onthl titanic, one of the finest and largest passrnger boats, meets with acci dent passengers taken aboard other steamers injured steamer being towed into port. montrkal, april 15. at 8:30 this morning it is reported the ti tanic whi…",,1
sn86076241,"carson city daily appeal (carson city, nev.) 1907-1930",carson city,ormsby,nevada,daily,titanic-1912,1912-04-16,13,yes,1912-04-16,1,https://www.loc.gov/resource/sn86076241/1912-04-16/ed-1/?sp=1&q=titanic,https://tile.loc.gov/image-services/iiif/service:ndnp:nvln:batch_nvln_idlewild_ver01:data:sn86076241:00271762276:1912041601:0337,titanic,"carson city daily ""appeal 5 (.t, per wick i'ar.mix c i tv. xkvada. tuesday eyf.ninc, a i 'r 1 1 16. 1012 five cents p.-r copy ,xr, iking of titanic takes jjves of 1200 nearly nine hundred persons are saved mostly women and children h imov given itt tint l-'tnl ln-l ihcir liveliy tile -illk'llg ot v trlil""- gica i-1 j i i v 1 1 u r -hi; ill, i itanic i'll' lli,' oi.…",,1
sn86076247,"the silver state (winnemucca, nev.) 1909-1925",winnemucca,humboldt,nevada,semiweekly,titanic-1912,1912-04-18,4,yes,1912-04-18,1,https://www.loc.gov/resource/sn86076247/1912-04-18/ed-1/?sp=1&q=titanic,https://tile.loc.gov/image-services/iiif/service:ndnp:nvln:batch_nvln_deeth_ver01:data:sn86076247:00332890438:1912041801:0796,titanic,"…tion, end to present the issue clearly, three items ot fbojooo each have been id {loss of life 1 grows heavier associated press dispatches from new york today indicated that the loss of life attending the sinking of the titanic is even heavier than at first feared, the latest reports making jit appear that but 710 of the passen gers, mostly women, were rescued. this would put the loss at 2,000 lives. lose will be enormous. a press dispatch of…",,1
sn86076306,"the churchill county standard (fallon, nev.) 1908-1920",fallon,churchill,nevada,weekly,titanic-1912,1912-04-17,1,yes,1912-04-17,1,https://www.loc.gov/resource/sn86076306/1912-04-17/ed-1/?sp=1&q=titanic,https://tile.loc.gov/image-services/iiif/service:ndnp:nvln:batch_nvln_jackpot_ver01:data:sn86076306:00340582494:1912041701:0065,titanic,"…it or and treasurer were received and ap proved. greatest marine disaster in history. the greatest maritime disaster in j the history of the world, occurred mon day morning off the newfoundland banks, when the steamship titanic sank after striking an iceberg, when 1800 souls were lost, after nearly as many had been rescued, following the calling of aid by means of wireless messages. the titanic was the largest vessel afloat anti her sinking fo…",,1
sn86079068,"the lafayette advertiser (vermilionville [i.e. lafayette], la.) 1865-19??",vermilionville,lafayette,louisiana,semiweekly,titanic-1912,1912-04-19,2,yes,1912-04-19,2,https://www.loc.gov/resource/sn86079068/1912-04-19/ed-1/?sp=2&q=titanic,https://tile.loc.gov/image-services/iiif/service:ndnp:lu:batch_lu_duffy_ver02:data:sn86079068:00200299012:1912041901:0133,titanic,"…pecially in his own species, for as soon as anyone of them' sticks his head above the crowd the others begin to knock at it. great ocean disaster. the greatest ocean disaster in history occurred a few days ago when the titanic, the largest ship ever built, struck an ice berg off sable island 1000 miles from new york on her maiden trip. wireless calls were sent for help but the great ship sank in four hours in water two miles deep. 866 persons…",,1
sn86079080,le meschacébé ([lucy] la.) 1853-1942,lucy,saint john the baptist,louisiana,weekly,titanic-1912,1912-04-27,1,yes,1912-04-27,3,https://www.loc.gov/resource/sn86079080/1912-04-27/ed-1/?sp=3&q=titanic,https://tile.loc.gov/image-services/iiif/service:ndnp:lu:batch_lu_franklin_ver02:data:sn86079080:00202190212:1912042701:0490,titanic,"…. ng but debris and collection of life :boats into which women and chil -dreri had been bundled. -new york.-it' is reported bt wire la8s from cape race that at least 1,314 per s went to their death in the snk leg of the titanic, which from now on wire kalown as the greatest marine 4 of modern times. the liner, erig the roud of the largest aslel =oat, is at bottom of the alaicwit all of her crew and prac tically of her male passengers. prob abl…",,1
sn86081854,"republican news item (laport, pa.) 1896-19??",laporte,sullivan,pennsylvania,weekly,titanic-1912,1912-04-18,4,yes,1912-04-18,4,https://www.loc.gov/resource/sn86081854/1912-04-18/ed-1/?sp=4&q=titanic,https://tile.loc.gov/image-services/iiif/service:ndnp:pst:batch_pst_carlisle_ver01:data:sn86081854:00296026104:1912041801:1097,titanic,"…w in a lecture at yale ithe other night characterized newspa i ■per reporters as ""men of trivial winds without perspective and with out education."" some reporter had probably referred to mr. dow as ont mho ""also spoke."" titanic sinks four doors after hitting iceberg giant liner on maiden trip met with disaster 330 miles from cape race and went to the bottom. carpathia picked up lifeboats carrying 866 passengers liner titanic. six liners answer…",,1
sn86086068,"baraboo weekly news (baraboo, wis.) 1912-197?",baraboo,sauk,wisconsin,weekly,titanic-1912,1912-04-25,3,yes,1912-04-25,1,https://www.loc.gov/resource/sn86086068/1912-04-25/ed-1/?sp=1&q=titanic,https://tile.loc.gov/image-services/iiif/service:ndnp:whi:batch_whi_lethifold_ver01:data:sn86086068:00414214757:1912042501:0001,titanic,"…ow and badly frightened the young lady. the pane was broken and the bullet fell at her feet. tt had come from a considerable distance and was about spent. baraboo, wis., thursday, april 25. 1912. loss is great in sunken titanic when the titanic went down april 15, snuffing out the lives of 1,726 per sons, there was also great loss of wealth. the vessel had been built at a cost, of tbout eight million dollars or about twice the value of the tax…",,1
sn86086186,"nord stern (la crosse, wis.) 1856-1921",la crosse,la crosse,wisconsin,weekly,titanic-1912,1912-04-19,2,yes,1912-04-19,1,https://www.loc.gov/resource/sn86086186/1912-04-19/ed-1/?sp=1&q=titanic,https://tile.loc.gov/image-services/iiif/service:ndnp:whi:batch_whi_bowtruckle_ver02:data:sn86086186:00414215130:1912041901:0977,titanic,"der „27 ordstcrn' ist die einzige präsentatwe deutsche zeitung non tza crosse 5-'>. lal'.rqcmq. ionische hctlcrstr7opl)e tic „titanic"", ;r zcit das lsrößtc schiss der wclt, aui ilircr liliilstmisichil durch cinc lsollisio mit cincm (sjsbcrlsc mit lotst' mciischciilclic untciwamii. ~carpathia"" mit 73tt <hcrcttetci i new 4)ork nttstckomme. hersagen der…",,1
sn86086499,"wauwatosa news (wauwatosa, wis.) 1900-1948",wauwatosa,milwaukee,wisconsin,weekly,titanic-1912,1912-04-19,5,yes,1912-04-19,2,https://www.loc.gov/resource/sn86086499/1912-04-19/ed-1/?sp=2&q=titanic,https://tile.loc.gov/image-services/iiif/service:ndnp:whi:batch_whi_hodag_ver01:data:sn86086499:0041421440A:1912041901:0530,titanic,"…ow in a lecture at yale the other night characterized newspa >er reporters as “men of trivial nlnds without perspective and with wit education.” some reporter had jrobab'y referred to mr. low as one ho ‘also spoke.” hit titanic when she left port survivors of titanic wreck number 868 officials of the white star com pany admit that 1,232 per sons went down with world’s largest vessel. collided with iceberg first steamer to reach scene of at lan…",,1
sn86086559,"danskeren (neenah, wis.) 1892-1920",blair,washington,nebraska,weekly,titanic-1912,1912-04-19,4,yes,1912-04-19,1,https://www.loc.gov/resource/sn86086559/1912-04-19/ed-1/?sp=1&q=titanic,https://tile.loc.gov/image-services/iiif/service:ndnp:nbu:batch_nbu_fourtusker_ver01:data:sn86086559:00279527914:1912041901:0880,titanic,"…tag-bla denc de forslc llw19djttsgcr um den frygteligc lllykte, der tm ida-gen fort-d. zet bottom-, a: man frogten at over ijw susnk tu toben tidlig i manng jndcn l eimer cftcr, at den gigantiite whjtc zrar linie danwcr titanic var jtødt intod et jsbjerg nd for :1-’cmfuundlandszsbans form-. af de ca. 2,1u0 menncttcr om bord, (.1f hvilfr stenoar net-dono derwntw mde tun «pr at owku plis von instit rlikisdisnirs whtc emris samt-or j new york sag…",,1
sn86086586,"the wisconsin tobacco reporter (edgerton, wis.) 1877-1950",edgerton,rock,wisconsin,weekly,titanic-1912,1912-04-19,6,yes,1912-04-19,4,https://www.loc.gov/resource/sn86086586/1912-04-19/ed-1/?sp=4&q=titanic,https://tile.loc.gov/image-services/iiif/service:ndnp:whi:batch_whi_imp_ver01:data:sn86086586:00414214551:1912041901:0436,titanic,"…c needs, and a public impression of that kind is a “good will,” having a large cash value. it is like money on interest in the bank. no disaster in recent years has caused such world-wide sensation as the sinking of the titanic, the largest and most palatial steamship of the white star line, while making her maiden trip, carrying more than three thousand people. when all the facts are known there will be some morals to draw from this greatest…",,1
sn86086633,"the calumet news (calumet, mich.) 1907-1938",calumet,houghton,michigan,daily,titanic-1912,1912-04-15,58,yes,1912-04-15,1,https://www.loc.gov/resource/sn86086633/1912-04-15/ed-1/?sp=1&q=titanic,https://tile.loc.gov/image-services/iiif/service:ndnp:mimtptc:batch_mimtptc_jackson_ver01:data:sn86086633:00296024569:1912041501:0136,titanic,"…he weather: the calumet news is a i member of the associated i i rain tonight or tues press. today's news today. day. colder tuesday. vol xxi calumet, houghton county, michigan, monday afternoon, april 15, 1912. no. 142 titanic, biggest boat in the world, may be doomed r hits an iceberg off the banks of newfoundland; the 1,470 passengers safely taken off most startling news which has come in from sea since advent of wireless telegraphy on maid…",,1
sn86086770,"mineral point tribune (mineral point, wis.) 1869-1938",mineral point,iowa,wisconsin,weekly,titanic-1912,1912-04-18,2,yes,1912-04-18,5,https://www.loc.gov/resource/sn86086770/1912-04-18/ed-1/?sp=5&q=titanic,https://tile.loc.gov/image-services/iiif/service:ndnp:whi:batch_whi_katherine_ver01:data:sn86086770:00271768898:1912041801:0962,titanic,"…with mrs. sophia williams at the home of mrs. george masten. —misses alice gardiner, susan rink and bertha riedel resumed their stud ies at platteville monday, after a week’s vacation. details of the sinking of the ship titanic, in which over a thousand peo ple are rep ted to have lost their lives, can he fou. and on the second page of this issue. lost in this city friday, aa alligator pocketbook with from $2.50 to $3.00 change in it; a small…",,1
sn86086852,"iowa county democrat (mineral point, wis.) 1877-1938",mineral point,iowa,wisconsin,weekly,titanic-1912,1912-04-18,5,yes,1912-04-18,4,https://www.loc.gov/resource/sn86086852/1912-04-18/ed-1/?sp=4&q=titanic,https://tile.loc.gov/image-services/iiif/service:ndnp:whi:batch_whi_margaret_ver01:data:sn86086852:00271769647:1912041801:0256,titanic,"…ircular saw for cutting tool steel is a trifle longer than its neighbor, the long teeth making the center of the cut and the short ones, which are thicker, gouging out the sides. story of great traosyfif sea loss of the titanic as told by the wireless. greyhounds race to rescue appeals for help caught by several big liners the carpathia is the first to reach the scene of disaster, new york, april 1(5. —the greatest marine disaster in the histo…",,1
sn86088651,"bryan daily eagle and pilot (bryan, tex.) 1909-1918",bryan,brazos,texas,daily,titanic-1912,1912-04-15,26,yes,1912-04-15,1,https://www.loc.gov/resource/sn86088651/1912-04-15/ed-1/?sp=1&q=titanic,https://tile.loc.gov/image-services/iiif/service:ndnp:txdn:batch_txdn_jaguar_ver01:data:sn86088651:00202191150:1912041501:0477,titanic,"…ouse work bell bros. ""quality grocers"" phones 111 end 179 oh her hen trip wireless danger signals responded to nearby steamers and passengers were transferred by ship, the olympic, are also rushing to aid in the rescue. titanic not sunk. by associated press. new york, april 13. the titanic was not sunk, but was disabled and her passengers are being transferred to other steamers in a, calm sea. the steamers carapathla and parisian are already s…",,1
sn86089566,"laredo weekly times (laredo, tex.) 188?-19??",laredo,webb,texas,weekly,titanic-1912,1912-04-21,20,yes,1912-04-21,1,https://www.loc.gov/resource/sn86089566/1912-04-21/ed-1/?sp=1&q=titanic,https://tile.loc.gov/image-services/iiif/service:ndnp:txdn:batch_txdn_albatross_ver01:data:sn86089566:00517176400:1912042101:0170,titanic,"…on a honeymoon trip to new york after a visit, to the parents of the bridegroom mr. and mrs. seeligson will be at home june 1 at the orlen tai hotel, dallas 'aftadi wed trying save little girl heroism and pathos of the titanic disaster grows as the details are learned from survivors. by associated press. new york, april j"" —captain smith of the titanic met his death while in a futile effort to save a little girl. the details of the captain's…",,1
sn86090230,"the log cabin democrat (conway, ark.) 1901-1982",conway,faulkner,arkansas,weekly,titanic-1912,1912-04-18,3,yes,1912-04-18,1,https://www.loc.gov/resource/sn86090230/1912-04-18/ed-1/?sp=1&q=titanic,https://tile.loc.gov/image-services/iiif/service:ndnp:arhi:batch_arhi_charmander_ver01:data:sn86090230:00414212530:1912041801:0031,titanic,"…d, two for the sec ond and three for the third ward. the companies decided not to elect captains, leaving them to be appoint ed by the chief, j. a. king, who will announce his selections in a few days. 1,312 perished in titanic disaster only 868 were rescued survivors aboard carpa thia include frauen thal relatives. from wednesday's daily. according to the latest reports from the terrible d’saster of the sea, in which the mammoth liner titanic…",,1
sn86090233,"the port gibson reveille (port gibson, miss.) 1890-current",port gibson,claiborne,mississippi,weekly,titanic-1912,1912-04-18,4,yes,1912-04-18,2,https://www.loc.gov/resource/sn86090233/1912-04-18/ed-1/?sp=2&q=titanic,https://tile.loc.gov/image-services/iiif/service:ndnp:msar:batch_msar_jacard_ver01:data:sn86090233:0019991747A:1912041801:0557,titanic,"…d be suffi ciently relieved by the breaks on the west side to be able to stand tbe strain. a number of local people, sev eral of whom bave property in that vicinity, will be affected by the break. on great sea disaster. titanic went down with 1400 passengers. 8#o saved. sunday night at 10 o'clock the white star line sreamer titanic, the largest and finest vessel ever built, struck an iceberg and sank with 1400 of its 2100 passengers and crew.…",,1
sn86090369,"the waxahachie daily light (waxahachie, tex.) 1894-current",waxahachie,ellis,texas,daily,titanic-1912,1912-04-15,27,yes,1912-04-15,1,https://www.loc.gov/resource/sn86090369/1912-04-15/ed-1/?sp=1&q=titanic,https://tile.loc.gov/image-services/iiif/service:ndnp:txdn:batch_txdn_eastland_ver01:data:sn86090369:00279520798:1912041501:0461,titanic,"…ly damaged on her first trip. wireless brings relief other vessels pick up distress sig nal and hurry to aid ol ti lanic—passengers are salely removed. associated press special. new york, april 15.—the white star liner, titanic, which collided last night about 11 o'clock with an iceberg three hundred and fifty miles south from cape race, when reached this morning by the steam ers carpathia and parisian, was found to be badly disabled though no…",,1
sn86090528,"the chickasha daily express (chickasha, indian territory [okla.]) 1899-current",chickasha,grady,oklahoma,daily,titanic-1912,1912-04-15,35,yes,1912-04-15,1,https://www.loc.gov/resource/sn86090528/1912-04-15/ed-1/?sp=1&q=titanic,https://tile.loc.gov/image-services/iiif/service:ndnp:okhi:batch_okhi_gruyere_ver01:data:sn86090528:00295864266:1912041501:0998,titanic,"…aken off one report saya vessel is sink ing and another says will be towed to port many on board telegram by uulted press. halifax, n. s., april !.,.-held afloat only by her water tight compartments, hi 9 gigantic liner titanic in slowly crawling toward halifax this afternoon ti'e passenger have been taken off bu! they have to face another ordeal wh""ii they are transferred ir""m tho rilief vessels to the white star liner taitic, which will lake…",,1
sn86090947,"atlanta semi-weekly journal (atlanta, ga.;atlanta, ga) 1898-1920",atlanta,fulton,georgia,semiweekly,titanic-1912,1912-04-16,16,yes,1912-04-16,1,https://www.loc.gov/resource/sn86090947/1912-04-16/ed-1/?sp=1&q=titanic,https://tile.loc.gov/image-services/iiif/service:ndnp:gu:batch_gu_graco_ver01:data:sn86090947:00393344155:1912041601:0277,titanic,"_ vol. xi. titanic hits iceberg: passengers are saved _________________ giant white star liner, largest steamer in the world, wrecked on high seas 600 miles off newfoundland —in response to wireless calls carpahia, parisian, baltic, olymp…",,1
sn86076366,"weekly independent (elko, nev.) 1887-1914",elko,elko,nevada,weekly,titanic-1912,1912-04-19,6,yes,1912-04-19,2,https://www.loc.gov/resource/sn86076366/1912-04-19/ed-1/?sp=2&q=titanic,https://tile.loc.gov/image-services/iiif/service:ndnp:nvln:batch_nvln_keystone_ver03:data:sn86076366:00279555107:1912041901:0476,titanic,"…on within the party. the wisconsin senator's friends intend to support the nominee of the chicago convention. he intends to carry on the fight for the principles for which he stands within the party. 1350 lives lost the titanic, the largest steamer ever build, struck an iceberg oft the coast of new founuland sun day night and sank. she was launched in may and this was her maiden trip. she carried 1 *1 00 passengers and a crew of 800. a dispatc…",,1
sn86076354,"white pine news weekly mining review (east ely, nev.) 1910-1920",east ely,white pine,nevada,,titanic-1912,1912-04-21,2,yes,1912-04-21,3,https://www.loc.gov/resource/sn86076354/1912-04-21/ed-1/?sp=3&q=titanic,https://tile.loc.gov/image-services/iiif/service:ndnp:nvln:batch_nvln_imlay_ver01:data:sn86076354:00340582500:1912042101:0557,titanic,"…the salt lake smelters within a few days. the first consignment averaged 82 per cent lead, besides earning small values in silver. the leasers are confident that the second shipment will net as handsome re turns. missed titanic disaster. leaving southampton just two days before the ill fated titanic sall ed on its maiden voyage, john llose i vear returned thursday night from cornwall, england, where he has been visiting with his mother and oth…",,1
sn86091062,"elmore county republican (mountain home, idaho) 1910-1915",mountain home,elmore,idaho,weekly,titanic-1912,1912-04-20,2,yes,1912-04-20,1,https://www.loc.gov/resource/sn86091062/1912-04-20/ed-1/?sp=1&q=titanic,https://tile.loc.gov/image-services/iiif/service:ndnp:idhi:batch_idhi_fraser_ver01:data:sn86091062:00415666408:1912042001:0701,titanic,"…other loot which might fall to his war party. on the banks of med icine creek oklahoma, laden with spoil, many captives and big bands of ponies and a large herd of cattle, terrible disaster at sea great white 8tar liner titanic sink*. 1600 peraona periah. early last monday morning the most appalling marine disaster of re cent years occurred off the coast of newfoundland when the titanic struok an iceberg. of the 2340 per sons on board the ship…",,1
sn86091084,"bonners ferry herald (bonners ferry, idaho) 1904-current",bonners ferry,boundary,idaho,semiweekly,titanic-1912,1912-04-20,3,yes,1912-04-20,3,https://www.loc.gov/resource/sn86091084/1912-04-20/ed-1/?sp=3&q=titanic,https://tile.loc.gov/image-services/iiif/service:ndnp:idhi:batch_idhi_angkor_ver01:data:sn86091084:00279550869:1912042001:0559,titanic,"…package of the genuine regular price 50* per bol one size only. for sale by all leading druggist*. the original onri genuine syru p °f flgs'ind elixir^senna is manufactured by california fiosyripco. over 1300 drowned in titanic horror only survivors are aboard u1 l1 üuhflfullü «hl null/llui the carpathia arrive in new yjrk. names of 233 women, 19 men and 16 children have been reported as saved—world awaits story—heroes on doomed ship-—crew and…",,1
sn86091092,"the caldwell tribune (caldwell, idaho territory [idaho]) 1883-1928",caldwell,canyon,idaho,weekly,titanic-1912,1912-04-19,2,yes,1912-04-19,1,https://www.loc.gov/resource/sn86091092/1912-04-19/ed-1/?sp=1&q=titanic,https://tile.loc.gov/image-services/iiif/service:ndnp:idhi:batch_idhi_angelou_ver01:data:sn86091092:00295869380:1912041901:0125,titanic,…he recently sold his busi ness. he is a good looking young man but that is as much as we know of him at present. it is reasonable to suppose that he will make a capable officer in case of his election. the wreck of the titanic. the most appalling disaster that has ever overtaken a ship at sea occurred sunday night when the white star liner titanic struck an iceberg. the ship and cargo were a total loss. the loss of life is not known exactly b…,,1
sn86091111,"montpelier examiner (montpelier, idaho) 1895-1937",montpelier,bear lake,idaho,weekly,titanic-1912,1912-04-19,4,yes,1912-04-19,1,https://www.loc.gov/resource/sn86091111/1912-04-19/ed-1/?sp=1&q=titanic,https://tile.loc.gov/image-services/iiif/service:ndnp:idhi:batch_idhi_baldacci_ver02:data:sn86091111:00415665982:1912041901:0988,titanic,"…year without culti vation, rotation or manuring l. f. childers, agronomist idaho experiment station. to the it not the of old, of the 1300 lives lost by steamer sinking at 10:25 last sunday night the while star steamer titanic collided with a huge iceberg oft cape race, newfoundland and sank before ships could come to the rescue. of the 2200 on board, including pas. sengers and crew, only about 800 were saved, and these were mostly women and…",,1
sn86091128,"clearwater republican (orofino, idaho) 1912-1922",orofino,clearwater,idaho,weekly,titanic-1912,1912-04-18,5,yes,1912-04-18,4,https://www.loc.gov/resource/sn86091128/1912-04-18/ed-1/?sp=4&q=titanic,https://tile.loc.gov/image-services/iiif/service:ndnp:idhi:batch_idhi_doyle_ver01:data:sn86091128:00415666251:1912041801:0026,titanic,"…he poor taxpayer and with the left markes up 10 1-2 cents a line for commissioner's 1 1 ,,ic 101 luiiiiiiissioner s proceedings in order to assuage its agony of soul at so direful a ennrlifinn conaition. i .„ui, oicamer titanic, with its human freight of 1312 souls is the worst disaster in marine histnrv it uisaster in marine nisiory. it goes to àhow the futility of man's efforts in contending with fate 1 liions in contending wun '»le. the lar…",,1
sn86091130,"the oakley herald (oakley, idaho) 1908-1961",oakley,cassia,idaho,,titanic-1912,1912-04-19,1,yes,1912-04-19,1,https://www.loc.gov/resource/sn86091130/1912-04-19/ed-1/?sp=1&q=titanic,https://tile.loc.gov/image-services/iiif/service:ndnp:idhi:batch_idhi_kellerman_ver01:data:sn86091130:00415668971:1912041901:0659,titanic,"…valley in order to make their tripcomplete. oakley boosters should be out in big numbers to give visitors to j this county an opportunity ol seeing the best and most beauti ful country on earth, the goose creek valley. titanic s.s. sinks, 1312 souls drowned. gkkatest disaster of the seas the white star line titanic, one of the newest vessels afloat, struck an iceberg off the coast ot newfoundland about 450 miles, and sunk within four hours af…",,1
sn86091145,"the emmett index (emmett, idaho) 1893-1925",emmett,gem,idaho,weekly,titanic-1912,1912-04-25,1,yes,1912-04-25,3,https://www.loc.gov/resource/sn86091145/1912-04-25/ed-1/?sp=3&q=titanic,https://tile.loc.gov/image-services/iiif/service:ndnp:idhi:batch_idhi_floris_ver01:data:sn86091145:00414211653:1912042501:0349,titanic,"titmic's death list is 1633 unparalleled record of sac rifice and devotion giv en to world one week after the titanic sank to her grave two miles deep causing 1442 deaths a recapitulation re veals the following (to be the facts concerning the greatest) maritime disaster in history: in the evening, ismay, owner of the boat, and oaptain…",,1
sn86091195,"the blackfoot optimist (blackfoot, idaho) 1907-1918",blackfoot,bingham,idaho,weekly,titanic-1912,1912-04-18,7,yes,1912-04-18,1,https://www.loc.gov/resource/sn86091195/1912-04-18/ed-1/?sp=1&q=titanic,https://tile.loc.gov/image-services/iiif/service:ndnp:idhi:batch_idhi_irving_ver01:data:sn86091195:00295867966:1912041801:0547,titanic,"…ial paper of city of blackfopt, idaho. thursdays vol. v no. 34 blackfoot, bingham county, içaho, thursday, april 18,1912 $2.00 per year don't forget a. lincoln kirk friday night at the high school auditorium the steamer titanic wrecked great liner collides with an iceberg in the night—wireless messages result in other vessels hurrying to the scene and giving aid—more than 1300 perish. wireless; dispatches up to noon sun day said the passengers…",,1
sn86091197,"the idaho republican (blackfoot, idaho) 1904-1932",blackfoot,bingham,idaho,weekly,titanic-1912,1912-04-19,4,yes,1912-04-19,1,https://www.loc.gov/resource/sn86091197/1912-04-19/ed-1/?sp=1&q=titanic,https://tile.loc.gov/image-services/iiif/service:ndnp:idhi:batch_idhi_fraser_ver01:data:sn86091197:00415666639:1912041901:0965,titanic,"…was cut off by the choking, and when i came to, the fight was still going on, and a crazy negro that's kept on that ward was kicking indiscriminately at anybody he over 1000 people go down to watery grave on ill-f ated titanic accident occured sunday night off the coast of new foundland, when steamer struck ice berg and was shattered. many famous people on board. women and children rescued placed in life boats scantly clad while men remained…",,1
sn86091319,"walker lake bulletin (hawthorne, nev.) 1883-1926",hawthorne,esmeralda,nevada,weekly,titanic-1912,1912-04-23,1,yes,1912-04-23,1,https://www.loc.gov/resource/sn86091319/1912-04-23/ed-1/?sp=1&q=titanic,https://tile.loc.gov/image-services/iiif/service:ndnp:nvln:batch_nvln_empire_ver01:data:sn86091319:00332890852:1912042301:0064,titanic,"…thorne dis trict. congressman roberts has announc ed that he will be a candidate for re election. mark shaw, the mount grant min jng man, spent a few days iu yer jngton this week. •it is said that mrs. astor, one of the titanic survivors lost $3,000,000 worth of diamonds. john gill and p, w. minton left today for a two weeks prospecting trip on the gillis range. sheriff grutt has returned from nn official visit to rawhide, miua and other adjac…",,1
sn86091349,"the pioche record (pioche, nev.) 1908-1925",pioche,lincoln,nevada,weekly,titanic-1912,1912-04-20,1,yes,1912-04-20,1,https://www.loc.gov/resource/sn86091349/1912-04-20/ed-1/?sp=1&q=titanic,https://tile.loc.gov/image-services/iiif/service:ndnp:nvln:batch_nvln_caliente_ver02:data:sn86091349:0041562721A:1912042001:0067,titanic,"…ioclie went down ml iwlttfd iii titan the bait lake tribune of terdat contains th' information that! col. john weir, formerly president ot the nevada l'tah mine a smelt era corporation, was' passenger on the ill-starred titanic and that bit baa been one ot the hundred wbb poriebed. ""morris p. kirk, the engine who waa general manager ot tbe blngbam property at tbu organizg tlon during tbe presidency ol m(. wir, received a cablegram from london…",,1
sn86092084,"the mingo republican (williamson, w. va.) 1904-1951",williamson,mingo,west virginia,weekly,titanic-1912,1912-04-26,1,yes,1912-04-26,5,https://www.loc.gov/resource/sn86092084/1912-04-26/ed-1/?sp=5&q=titanic,https://tile.loc.gov/image-services/iiif/service:ndnp:wvu:batch_wvu_day_ver01:data:sn86092084:00517010856:1912042601:0591,titanic,"…mber of other cities. his friends are confi dent he will win the nomination. mrs. mary kloise smith, daughter of congressman .fames a hughes, whose husband. attorney lucian -trmitb.--wies-one-4>f--!-li^-.viejims nf the -titanic disaster, is at her, home iff west ni of eland. mrs. smith has giv en a graphic account of the terrible disaster, in which she pays a tribute to the heroism of mr smith and the other men who assisted the women into the…",,1
sn86092086,"the progressive west virginian (williamson, w. va.) 1911-1913",williamson,mingo,west virginia,weekly,titanic-1912,1912-04-18,5,yes,1912-04-18,2,https://www.loc.gov/resource/sn86092086/1912-04-18/ed-1/?sp=2&q=titanic,https://tile.loc.gov/image-services/iiif/service:ndnp:wvu:batch_wvu_goalby_ver01:data:sn86092086:00514157297:1912041801:0426,titanic,"…exican revolutionists is reported to have crossed the rio grande to american soil eight miles west of here and to bs attempting to blow up the soufoeri pacific railroad bridg# there. largest ship sinks great ocean liner titanic goes down after colli sion with iceberg. passengers are saved by lifeboats as weather conditions are favor able—other 8hlps notified by wireless, hasten to aid. new york.—the new white stpr liner titaatic, the. largest…",,1
sn86092223,"the nicholas chronicle (summersville, w. va.) 1880-current",summersville,nicholas,west virginia,weekly,titanic-1912,1912-04-25,3,yes,1912-04-25,4,https://www.loc.gov/resource/sn86092223/1912-04-25/ed-1/?sp=4&q=titanic,https://tile.loc.gov/image-services/iiif/service:ndnp:wvu:batch_wvu_kerr_ver01:data:sn86092223:00542867735:1912042501:0637,titanic,"…he interior of a sa loon. that explains the quality of service rendered by kansas citizens in public life. the center of the investigating stage at washington is now? oc eupied by the investigations by senators into the titanic disas aster. ismay, one of the white star line officials who was on the titanic and who seems to have ungraciousiy accepted some lady's seat in one of the iife boats, wii! probabiy be as un happy before he gets through…",,1
sn86092282,"randolph enterprise (beverly, w. va.) 1874-1956",beverly,randolph,west virginia,weekly,titanic-1912,1912-04-18,2,yes,1912-04-18,1,https://www.loc.gov/resource/sn86092282/1912-04-18/ed-1/?sp=1&q=titanic,https://tile.loc.gov/image-services/iiif/service:ndnp:wvu:batch_wvu_eden_ver01:data:sn86092282:00517011010:1912041801:0508,titanic,"…ve on board. i have not the body of col. john jacob astor aboard. “mrs. astor is very sick; danger-1 ouslyvll. over lbo are sick in the i hospital. when the collision oc-1 cured, about 200 sailers sleeping in the bow of titanic, were drowned like rats. after the impact, the; lights on the titanic went out in about four minutes. the dynamos, lasted ^ibout the same time which caused the wireless operator to abandon his calls for help. as his; st…",,1
sn86092285,"tygart valley news (elkins, w. va.) 1889-1913",elkins,randolph,west virginia,weekly,titanic-1912,1912-04-18,1,yes,1912-04-18,1,https://www.loc.gov/resource/sn86092285/1912-04-18/ed-1/?sp=1&q=titanic,https://tile.loc.gov/image-services/iiif/service:ndnp:wvu:batch_wvu_monroe_ver01:data:sn86092285:0054286817A:1912041801:0249,titanic,"…gner, elkins. e. w. thaeker, belington. applicants for primary cer tificates mrs. c. h. hamil. elkins. alice mdodge, elkins. the examination was conduct ed by supt. w. j. long, prof. e. e. knight and miss cecila madden. titanic sinks; 9. i 2,000 drowned white star liner hits iceberg and goes to the bottom newest floating palace of the deep, costing $10,000,000 to build, meets disaster on maiden voyage that is mos t appalling in the history of…",,1
sn86092310,"la sentinella del west virginia (thomas, w. va.) 1905-1913",thomas,tucker,west virginia,weekly,titanic-1912,1912-04-20,2,yes,1912-04-20,1,https://www.loc.gov/resource/sn86092310/1912-04-20/ed-1/?sp=1&q=titanic,https://tile.loc.gov/image-services/iiif/service:ndnp:wvu:batch_wvu_monk_ver02:data:sn86092310:00271742204:1912042001:0203,titanic,"…etto, propr. fondatore state department of arthit?n and hiatoryl un humero arretrato $0.04 un numero separato $0.02 mano8critti non si reatituiscono. the only italian paper in the state of west virginia. numero 303. ii ""titanic"" affonda con 1300 passeggieri le donne e i bambini vengono salvati ii piit grande vapore del mondo perisce r si ebbe notizia che il ""titanic' alle ore 2.2b a. m. di lunedi, 15 aprile affondd, e l'immenao disa stro era c…",,1
sn86091096,"the kendrick gazette (kendrick, idaho) 1892-1968",kendrick,latah,idaho,weekly,titanic-1912,1912-04-19,2,yes,1912-04-19,1,https://www.loc.gov/resource/sn86091096/1912-04-19/ed-1/?sp=1&q=titanic,https://tile.loc.gov/image-services/iiif/service:ndnp:idhi:batch_idhi_greene_ver01:data:sn86091096:00295867772:1912041901:1115,titanic,…ent for advertising our territory than by mailing the latest copy of the gazette to your eastern friends. eastern people want to know actual condi tions in the west and the local paper 1312 meets death on the great ship titanic met her fate when she collided with an iceberg in midocean. the ship was carring 2180 people of which only 868 were rescu ed. the accident occured sunday at midnight and five hours later she sank carrying her passengers…,,1
sn86092319,"tucker democrat (parsons, w. va.) 1906-1936",parsons,tucker,west virginia,weekly,titanic-1912,1912-04-18,1,yes,1912-04-18,1,https://www.loc.gov/resource/sn86092319/1912-04-18/ed-1/?sp=1&q=titanic,https://tile.loc.gov/image-services/iiif/service:ndnp:wvu:batch_wvu_kerr_ver01:data:sn86092319:00542867450:1912041801:0088,titanic,"…r aprcciation of a qand by attending. bmmt af saa. n more than 1,50')0 people, it is feared, sank to death early sunday when with in four hours after abe had crashed into an iceberg, the mammooth white star iine steamer titanic, bound from liverpool to new york, on her maiden voyage, went to the 'bottom off the new foundland banka. of the approx aecepting the eariy estimates of the fataiity iist as accurate, the disaster is the greatest in the…",,1
sn86092398,"the webster echo (addison, w. va.) 1890-current",addison,webster,west virginia,weekly,titanic-1912,1912-04-19,2,yes,1912-04-19,1,https://www.loc.gov/resource/sn86092398/1912-04-19/ed-1/?sp=1&q=titanic,https://tile.loc.gov/image-services/iiif/service:ndnp:wvu:batch_wvu_harlow_ver01:data:sn86092398:00542867814:1912041901:0637,titanic,"…lives lost llils in ocean disaster. new york, april 15.—moro than 1,500 persons, it is feared, sank to death early yesterday when within four hours after she crashed into an iceberg, the mam moth whito star line steamer titanic, bound from liverpool to new york on her maiden voynge, went to the bottom off the new7 foundland banks. of about 2,200 persons on board the giant liner, some of them of world-wide prominence, only 675 are known to havo…",,1
sn86092530,"wheeling majority (wheeling, w. va.) 1907-192?",wheeling,ohio,west virginia,weekly,titanic-1912,1912-04-25,1,yes,1912-04-25,10,https://www.loc.gov/resource/sn86092530/1912-04-25/ed-1/?sp=10&q=titanic,https://tile.loc.gov/image-services/iiif/service:ndnp:wvu:batch_wvu_goalby_ver01:data:sn86092530:00514157248:1912042501:0633,titanic,"…lives into money. it is to be hoped that no one will blarrifc the titanis disaster upon god. “it is the will of god” is the easiest way out of everything, but it is not the way to prevent the recurrence of anything. the titanic disaster resulted from the fact that the titanic was run for private profit. certain interests had money invested in the titanic, along with the other ships which comprise the ship trust of international scope, which is…",,1
sn86092536,"the wheeling intelligencer (wheeling, w. va.) 1903-1961",wheeling,ohio,west virginia,daily,titanic-1912,1912-04-15,77,yes,1912-04-15,1,https://www.loc.gov/resource/sn86092536/1912-04-15/ed-1/?sp=1&q=titanic,https://tile.loc.gov/image-services/iiif/service:ndnp:wvu:batch_wvu_boreman_ver01:data:sn86092536:00414186257:1912041501:0191,titanic,"…made the colonel said he expected to speak in rtoitx falla r d. and in i-iftie hock. ark on the way back, he said, he hoped to no to north emuaa new tteankmlf hitt an icerero vovtricai, april 14 the new w hue p ar liner titanic is revert>d in •dvires reewved here late tonight, la hate struck an tceherr t*he asked far saslstance the vie gin tar reported that she e as on her fo fh# tititif voting coupon good ron onc von p*o m *****..t»at«f. no i…",,1
sn86092557,"the fairmont west virginian (fairmont, w. va.) 1904-1914",fairmont,marion,west virginia,daily,titanic-1912,1912-04-15,53,yes,1912-04-15,3,https://www.loc.gov/resource/sn86092557/1912-04-15/ed-1/?sp=3&q=titanic,https://tile.loc.gov/image-services/iiif/service:ndnp:wvu:batch_wvu_dolphy_ver01:data:sn86092557:00415660261:1912041501:0705,titanic,"…'s meal market; walsh's tailor shop; j. l. rhoades, groceries; mike carey, confectioner; w. m. taylor, drygoods; southern telephone ouicos. passengers safe (continued from page one.) partments the great white star liner titanic is slowly crawling toward tho harbor. passengers taken off by otlior.vessels only have to face the second ordeal as they again are transferred to the baltic of the white star line this afternoon. j no nallic takes tliem…",,1
sn87007277,"the southern herald (liberty, miss.) 1866-current",liberty,amite,mississippi,weekly,titanic-1912,1912-04-19,1,yes,1912-04-19,5,https://www.loc.gov/resource/sn87007277/1912-04-19/ed-1/?sp=5&q=titanic,https://tile.loc.gov/image-services/iiif/service:ndnp:msar:batch_msar_minuette_ver01:data:sn87007277:00415662154:1912041901:0851,titanic,"…will call for and deliver to any part of town. ladies' skirts a speciahy. all work is guaranteed, and can get it out in quick time. call on or phone me at w. ii. bates co.'s store 11 11 malcolm l. smiley tiie steam ship titanic, the lar gest vessel in the world, struck ab ice berg off the new foun-iland hanks, last sunday right and sunk it is estimated about 1500 souls list liberty -white effective friday, dec.-15, l'jll. daily except sunday.…",,1
sn87008085,"the newport miner (newport, wa) 1899-current",newport,pend oreille,washington,weekly,titanic-1912,1912-04-18,2,yes,1912-04-18,2,https://www.loc.gov/resource/sn87008085/1912-04-18/ed-1/?sp=2&q=titanic,https://tile.loc.gov/image-services/iiif/service:ndnp:wa:batch_wa_duwamish_ver01:data:sn87008085:00200291268:1912041801:0012,titanic,"titanic strikes iceberg; sinking women being put off in life boats as message sud denly ends. cape race, n. f.— sunday night the •teamship titanic called ""c. q. d."" and reported she struck an iceberg. the steamer said that imme…",,1
sn87052181,fair play (ste. genevieve [mo.]) 1872-1961,sainte genevieve,sainte genevieve,missouri,weekly,titanic-1912,1912-04-20,3,yes,1912-04-20,3,https://www.loc.gov/resource/sn87052181/1912-04-20/ed-1/?sp=3&q=titanic,https://tile.loc.gov/image-services/iiif/service:ndnp:mohi:batch_mohi_gordon_ver01:data:sn87052181:00200292601:1912042001:0789,titanic,"…d acquaintances in texas, asking them to get in touch with mr. glenn at, ft. worth and give him all tho aid possible in behalf ot speaker clark. please write at once to (mark ileadquaiters'. the new palatial-, steamship titanic, the largest ship afloat, owned by the white star line, struck' an ice berg 400 miles off the oust of new foiindbind at about 10 o'clock last. sunday night and sank tour hours later in about 2 miles of water carrying do…",,1
sn87056245,"the weekly republican (plymouth, ind.) 1911-1922",plymouth,marshall,indiana,weekly,titanic-1912,1912-04-18,4,yes,1912-04-18,1,https://www.loc.gov/resource/sn87056245/1912-04-18/ed-1/?sp=1&q=titanic,https://tile.loc.gov/image-services/iiif/service:ndnp:in:batch_in_dillinger_ver02:data:sn87056245:00200295870:1912041801:0665,titanic,"…r ics-dotfed waste of water. greyhounds rage to rescue carpathia takes off 675 pas sengers ere end comes. new york, april ig. the greatest marine disaster in the history of the ""world occurred last sunday night when the titanic of the white star line, the biggest and finest of steam ships, shattered herself against an ice berg and sank with 1,500 of her pas sengers and crew in less than four hours. out of nearly 2,200 people that she carried o…",,1
sn87057096,"the leon reporter (leon, iowa) 1887-1930",leon,decatur,iowa,weekly,titanic-1912,1912-04-18,1,yes,1912-04-18,1,https://www.loc.gov/resource/sn87057096/1912-04-18/ed-1/?sp=1&q=titanic,https://tile.loc.gov/image-services/iiif/service:ndnp:iahi:batch_iahi_bettendorf_ver01:data:sn87057096:00202198442:1912041801:0822,titanic,"i a^4 l/v v' ui pages a^ch rhn,.i^„ established 1854 appalling disaster steamer titanic strikes an iceberg and sinks, over 1300 persons going down with the ship. respond to the wireless signals of distress, although vessels from dif ferent directions were rushing with all possible haste to the assistance o…",,1
sn87057928,"audubon republican (audubon, iowa) 1894-1925",audubon,audubon,iowa,weekly,titanic-1912,1912-04-18,1,yes,1912-04-18,1,https://www.loc.gov/resource/sn87057928/1912-04-18/ed-1/?sp=1&q=titanic,https://tile.loc.gov/image-services/iiif/service:ndnp:iahi:batch_iahi_hariyama_ver01:data:sn87057928:00340584491:1912041801:1030,titanic,"…f. l. and t. grow and prosper. 1312 lives are lost. more than 1312 persons, it is feared, sank to deith early monday morning when within four hours after shecrash ed into an iceberg, the mammoth white star line steamer. titanic, bound from liverpool to new york on her maiden voyage, went to the iwttomoff the new foundland banks. of the approximate ly 2180 on board the giant liner, some of them of worldwide pruninence. only 808 are known to hav…",,1
sn87057934,"audubon county journal (exira, iowa) 1884-1993",exira,audubon,iowa,weekly,titanic-1912,1912-04-18,2,yes,1912-04-18,1,https://www.loc.gov/resource/sn87057934/1912-04-18/ed-1/?sp=1&q=titanic,https://tile.loc.gov/image-services/iiif/service:ndnp:iahi:batch_iahi_kutcher_ver01:data:sn87057934:00415622697:1912041801:0960,titanic,"…hs were appointed as advertising committee. chautauqua was under discussion the secretary was requested to send $5.00 to the state commercial club as dues. fifteen hundred perish the largest ship in the world, the liuer titanic, on her first voyage to nsw york from liverpool struck an ice berg off newfoundland, sunday night and went to the bottom carrying 1500 people to a watery grave. about 866 were saved in lifeboats. mrs. charlie wells is o…",,1
sn87058078,"svenska monitoren (sioux city, iowa) 18??-1939",sioux city,woodbury,iowa,weekly,titanic-1912,1912-04-19,4,yes,1912-04-19,1,https://www.loc.gov/resource/sn87058078/1912-04-19/ed-1/?sp=1&q=titanic,https://tile.loc.gov/image-services/iiif/service:ndnp:iahi:batch_iahi_latios_ver01:data:sn87058078:00340584855:1912041901:0979,titanic,"…han tick for ett par vec kor sedan, då hans maka afled, syntes ha forkortat hans lefnads dagar. begrafningen ågde rum från evensom memorial kyrkan i går och forråttades al' pastor helge hoverstad. forfårlig sjoolycka. “titanic”, vårldens storsta ångare, stoter mot ett undervattensisberg och sjunker. omkring 1,500 af ångarens passagerare och besattning drunkna; 600 till 700 råddas i båtar. kl. 10:25 i sondags kvåll ut sønde hvita stjørnliniens…",,1
sn87058235,"decorah public opinion (decorah, winneshiek county [iowa]) 1895-1928",decorah,winneshiek,iowa,weekly,titanic-1912,1912-04-17,3,yes,1912-04-17,1,https://www.loc.gov/resource/sn87058235/1912-04-17/ed-1/?sp=1&q=titanic,https://tile.loc.gov/image-services/iiif/service:ndnp:iahi:batch_iahi_blissey_ver01:data:sn87058235:00279528803:1912041701:0425,titanic,"…vessel crashes into iceberg and goes to the bottom with 1,3.»0 passengers. 1,350 persons sank to death early monday morning, when, within four hours after it crashed into an ice berg, the mammoth white star lino eteamer titanic, bound fron: liver pool to new york on its maiden voyage, went to the bottom off the newfoundland hanks. of the approximately 2,200 per sons on board the giant liner, some of them of world-wide prominence, only 868 are…",,1
sn87058308,"the oskaloosa herald (oskaloosa, mahaska county, iowa) 1885-1919",oskaloosa,mahaska,iowa,weekly,titanic-1912,1912-04-18,9,yes,1912-04-18,1,https://www.loc.gov/resource/sn87058308/1912-04-18/ed-1/?sp=1&q=titanic,https://tile.loc.gov/image-services/iiif/service:ndnp:iahi:batch_iahi_feebas_ver01:data:sn87058308:00340584144:1912041801:0413,titanic,"vol. s*s no. 868 survivors are on the garpathm wireless brings partial list o but few men among then names of 559 still are to come from the steamer which went to the rescue of titanic. new york, april 17.—three hundred and nine survivorß are recorded in a corrected list of the titanic's pas sengers now aboard the liner carpa thia received by wireless front the carpathla. the list comprises only first…",,1
sn87062011,"the nome daily nugget (nome, alaska) 1906-1918",nome,nome,alaska,daily,titanic-1912,1912-04-16,24,yes,1912-04-16,1,https://www.loc.gov/resource/sn87062011/1912-04-16/ed-1/?sp=1&q=titanic,https://tile.loc.gov/image-services/iiif/service:ndnp:ak:batch_ak_iceworm_ver02:data:sn87062011:00279525735:1912041601:0395,titanic,"…*t service n'kw york. april lf>—(delayed in transmission.)—a wireless from mid ocean passed from ship t<> ship, and picked up h\ the marconi wireless station at a w f.iiindluiid. hushes the information hat the steamship titanic of tlie whit* sttar line, i n route from southampton to new york, struck a submerged it a rg off ('apirace new foiindlund. i jring tin niglit, or during the early hums of the morning, while the passengers were wrapped i…",,1
sn86091304,"the crook county monitor (sundance, wyo.) 1885-1924",sundance,crook,wyoming,weekly,titanic-1912,1912-04-26,1,yes,1912-04-26,1,https://www.loc.gov/resource/sn86091304/1912-04-26/ed-1/?sp=1&q=titanic,https://tile.loc.gov/image-services/iiif/service:ndnp:wyu:batch_wyu_beholder_ver01:data:sn86091304:00516998490:1912042601:0553,titanic,"…iss* recited otlirllo'a apology. mam ajvcrtiaid uum le-lter* iuminhig uncalled for in the hmulann* ;s*«i<ithcv for the week ending april 2ft. ivitl mt*. m. ita- »u.t"";m=. lu-liahwn. i* k. it* t-xirn. p, m. numher 20 the titanic tragedy the following revised summary of the npimlling shipwreck is taken from the denver nows, mid while the number of lives lost in this the greatest marine disaster re corded in history is yet probably subject to sli…",,1
sn87060004,"the bee (earlington, ky.) 1889-19??",earlington,hopkins,kentucky,semiweekly,titanic-1912,1912-04-16,1,yes,1912-04-16,1,https://www.loc.gov/resource/sn87060004/1912-04-16/ed-1/?sp=1&q=titanic,https://tile.loc.gov/image-services/iiif/service:ndnp:kyu:batch_kyu_copper_ver01:data:sn87060004:00175046148:1912041601:1143,titanic,"…em, aud they commenced to act at onee,. and to-day my kidney and bladder irmiblfi is all gone.1' tiaia hv r. mrnnru imidibv ij:.. mm wwt'fkfviitwuwrf mb:mift:,i&im$ .iiskl"" tfsl""qbia.-jr. 7i' jimmurtmkwbskwfmm steamship titanic goes to bottom off newfoundland banks 1200 souls aboard with collided with large iceburg the white star line steamer ""tltantic"" cohded with an' iceburg sunday night off the newfoundland banks and sauk at 2:20 monday mor…",,1
sn87062055,"the coconino sun (flagstaff, ariz.) 1898-1978",flagstaff,coconino,arizona,weekly,titanic-1912,1912-04-19,2,yes,1912-04-19,4,https://www.loc.gov/resource/sn87062055/1912-04-19/ed-1/?sp=4&q=titanic,https://tile.loc.gov/image-services/iiif/service:ndnp:az:batch_az_gilamonster_ver01:data:sn87062055:00211106736:1912041901:0097,titanic,"…eir de mands for an increase in pay. half the legislative session has passed, and it looks like extra session ,to complete the work. f the wireless thelegraph system was indeed invaluable in summoning aid to the sinking titanic, the three year homestead law will be a welcome one. it will aid those who would settle up the counfry. 5 j after the city election we'll just have time to get our breath before going into the fall campaign again. one r…",,1
sn87062224,"milford chronicle (milford, del.) 1878-1974",milford,sussex,delaware,weekly,titanic-1912,1912-04-19,4,yes,1912-04-19,5,https://www.loc.gov/resource/sn87062224/1912-04-19/ed-1/?sp=5&q=titanic,https://tile.loc.gov/image-services/iiif/service:ndnp:deu:batch_deu_catwoman_ver01:data:sn87062224:00514156438:1912041901:1062,titanic,"1341 perish when titanic is wrecked putt"" _ carpathia picked up persons. only ones rescued other ships reached scene disaster too late. t many notable men missinc most of those saved are wo men and children. the appalling magnitude of the wreck…",,1
sn87065069,"the jones county news (ellisville, miss.) 1909-1924",ellisville,jones,mississippi,weekly,titanic-1912,1912-04-18,3,yes,1912-04-18,1,https://www.loc.gov/resource/sn87065069/1912-04-18/ed-1/?sp=1&q=titanic,https://tile.loc.gov/image-services/iiif/service:ndnp:msar:batch_msar_karakul_ver02:data:sn87065069:00199917614:1912041801:1065,titanic,"…e. the public is most cordially in vited and especially the friends of dancing. not one unkind word shall be said about dancers. respectfully, j. l. low. pastor. services begin at 7:55. hon. a. shirley benn on boaro the titanic pascagoula, .april 17.—reports in this city today are to the. effect that hon. a. shirley beim, member of parliament, llrsl vice president of the southern paper company, was a passenger on the ill-fated steam er titanic…",,1
sn87065167,"the hattiesburg news (hattiesburg, miss.) 1908-1917",hattiesburg,forrest,mississippi,daily,titanic-1912,1912-04-15,28,yes,1912-04-15,1,https://www.loc.gov/resource/sn87065167/1912-04-15/ed-1/?sp=1&q=titanic,https://tile.loc.gov/image-services/iiif/service:ndnp:msar:batch_msar_hemp_ver01:data:sn87065167:00199916877:1912041501:0567,titanic,"…maiden trip to new york.' 1 st. with many notables aboard—otne. steamers going to aid—reported in sinking conditi n. a passengers are being rescued. r .u asst dated pr,ss. me :g. april 15. t;<> folio \ii p-i-s :itc and titanic token in t( inc î ninu v by virgin ian x< v york. april 15. boat in *ngers from aboard which titctiic carpathia, ia msii ip the parisian is in attendiv near the titanic. tearing the titanic a< wireless dispatches. the b…",,1
sn87065216,"the iuka vidette (iuka, miss.) 1894-1912",iuka,tishomingo,mississippi,weekly,titanic-1912,1912-04-18,1,yes,1912-04-18,2,https://www.loc.gov/resource/sn87065216/1912-04-18/ed-1/?sp=2&q=titanic,https://tile.loc.gov/image-services/iiif/service:ndnp:msar:batch_msar_hematite_ver01:data:sn87065216:0038334461A:1912041801:0791,titanic,"…ies from a runaway team. the orses had started to run and “un le torn” stopped them at the sacifice of liis own life. we have •ritten the widow toapply for a ension, one so, and feel sure she can get1 1 i sinking of the titanic the greatest steamship of any age was the titanic, which ran i against an iceberg near cape race sunday afternoon and sank to the battom at 2:20 monday morning, carrying down 1302 persons. there were 670 persons, mostly…",,1
sn87065327,"greene county herald (leakesville, miss.) 1898-current",leakesville,greene,mississippi,weekly,titanic-1912,1912-04-19,4,yes,1912-04-19,8,https://www.loc.gov/resource/sn87065327/1912-04-19/ed-1/?sp=8&q=titanic,https://tile.loc.gov/image-services/iiif/service:ndnp:msar:batch_msar_hematite_ver01:data:sn87065327:0038334458A:1912041901:0311,titanic,"…thing but debris and collection of lifeg boats into which women and chil dren had been bundled. new york.—it is reported by wire less from cape race that at least 1,314 persons went to their death in the sink ing of the titanic, which from now on will be known as the greatest marine disaster of modern times. the liner, bearing the proud title of the largest vessel afloat, is at the bottom of the atlantic with all of her crew and prac tically a…",,1
sn87065469,"oxford eagle (oxford, lafayette co., miss.) 1876-current",oxford,lafayette,mississippi,daily,titanic-1912,1912-04-18,4,yes,1912-04-18,1,https://www.loc.gov/resource/sn87065469/1912-04-18/ed-1/?sp=1&q=titanic,https://tile.loc.gov/image-services/iiif/service:ndnp:msar:batch_msar_diamond_ver01:data:sn87065469:00383344050:1912041801:1016,titanic,"…senger*. |*rob ably son women wrern taken off the iin*-r after her apfuiliing collision with a »uh mergfsl iceberg, and thev are on the f*r |miina. making for either lto*ton or new york. it is feared that not one of the titanic’s (hisetiger !i«t of distinguished and wealthy men i* alive. it is irlinel that not a man of the ciew ot the titanic i* li ft to tell of the c|hs lial -#a horror. a* mute evidence of the disas ter that overwhelmed the t…",,1
sn87065532,"the pascagoula democrat-star (pascagoula, miss.) 1878-1920",pascagoula,jackson,mississippi,weekly,titanic-1912,1912-04-19,3,yes,1912-04-19,2,https://www.loc.gov/resource/sn87065532/1912-04-19/ed-1/?sp=2&q=titanic,https://tile.loc.gov/image-services/iiif/service:ndnp:msar:batch_msar_eiffel_ver02:data:sn87065532:00295877881:1912041901:0211,titanic,"…rs and to assist in strengthening the endangered levees. on top of this disaster from water on the mainland, the first of the week brought news of the greatest of all known marine disasters, the sinking of the steamship titanic, the largest vessel ever built, and the estimated loss of 1,500 human beings, and millions of dollars of money. the gigantic steamship struck a floating iceberg, the great menace to marine travel at this period of the y…",,1
sn87065609,"east mississippi times (starkville, miss.) 19??-1926",starkville,oktibbeha,mississippi,weekly,titanic-1912,1912-04-19,1,yes,1912-04-19,4,https://www.loc.gov/resource/sn87065609/1912-04-19/ed-1/?sp=4&q=titanic,https://tile.loc.gov/image-services/iiif/service:ndnp:msar:batch_msar_bamboo_ver01:data:sn87065609:00199916336:1912041901:0262,titanic,"…the bonds should not issue with (lie vague statement “for road bnildii g,” hut, as in the ease of madison county, the kind of road should 1 e <ln did upon in advance. —yazoo city {sentinel. the sinking of the steamship titanic, one it the greatest marine disasters known in the world’s his tory, develops many acts of hero ism. tiieic wire over 2,090 souls on board, half of 11110111 were women and children, and some thing over s jo, less than h…",,1
sn87065610,"the progressive farmer and southern farm gazette (starkville, miss.) 1910-1920",birmingham,jefferson,alabama,weekly,titanic-1912,1912-04-20,2,yes,1912-04-20,15,https://www.loc.gov/resource/sn87065610/1912-04-20/ed-1/?sp=15&q=titanic,https://tile.loc.gov/image-services/iiif/service:ndnp:msar:batch_msar_emerald_ver02:data:sn87065610:00383343872:1912042001:0086,titanic,"…ter the desolation, their virtues stood as the supreme citadel around which civili zation rallied and triumphed. the greatest naval disaster of which we have record occurred last monday when the new at lantic liner, the titanic, ran into an iceberg and sank. the vessel, the largest in the world, was on her maiden trip and carried 2,170 persons, pasengers and craw. of these it la believed that 1,302 were lost. among those who are believed to be…",,1
sn87065612,"the starkville news (starkville, miss.) 1902-1960",starkville,oktibbeha,mississippi,,titanic-1912,1912-04-26,1,yes,1912-04-26,2,https://www.loc.gov/resource/sn87065612/1912-04-26/ed-1/?sp=2&q=titanic,https://tile.loc.gov/image-services/iiif/service:ndnp:msar:batch_msar_bamboo_ver01:data:sn87065612:00199916488:1912042601:0174,titanic,"…licited. j. r. long. mgr. setjeso-is, and know that god is love and j that he can do no wrong, “audi that all things work tor good to them that love god.’* the appalling loss of life by the foundering of the ocean liner titanic, is one of the greatest sea disasters that has occurred in many years. possibly the sena-( torial investigation now going on may throw some light on whom is to blame. witnesses say that there was a lack of life saving b…",,1
sn87065632,"the tupelo journal (tupelo, miss.) 1876-1924",tupelo,lee,mississippi,other,titanic-1912,1912-04-19,4,yes,1912-04-19,1,https://www.loc.gov/resource/sn87065632/1912-04-19/ed-1/?sp=1&q=titanic,https://tile.loc.gov/image-services/iiif/service:ndnp:msar:batch_msar_chert_ver01:data:sn87065632:00383343938:1912041901:0605,titanic,"…pf '4 jj§pv$j w s p: 2is 1 e^— v'^*v 1.50 p*x ""bk just and fear not."" sl.so pet annum v0l 4q tupelo miss. friday, april 16, 1912 no. 4 greatest atlantic liner wrecked by iceberg. new york, april 15. the white star liner titanic, the world’s greatest steamship, has gone down some 500 miles off cape race with 630 of her 1,300 passengers and her full crew of 860 men on board. that the greatest catastrophe in marine history has occurred to a vesse…",,1
sn87068079,"gloucester county democrat (woodbury, n.j.) 1878-1932",woodbury,gloucester,new jersey,weekly,titanic-1912,1912-04-18,8,yes,1912-04-18,1,https://www.loc.gov/resource/sn87068079/1912-04-18/ed-1/?sp=1&q=titanic,https://tile.loc.gov/image-services/iiif/service:ndnp:njr:batch_njr_furio_ver01:data:sn87068079:0033289657A:1912041801:0510,titanic,"…6.9 acres in 1910. jias shown a net decrease of 38.3 acres since 1850, the decrease being ;(continued on page eight) 7 crashing into an unseen iceberg 1 off the newfoundland banks bate sunday night, the white star liner titanic had her bottom ripped open and in less than four hours had sunk beneath the waves. it was the madden trip of the largest vessel ever conceived and was more than half across the sea when the wall of ice was struck. 1302…",,1
sn87076843,"perrysburg journal (perrysburg, wood co., o. [ohio]) 186?-1965",perrysburg,wood,ohio,weekly,titanic-1912,1912-04-19,7,yes,1912-04-19,2,https://www.loc.gov/resource/sn87076843/1912-04-19/ed-1/?sp=2&q=titanic,https://tile.loc.gov/image-services/iiif/service:ndnp:ohi:batch_ohi_golf_ver04:data:sn87076843:00237289079:1912041901:0092,titanic,"the perrysburg, 0 journal, friday, april 10, 1012. 1.500 lives are blotted out titanic's crew and voyagers are believed to have gone down with steamer after boat had been jammed by immense iceberg. no hope is held out at offices of white star company greatest .catastrophe in maritime history has occurred…",,1
sn87068192,"bridgeton pioneer (bridgeton, n.j.) 1884-1919",bridgeton,cumberland,new jersey,weekly,titanic-1912,1912-04-18,4,yes,1912-04-18,1,https://www.loc.gov/resource/sn87068192/1912-04-18/ed-1/?sp=1&q=titanic,https://tile.loc.gov/image-services/iiif/service:ndnp:njr:batch_njr_ketchup_ver01:data:sn87068192:00279529765:1912041801:0127,titanic,"…s of the crew saved. f cape race, n. f., april 16.—a wire less message tonight from captain haddock, of the steamship olympic, relayed by the celtic, reads as follows: “please allay rumors that the vir ginian has any of titanic’s passen gers. neither has the tunisian. i be lieve that the only survivors are on the carpathia. the second, third, l'carth and fifth officers and the second ilarooni operator are the only officers reported saved."" the…",,1
sn87076872,"stern des westlichen ohio = star of western ohio (new bremen, o. [ohio]) 1874-1923",new bremen,auglaize,ohio,weekly,titanic-1912,1912-04-18,4,yes,1912-04-18,4,https://www.loc.gov/resource/sn87076872/1912-04-18/ed-1/?sp=4&q=titanic,https://tile.loc.gov/image-services/iiif/service:ndnp:ohi:batch_ohi_luna_ver01:data:sn87076872:00516994253:1912041801:0543,titanic,"…der ,titauic«. dreizehnhnndert umgekommen. new york, is. april. von der -whtte star linie« wurde heute wll bekannt gegeben, daß sich an istd des dampfers »carpathia« 868 uebetlebende von den passagie ren des dampfers ,,titanic« befin den. bis jetzt sind nur die namen von 815 der geretteten bekannt. new york, 16. april. kapitiin rostron von dem cunard-dampfer ,,carpathia« telegraphicrte heute von seinem schiff. das sich unter dem 41.45 grad nö…",,1
sn87078082,"the citizen (honesdale, pa.) 1908-1914",honesdale,wayne,pennsylvania,semiweekly,titanic-1912,1912-04-17,11,yes,1912-04-17,1,https://www.loc.gov/resource/sn87078082/1912-04-17/ed-1/?sp=1&q=titanic,https://tile.loc.gov/image-services/iiif/service:ndnp:pst:batch_pst_carnegie_ver01:data:sn87078082:00280775988:1912041701:0257,titanic,"…john kline. texas no. 2, c. w. short, fred texas 3rd, henry weber, fred hhuth. saunders. texas no. 4, s. langendorfor, wil liam dalles. waymart borough, b. s. hull, c. e moylan. uktoffioiaij vote i3nt wra.3t3xte! ooxjwtytitanic sinks ,er hitting ice-berg-probvroo perish biggest liu or plunges to the bottom nt !i:5jo a. in. rescuers tlicro too late. capo race, n. p., april 15. tho whito star liner olympic reports by wireless this ovcnlng that t…",,1
sn87091045,"sharp county record (evening shade, ark.) 1877-1976",ash flat,sharp,arkansas,weekly,titanic-1912,1912-04-26,1,yes,1912-04-26,1,https://www.loc.gov/resource/sn87091045/1912-04-26/ed-1/?sp=1&q=titanic,https://tile.loc.gov/image-services/iiif/service:ndnp:arhi:batch_arhi_deepspace_ver01:data:sn87091045:00513688180:1912042601:1044,titanic,"…to win. the democrats do not deserve to win with any candidate other than a progressive. victory with a candidate like har mon would be a defeat from which the party would not recover in a decade. -0- thc sinking of the titanic, the world’s largest and costliest steam ship, last week and the consequent loss of more than thirteen hundred lives appalled the whole world. it was the greatest tragedy of the seas. some of the wealthiest and most pro…",,1
sn87082455,"der sonntagsbote (milwaukee, wis.) 1906-1912",milwaukee,milwaukee,wisconsin,weekly,titanic-1912,1912-04-21,3,yes,1912-04-21,4,https://www.loc.gov/resource/sn87082455/1912-04-21/ed-1/?sp=4&q=titanic,https://tile.loc.gov/image-services/iiif/service:ndnp:whi:batch_whi_flobberworm_ver01:data:sn87082455:00414215257:1912042101:0124,titanic,"…enhausis.-.l u ll""'! .-in von der britischen r.-g a g ernennender senat gegenick-e: stel-eu und außerdem soll auch der ken'.ge ernannt milwaukee. sonntag, 21. april entsetzliche schiffskatastrophe.: dcr ricsclidmiflfcr „titanic"" jauch ciacr collisia mit ciacai eisbngc gcsuakcn. 1312 menschenleben vernichtet. new aor k. 16. avril. der riesendampstr „titanic"", der größte dampfer ser welt. collidirte i tiva 170 meilen oon der küste neufundland's…",,1
sn87093029,"the kennewick courier (kennewick, wash.) 1905-1914",kennewick,benton,washington,weekly,titanic-1912,1912-04-26,1,yes,1912-04-26,5,https://www.loc.gov/resource/sn87093029/1912-04-26/ed-1/?sp=5&q=titanic,https://tile.loc.gov/image-services/iiif/service:ndnp:wa:batch_wa_foss_ver01:data:sn87093029:00200291311:1912042601:0492,titanic,"…ssom festival at north yakima, r. e. pratt received the sad intelligence of the death of one of his oldest friends whom he knew in the east for many years, robert hays, of chicago. mr. hays was one of the victims of the titanic disaster. page five all this week's news this week jt jt miss may mcloud and miss daphne johnson, of richland, were guests at the home of miss nellie haney the first of the week. david richardson, of seattle, is the gue…",,1
sn87093220,"aberdeen herald (aberdeen, chehalis county, w.t.) 1886-1917",aberdeen,grays harbor,washington,weekly,titanic-1912,1912-04-25,2,yes,1912-04-25,5,https://www.loc.gov/resource/sn87093220/1912-04-25/ed-1/?sp=5&q=titanic,https://tile.loc.gov/image-services/iiif/service:ndnp:wa:batch_wa_icicle_ver01:data:sn87093220:00200290446:1912042501:0214,titanic,"…., will make the annual inspection of com pany g, n. g. w. tonight, at the armory, in pythian hall. j. brady, a banker of pomeroy, wash., and a brother of attorney e. r. brady, of montesano, was among the victims of the titanic wreck. a. no of rcv:/al meetings com menced monday evening, in the bap tist church, and are being held every evening, beginning at 7:45 o'clock. mrs. thomas willikson is enter taining the ladies aid society of the norwe…",,1
sn87093407,"the seattle star (seattle, wash.) 1899-1947",seattle,king,washington,daily,titanic-1912,1912-04-15,62,yes,1912-04-15,1,https://www.loc.gov/resource/sn87093407/1912-04-15/ed-1/?sp=1&q=titanic,https://tile.loc.gov/image-services/iiif/service:ndnp:wa:batch_wa_lacamas_ver01:data:sn87093407:00200290586:1912041501:0107,titanic,"…the trick first in northi>akota, then repeated it with emphasis in wisconsn. t. r. to a trazzle in illinois, then rtibbed it in again in pennsylvania saturday. in jwst four don't miss reading how jerry rats pie. page 4. titanic hits iceberg; people safe dr hazzard on 21 st day of fast pulls a fast oar in boat race or haxurd racing s a carman and leading at tha half way point, to""*"" <uf«atad th« faatlng specialist by a shad* aftsr an cscitlng a…",,1
sn87096017,"the oakes times (oakes, n.d.) 1906-current",oakes,dickey,north dakota,weekly,titanic-1912,1912-04-18,5,yes,1912-04-18,1,https://www.loc.gov/resource/sn87096017/1912-04-18/ed-1/?sp=1&q=titanic,https://tile.loc.gov/image-services/iiif/service:ndnp:ndhi:batch_ndhi_carbon_ver01:data:sn87096017:00199918084:1912041801:0550,titanic,"…d wishes— and it's only votes that are counted. hope to visit your country again next year. i liked the looks of it when i was there and would not object to liv ing there."" two thousand souls go down with huge steamship titanic, off new foundland, strikes iceberg on way to new york distress signal hails carpathia which saves 700 mostly women the most appalling disaster in the history of travel—big steamship on its maiden trip from liverpool to…",,1
sn87096037,"the hope pioneer (hope, n.d.) 1882-1964",hope,steele,north dakota,weekly,titanic-1912,1912-04-18,5,yes,1912-04-18,2,https://www.loc.gov/resource/sn87096037/1912-04-18/ed-1/?sp=2&q=titanic,https://tile.loc.gov/image-services/iiif/service:ndnp:ndhi:batch_ndhi_loma_ver01:data:sn87096037:00295864011:1912041801:0657,titanic,"…charge the work of measuring the earth for the car negie institution and has just returned from a two and a half years' cruise on the non-magnetic ship carnegie. hits iceber6.ai0 by wireless virginia is rushed to assist titanic. many prominent americans said to be aboard disabled vessel. montreal, april 16.—the new white star liner titanic is reported in ad vices received here to have struck an iceberg. the news was received at the allan line…",,1
sn87096040,"emmons county record (williamsport, d.t. [i.e. n.d.]) 1884-current",linton,emmons,north dakota,weekly,titanic-1912,1912-04-18,2,yes,1912-04-18,2,https://www.loc.gov/resource/sn87096040/1912-04-18/ed-1/?sp=2&q=titanic,https://tile.loc.gov/image-services/iiif/service:ndnp:ndhi:batch_ndhi_beryllium_ver01:data:sn87096040:00199917985:1912041801:0718,titanic,"…nstructed.delegates to roose velt or to a compromise candidate."" hundreds drowned when big liner sines lives to the number of thirteen huudred and fourteen lost in the greatest sea catastrophe known to modern times. the titanic, the largest vessel ever built, wrecked by an iceberg on her first trip, and sinks within a few hours. the saeamship titanic, of the white star line, collided with an iceberg last sunday about 10:25 p.m. and sank at 2:2…",,1
sn88043117,"przewodnik katolicki (new britain, conn.) 1907-1966",new britain,hartford,connecticut,weekly,titanic-1912,1912-04-19,6,yes,1912-04-19,40,https://www.loc.gov/resource/sn88043117/1912-04-19/ed-1/?sp=40&q=titanic,https://tile.loc.gov/image-services/iiif/service:ndnp:ct:batch_ct_energytonic_ver01:data:sn88043117:00516995683:1912041901:0828,titanic,"624 urikallaha s-i k: b -o®••w 'j łwwitjggiswct największy w świecie okręt zatonął. olbrzymi niedawno zbudowany kosztem $10,000,000 okręt, titanic, linii white star zatonął we wto rek o godzinie trzeciej z rana. zginęło około 1,300 ludzi,a prawie tysiąc wyratował okręt carpathia, linii cunard. straty w pieniądzach $20,000,000; listy zginęły. znany młodzieniec z ne…",,1
sn88051105,"the harrison times (harrison, boone co., ark) 1876-1938",harrison,boone,arkansas,weekly,titanic-1912,1912-04-20,2,yes,1912-04-20,4,https://www.loc.gov/resource/sn88051105/1912-04-20/ed-1/?sp=4&q=titanic,https://tile.loc.gov/image-services/iiif/service:ndnp:arhi:batch_arhi_deepspace_ver01:data:sn88051105:00513687916:1912042001:0200,titanic,"…ively in pennsylvatiia, the second state of the union, as he did in illinois, the third stale, and in both states there was an open legalised primary. the worst marine disaster in his tory occurred inst tuesday when the titanic, the largest sleainship in the world, was wrecked on a sub merged iceberg, with ovei 2,000 imssengcrs, 1312 of whom were lost. gov, hooper, of tennessee, ims appointed newell siindeis, ol clint tnnooga, pnited states se…",,1
sn88051124,"the mountain echo (yellville, ark.) 1886-current",yellville,marion,arkansas,weekly,titanic-1912,1912-04-19,7,yes,1912-04-19,1,https://www.loc.gov/resource/sn88051124/1912-04-19/ed-1/?sp=1&q=titanic,https://tile.loc.gov/image-services/iiif/service:ndnp:arhi:batch_arhi_galena_ver01:data:sn88051124:00516990223:1912041901:0604,titanic,"…roprietor registered poland china hogs the bust tfcat can bo bought, at reasonable prices. come and see my stock ona.half mila wail of courthouse, yellviho, arkansas i editorial. last monday morning at three o’clock the titanic, on its maid en trip, struck an iceberg be tween liverpool and new york, and went to the bottom of the ocean. it carried 2,200 peo ple and more than 1,300 of them perished. the titanic was the largest ship in the world…",,1
sn88053005,"newark post (newark, del.) 1910-1969",newark,new castle,delaware,weekly,titanic-1912,1912-04-24,2,yes,1912-04-24,4,https://www.loc.gov/resource/sn88053005/1912-04-24/ed-1/?sp=4&q=titanic,https://tile.loc.gov/image-services/iiif/service:ndnp:deu:batch_deu_imperio_ver01:data:sn88053005:00271742575:1912042401:0471,titanic,"…formation and protection. telephone, delaware and atlantic 93. entered as second-class matter at newark, del., under act of march 3, 1879. the subscription price of this paper is $1.00 per year in advance april 24. 1912 titanic 1'oday. the wortl s a few a w-ek if ti name i 1h ft) v. i s. titanic is one of the master worn indeed. in of the world. of the in,nrs. if has i lecome a part alienage. i«. i >i vine nnim sit by thought. coll sublime, it…",,1
sn88056038,"the owyhee nugget ([silver city], idaho) 1905-1984",marsing,owyhee,idaho,weekly,titanic-1912,1912-04-25,1,yes,1912-04-25,1,https://www.loc.gov/resource/sn88056038/1912-04-25/ed-1/?sp=1&q=titanic,https://tile.loc.gov/image-services/iiif/service:ndnp:idhi:batch_idhi_kellerman_ver01:data:sn88056038:00415666585:1912042501:0291,titanic,"…the former's father, mr. n. massey. if grass is green, is bert brown? if lucy jones went boat riding would tom rowe? if currants grow on a currant bush, what will grow on a quackenbush? bound for silver city but lost in titanic disaster con of forced and the a not and the first complete list of passengers saved from the titanic received here since the arrival of that vessel at new york shows that the name of august partner, the'englisb capital…",,1
sn88056165,"camas prairie chronicle (cottonwood, idaho) 1901-1917",cottonwood,idaho,idaho,weekly,titanic-1912,1912-04-19,3,yes,1912-04-19,2,https://www.loc.gov/resource/sn88056165/1912-04-19/ed-1/?sp=2&q=titanic,https://tile.loc.gov/image-services/iiif/service:ndnp:idhi:batch_idhi_fitzgerald_ver02:data:sn88056165:00295869215:1912041901:0497,titanic,"…l there are people who think an editor's job is a snap. citizens of this country and of the old world are due to receive lessons of some great exhibi tions of bravery and heroism when the full details of the loss of the titanic liner are made public. when men worth mil lions upon millions of dollars and of material worth to the world can calmly go to their death in order that peasant women and children may be saved, it is use less to say that…",,1
sn88056093,"the rathdrum tribune (rathdrum, idaho) 1903-1963",rathdrum,kootenai,idaho,weekly,titanic-1912,1912-04-19,2,yes,1912-04-19,1,https://www.loc.gov/resource/sn88056093/1912-04-19/ed-1/?sp=1&q=titanic,https://tile.loc.gov/image-services/iiif/service:ndnp:idhi:batch_idhi_evanovich_ver01:data:sn88056093:00415666457:1912041901:0726,titanic,"…successful ab solute title to the tracts will pass from the government to the state. the governor's party will also en deavor to secure pateots and final title to some 400,000 acres of carey act lands. loss of steamship titanic. the new white star liner, titanic, the largest ship ever built, while on her maiden voyage from southamp ton, england, to new york, struck an iceberg in mid ocean the night of april 14 and was lost in two miles of wate…",,1
sn88059319,"twice-a-week plain dealer (cresco, howard county, iowa) 1895-1913",cresco,howard,iowa,semiweekly,titanic-1912,1912-04-19,5,yes,1912-04-19,2,https://www.loc.gov/resource/sn88059319/1912-04-19/ed-1/?sp=2&q=titanic,https://tile.loc.gov/image-services/iiif/service:ndnp:iahi:batch_iahi_clinton_ver01:data:sn88059319:00295875057:1912041901:0925,titanic,"…passed his eighty-third birthday, and is preparing to unders0 an operation for catarect next month. during the year he will visit the united states and canada. hits iceberg, hid b\ wireless virginia is rushed to assist titanic. many prominent americans said to be aboard disabled vessel. montreal, april 15—the new whita star liner titanic is reported in ad vices received here to have struck an iceberg. the news was received at the allan line o…",,1
sn88064176,"the colfax chronicle (colfax, grant parish, la.) 1877-1981",colfax,grant,louisiana,weekly,titanic-1912,1912-04-20,2,yes,1912-04-20,1,https://www.loc.gov/resource/sn88064176/1912-04-20/ed-1/?sp=1&q=titanic,https://tile.loc.gov/image-services/iiif/service:ndnp:lu:batch_lu_magneto_ver01:data:sn88064176:0028076193A:1912042001:0130,titanic,"…a., saturday, april 20, 1912 number 25 appalling disaster. 1512 lives lost at sea in collision of $10,000,000 steamer with an iceberg. the world was horrified on last monday at the news of the sinking of the i steamship titanic. the first intima tion of the steamer being in distress was conveyed by wireless to new york and confirmed from cape race, n. f., f at 10:25 o'clock sunday night. the tii tanic had collided with an iccberg whose height…",,1
sn88064181,"the caldwell watchman (columbia, la.) 1885-1946",columbia,caldwell,louisiana,weekly,titanic-1912,1912-04-26,1,yes,1912-04-26,4,https://www.loc.gov/resource/sn88064181/1912-04-26/ed-1/?sp=4&q=titanic,https://tile.loc.gov/image-services/iiif/service:ndnp:lu:batch_lu_havok_ver01:data:sn88064181:00211100989:1912042601:0270,titanic,"…the preservation of several a boxes of the fruit in cold storage for two years without deteriora tion, the greatest naval disaster of 1 which we have recorded occurred i a few days ago when the new a atlantic liner, the titanic, ran i into an iceberg and sank. the i vessel, the largest in the world, was on her maiden trip and car ried 2,170 persons, passengers and crew. of these it is believ ed that 1,302 were lost. among those who are believe…",,1
sn88064250,"st. landry clarion (opelousas, la.) 1890-1921",opelousas,saint landry,louisiana,weekly,titanic-1912,1912-04-27,1,yes,1912-04-27,3,https://www.loc.gov/resource/sn88064250/1912-04-27/ed-1/?sp=3&q=titanic,https://tile.loc.gov/image-services/iiif/service:ndnp:lu:batch_lu_kenny_ver01:data:sn88064250:00212475683:1912042701:0521,titanic,"…is. the 18th day of april, a. d., 1912. (seal) api20 w. j. sandoz, secretary. liovernmentsendsout relief trians to in undated localities. washington, d. c., april 24. 1-(spe c i a 1) notwithstanding the awfulness of the titanic disas wherein nearly t wo thousand lives were blotted out amid the ice flows off cape race, the heart of the nation is rent with sor row and pity for the lives lost and in peril through the floods in the mississippi val…",,1
sn88064305,"the era-leader (franklinton, la.) 1910-current",franklinton,washington,louisiana,weekly,titanic-1912,1912-04-25,1,yes,1912-04-25,1,https://www.loc.gov/resource/sn88064305/1912-04-25/ed-1/?sp=1&q=titanic,https://tile.loc.gov/image-services/iiif/service:ndnp:lu:batch_lu_quentin_ver01:data:sn88064305:00280761618:1912042501:0295,titanic,"…dren to th the decks began the'women first' ea rule was enforced rigidly. in revolver shots heard. ""officers drew revolvers, but st in most cases there was no use ti. for them. revolvers shots heard h shortly before the titanic went 'e down caused many rumors: one r that capt. smith had shot him self; another that first officer i murdock had ended his life; but members of the crew discredit tb these rumors. capt. smith was s last seen on the b…",,1
sn87062268,"the pensacola journal (pensacola, fla.) 1898-1985",pensacola,escambia,florida,daily,titanic-1912,1912-04-16,47,yes,1912-04-16,1,https://www.loc.gov/resource/sn87062268/1912-04-16/ed-1/?sp=1&q=titanic,https://tile.loc.gov/image-services/iiif/service:ndnp:fu:batch_fu_flavet_ver01:data:sn87062268:00415662889:1912041601:0461,titanic,"…e journal's want ad way is the the easy way for you vol. xv. no. 91. pensacola, florida, tuesday morning, april 16, 1912 price. 5 cents. i tleatest bbbe obbtb i hkimtl7p00 are homeless 1 over 1800 persons drown when the titanic, largest ship in the -world,-sinks. only 675 of of passengers and crew aboard saved within four hours after she crashed into aniceburgthe mammoth white star liner had gone to the bottom off the newfoundland banks, and a…",,1
sn88064020,"the herald (new orleans, la.) 1905-1953",algiers,orleans,louisiana,weekly,titanic-1912,1912-04-18,1,yes,1912-04-18,4,https://www.loc.gov/resource/sn88064020/1912-04-18/ed-1/?sp=4&q=titanic,https://tile.loc.gov/image-services/iiif/service:ndnp:lu:batch_lu_nightcrawler_ver01:data:sn88064020:00280761989:1912041801:0559,titanic,"…-rending scene to watch them, and one that should not be forgotten by those who are too ready to forgive one who delves into high finance. the big shipwreck. the appalling loss of life which came with the sinking of the titanic, the largest ocean liner that ever floated the seas, seemed to have been an act of providence, entirely, for the fact that this floating palace which cost a fortune, representing an actual investment of over ten million…",,1
sn88064328,"new iberia enterprise and independent observer (new iberia, la.) 1902-1944",new iberia,iberia,louisiana,weekly,titanic-1912,1912-04-20,3,yes,1912-04-20,2,https://www.loc.gov/resource/sn88064328/1912-04-20/ed-1/?sp=2&q=titanic,https://tile.loc.gov/image-services/iiif/service:ndnp:lu:batch_lu_eevee_ver01:data:sn88064328:00295875537:1912042001:0069,titanic,"…hich do you prefer î th* rent mon what does it psofit a man if be pays rent for a lifetime! ey> paid for a home gives you a batter house to live in and something to hve for. j fberia building aaa'n ■-mmmm sinking of the titanic. ramming an iceberg, the titan ic, largest of all steamships, san.c 1080 miles from new york early monday morning with the great est loss of life ever recorded in the history of marine disasters. the titanic was on its…",,1
sn88064339,the true democrat (bayou sara [la.]) 1892-1928,saint francisville,west feliciana,louisiana,weekly,titanic-1912,1912-04-20,2,yes,1912-04-20,2,https://www.loc.gov/resource/sn88064339/1912-04-20/ed-1/?sp=2&q=titanic,https://tile.loc.gov/image-services/iiif/service:ndnp:lu:batch_lu_empath_ver01:data:sn88064339:00280761709:1912042001:0079,titanic,"…o n:'w, 1:. t they live to rue. the day when hebiy failed to safeguard their you :p. charges. heroes all. heroism is always the silver lin ing to every cloud of disaster, and this is signally true in the sinking of the titanic, when hundreds cf men, of every class and type of ch:a.r acter, stcd aside and gave place ia: the boats to the women amnd childrlen, going down with the gigantic ship. at once their grave and monument. that these men me…",,1
sn88064384,"the st. mary banner (franklin, parish of st. mary, la.) 1889-1931",franklin,saint mary,louisiana,weekly,titanic-1912,1912-04-20,1,yes,1912-04-20,4,https://www.loc.gov/resource/sn88064384/1912-04-20/ed-1/?sp=4&q=titanic,https://tile.loc.gov/image-services/iiif/service:ndnp:lu:batch_lu_kadabra_ver01:data:sn88064384:00295873851:1912042001:0535,titanic,"…he earlier the committee is appointed the sooner cooperative work can begin. lansing h. beach, lt. col., corps of engineers, us. a. one of the greatest ocean dis asters in history occurred on sun day night last when the titanic, the largest ship ever built, struck an iceberg off sable island, 1000 miles from new york on her maiden trip. there were over 1300 people drowned, among them men of great wealth, and men of prominence in the world. cri…",,1
sn88064402,"the rice belt journal (welsh, calcasieu parish, la.) 1900-19??",welsh,jefferson davis,louisiana,weekly,titanic-1912,1912-04-19,5,yes,1912-04-19,1,https://www.loc.gov/resource/sn88064402/1912-04-19/ed-1/?sp=1&q=titanic,https://tile.loc.gov/image-services/iiif/service:ndnp:lu:batch_lu_dust_ver01:data:sn88064402:0028076209A:1912041901:0131,titanic,"…insunedli;ttel"" _ utlon rte iv,:,.g the distr'es""s slg.ua b these ships hasti'te ,l tith a; sled( to the re url' o' f the et1iýat;n(ger-d s gels and tew. no ship rl eat ct, the slenle of the disaster uttil ftef r the titanic had iultnld tl 1 atit'rv gra:tel with tniore than thirteent huntdrd of her freight of hu mnan iv with ,,r, a' th'. ,zh tbetw ,e',n ghlt ant1, tile lo (llndre(d, ti(st!vl 1 women)i 'l antd c l,,' i v. 1) lho llad h""etn…",,1
sn88064469,"the caucasian (shreveport, la.) 1900-192?",shreveport,caddo,louisiana,three times a week,titanic-1912,1912-04-16,11,yes,1912-04-16,1,https://www.loc.gov/resource/sn88064469/1912-04-16/ed-1/?sp=1&q=titanic,https://tile.loc.gov/image-services/iiif/service:ndnp:lu:batch_lu_arminius_ver01:data:sn88064469:00200299309:1912041601:0245,titanic,"…icer. an .applalling disaster at sea. the first inltilnalit of the steam lhip tilanic being in distress wa, conlveyed by wireless to new york anid conftirined from cape race, n. f1., at 11:25 o'clock sunday night. i'the titanic had coillided with an iceleg whose hleiglit was stiniated to be more than two hulndred and iflly feel. the first report that the l'itanic was sinking, was startling, but there was iransniilltedi the as sulrance of ,1 ca…",,1
sn88064491,"the thibodaux sentinel (thibodaux, la.) 1905-1912",thibodaux,lafourche,louisiana,weekly,titanic-1912,1912-04-20,3,yes,1912-04-20,1,https://www.loc.gov/resource/sn88064491/1912-04-20/ed-1/?sp=1&q=titanic,https://tile.loc.gov/image-services/iiif/service:ndnp:lu:batch_lu_charizard_ver01:data:sn88064491:00295876281:1912042001:0072,titanic,…float goes head-on into mountain of ice. fir li women and children set adrift in lifeboats and are among survivors—the men remained and went down with the ship—-millionaires aboard. new york.—a wireless message from the titanic received soon after midnight monday announced that the giant new liner had struck an ice berg off the banks of new foundland and was in a sinking condition. transfer of the passengers to the life boats began at once. th…,,1
sn88068010,"chariton courier (keytesville, chariton county, mo.) 1878-current",keytesville,chariton,missouri,weekly,titanic-1912,1912-04-19,2,yes,1912-04-19,1,https://www.loc.gov/resource/sn88068010/1912-04-19/ed-1/?sp=1&q=titanic,https://tile.loc.gov/image-services/iiif/service:ndnp:mohi:batch_mohi_beetlebailey_ver01:data:sn88068010:00294556035:1912041901:0545,titanic,"volume xlii v keytesville, missouri, friday, april 19, 1912 number 11 titanic sinks greatest disaster at sea in the history of the world last sunday night, about goo miles off the new foundland coast the largest and most mag niflcent steamship in the world, titanic, collided with an iceberg, and…",,1
sn88076086,"the bottineau courant (bottineau, bottineau county, n.d.) 1895-1929",bottineau,bottineau,north dakota,weekly,titanic-1912,1912-04-19,5,yes,1912-04-19,1,https://www.loc.gov/resource/sn88076086/1912-04-19/ed-1/?sp=1&q=titanic,https://tile.loc.gov/image-services/iiif/service:ndnp:ndhi:batch_ndhi_krypton_ver01:data:sn88076086:00199918436:1912041901:0892,titanic,"…f rescued and handling messages for people on board. mrs. e. w. chaffee wired last night, ""i am safe'' thus destroy in hope that her husband had been saved. evenpresident.taft was refused informa tion and first story of titanic's fatal plunge will come when rescu ed are landed. the death list re mains at 1,312. rwwyw^«^v\ $7m' more than 1300 drowned titanic, largest steamship evar launched, struck ice berg an her maiden trip and over sixty per…",,1
sn88076013,"the dickinson press (dickinson, stark county, d.t. [i.e. n.d.]) 1883-1927",dickinson,stark,north dakota,weekly,titanic-1912,1912-04-20,3,yes,1912-04-20,1,https://www.loc.gov/resource/sn88076013/1912-04-20/ed-1/?sp=1&q=titanic,https://tile.loc.gov/image-services/iiif/service:ndnp:ndhi:batch_ndhi_germanium_ver01:data:sn88076013:00199917900:1912042001:0156,titanic,"…lemmon for a stock of general merchan dise at that pjaqe. w$0'- n-1.*:. iirwniiui-bijrfkiiiiiwm ma is* ?r& .^vv.'r: 'st •fi.jt^sjs4? j^'f :t,s -1 nil-. ti j'lriffi l'ya a/ terrible sea disaster 1312 persons drowned the titanic of the white star line was making her first trip across the atlantic from southampton to new york. she was four times as large as the kaiser wilhelm der grosse, which ten years ago was the largest and fast est vessel in…",,1
sn88076095,"the bowbells tribune (bowbells, ward co., n.d.) 1899-1969",bowbells,burke,north dakota,weekly,titanic-1912,1912-04-19,4,yes,1912-04-19,1,https://www.loc.gov/resource/sn88076095/1912-04-19/ed-1/?sp=1&q=titanic,https://tile.loc.gov/image-services/iiif/service:ndnp:ndhi:batch_ndhi_jodium_ver01:data:sn88076095:00199918333:1912041901:1246,titanic,"…he intends to rertiain right here in new york, april, 16—more than 1,500 persons, it is feared were drowned early yesterday when within four hours after she crashed into an iceberg, the mammoth white star line steam er, titanic, bound from liver pool to new york on her maiden voyage, went to the bottom off the newfoundland banks. of approximately 2,200 persons on board the giant liner, some of them of world-wide promin ence, only 675 are known…",,1
sn88076270,"williston graphic (williston, williams county, n.d.) 1895-1919",williston,williams,north dakota,weekly,titanic-1912,1912-04-18,4,yes,1912-04-18,5,https://www.loc.gov/resource/sn88076270/1912-04-18/ed-1/?sp=5&q=titanic,https://tile.loc.gov/image-services/iiif/service:ndnp:ndhi:batch_ndhi_leeds_ver01:data:sn88076270:00212475981:1912041801:0137,titanic,"…you to attend divine worship with us. strangers and newcomers into the community we shall be glad to welcome and meet personally, and count such a meeting and acquaint ance a privilege. william knighton bloom, minister. titanic sinks in hdd ocean largest ship in world 60 down with over 1,500 off newfoundland new york, april 16.—more than 1,500 persons it is feared were drowned early yesterday when with in four hours after she crashed into an i…",,1
sn88076421,"the ward county independent (minot, ward county, n.d.) 1902-1965",minot,ward,north dakota,weekly,titanic-1912,1912-04-18,10,yes,1912-04-18,9,https://www.loc.gov/resource/sn88076421/1912-04-18/ed-1/?sp=9&q=titanic,https://tile.loc.gov/image-services/iiif/service:ndnp:ndhi:batch_ndhi_jud_ver01:data:sn88076421:00200294683:1912041801:0250,titanic,"…ion 5 hinot to have vol. 11. number 1 this issue 16 pages dozen men of world wide reputation including john jacob astor in wa­ tery grave—h. f. chaffee, amenia banker, among missing the greatest of all ocean liners, the titanic, bound for america from england with more tbian 2000 on board, collided with an iceberg about 400 miles off the coast of new found land at 10:30 sunday night and sank within four hours, with nearly 1300 souls. wireless…",,1
sn88076432,"courier democrat (langdon, n.d.) 1891-1920",langdon,cavalier,north dakota,weekly,titanic-1912,1912-04-18,4,yes,1912-04-18,2,https://www.loc.gov/resource/sn88076432/1912-04-18/ed-1/?sp=2&q=titanic,https://tile.loc.gov/image-services/iiif/service:ndnp:ndhi:batch_ndhi_fluorine_ver01:data:sn88076432:00271740785:1912041801:0132,titanic,"giant liner speedily founde white star liner titanic re ceives death blow in ice berg coiiisi appalling loss of human life results probably eighteen hundred per sons sink with the iii fated vessel, new york, april 16.—a wire less message from the white star liner olympic,…",,1
sn88076523,"devils lake weekly world (devils lake, n.d.) 1911-1914",devils lake,ramsey,north dakota,weekly,titanic-1912,1912-04-19,11,yes,1912-04-19,1,https://www.loc.gov/resource/sn88076523/1912-04-19/ed-1/?sp=1&q=titanic,https://tile.loc.gov/image-services/iiif/service:ndnp:ndhi:batch_ndhi_jessie_ver01:data:sn88076523:00295864102:1912041901:0567,titanic,"f:' m»v tr volume 2, number 16. claims that the trip of the titanic should never have been attempted—claims a misunderstanding of condi­ tions by the officers. ""world special state service: grand forks, n. d., april 18.—cap lain lew hough of this city, who has made three hundred trips f…",,1
sn88076741,"the pioneer express (pembina, dakota [n.d.]) 1883-1928",pembina,pembina,north dakota,weekly,titanic-1912,1912-04-19,5,yes,1912-04-19,2,https://www.loc.gov/resource/sn88076741/1912-04-19/ed-1/?sp=2&q=titanic,https://tile.loc.gov/image-services/iiif/service:ndnp:ndhi:batch_ndhi_almont_ver01:data:sn88076741:00295863638:1912041901:0868,titanic,"…for medical advice and treat are so exactlngthat not satisfied merely to have mm mafcrfee lev te a lecture at tale ""otfe*r right characterised newspa rei wrtantaa ""men or trivial withnew york, n. y. the white star liner titanic, the world's great est steamship has gone down some 500 miles off cape race, with 630 of her 1,300 passengers and her full crew of 860 men on board. that the greatest catastrophe in marine history has oc curred to a ves…",,1
sn88077573,"the marion daily mirror (marion, ohio) 1892-1912",marion,marion,ohio,daily,titanic-1912,1912-04-15,2,yes,1912-04-15,1,https://www.loc.gov/resource/sn88077573/1912-04-15/ed-1/?sp=1&q=titanic,https://tile.loc.gov/image-services/iiif/service:ndnp:ohi:batch_ohi_kilo_ver01:data:sn88077573:00237283740:1912041501:1157,titanic,"…o reach .i verdict. the court guvo addltumnl inhtiuctlniik and ordered lo!lberatlmis i ontlnui d tin jury has been sime lnu l'iidi i vivm jbftrjjlltrsrtig' j to srorafrr v ii great ship sties an geberg, smashes prow the titanic most luxurious ship of all seas an d greatest of leviathans with three thousand souls on board in danger wireless calls vessels to her rescue. unexpected obstacles wore struck by the stock market last week but it surviv…",,1
sn88078751,"the democratic banner (mt. vernon, ohio) 1898-192?",mount vernon,knox,ohio,semiweekly,titanic-1912,1912-04-19,15,yes,1912-04-19,1,https://www.loc.gov/resource/sn88078751/1912-04-19/ed-1/?sp=1&q=titanic,https://tile.loc.gov/image-services/iiif/service:ndnp:ohi:batch_ohi_foxtrot_ver01:data:sn88078751:00237282644:1912041901:0934,titanic,"ffihe mm0tmiit wa xoxtx. price two cents mt. vernon, 0., friday, april 19, 1912 no. 32 established 1836 4 only 328 of' titanic's cabin pass engers wreck news is suppressed ah efforts to secure details of what happened on hoard white star linerjo thrilling moments that followed when ship's doom was made known are thwarted by officers fin board c…",,1
sn88084068,"arkansas echo (little rock, ark.) 1891-1932",little rock,pulaski,arkansas,weekly,titanic-1912,1912-04-26,3,yes,1912-04-26,1,https://www.loc.gov/resource/sn88084068/1912-04-26/ed-1/?sp=1&q=titanic,https://tile.loc.gov/image-services/iiif/service:ndnp:arhi:batch_arhi_cosmic_ver01:data:sn88084068:00513687783:1912042601:0657,titanic,"…zeich net. unsere unionen haben von den trusts aelernt. bereits jind schritte von der re gierung gethan worden, um sowohl den maschinisten streik wie diesen streik zu verhüten, was hoffentlich gelingt. der untergang der titanic. am freitag morgen kam die car-- patia mit den geretteten von der titanie im new yorker hafen an. daß tausende menschen am hafen waren, braucht wohl kaum gesagt zu werden. für die geretteten waren die regeln für das lan…",,1
sn88074815,"the ocala banner (ocala, marion county, fla.) 1883-194?",ocala,marion,florida,weekly,titanic-1912,1912-04-19,9,yes,1912-04-19,3,https://www.loc.gov/resource/sn88074815/1912-04-19/ed-1/?sp=3&q=titanic,https://tile.loc.gov/image-services/iiif/service:ndnp:fu:batch_fu_edugator_ver01:data:sn88074815:0027176585A:1912041901:0183,titanic,"the ocala banner ■me 49, number 43 1302 people went down with titanic tevens entertains the; card club stevens of lakeland yesterday at a delightful when she entertained the and a few other friends. (■■btevens was formerly a membhc club, and it was a delight meet with her. b stevens enter…",,1
sn88076516,"devils lake inter-ocean (devils lake, n.d.) 1909-1915",devils lake,ramsey,north dakota,weekly,titanic-1912,1912-04-19,3,yes,1912-04-19,1,https://www.loc.gov/resource/sn88076516/1912-04-19/ed-1/?sp=1&q=titanic,https://tile.loc.gov/image-services/iiif/service:ndnp:ndhi:batch_ndhi_jessie_ver01:data:sn88076516:00295863961:1912041901:0128,titanic,"mr *vi\ £bf l?a®-vk»«nr volume xxix, no. 46 i-.v *v tk-w i2!,1 ib %a $4 tei a as *h£*» k«l fji stirred by horror of titanic disas ter gall for legislation ,,,,comes revenue glitter sent to serve sum kons.flli survivors of cw|(„, and passengers iff chairman alexander 'of the comit tee, declared today that the catastro phe ::would stop the bui…",,1
sn88084272,"el paso herald (el paso, tex.) 1901-1931",el paso,el paso,texas,daily,titanic-1912,1912-04-15,81,yes,1912-04-15,1,https://www.loc.gov/resource/sn88084272/1912-04-15/ed-1/?sp=1&q=titanic,https://tile.loc.gov/image-services/iiif/service:ndnp:txdn:batch_txdn_denmark_ver01:data:sn88084272:00280765089:1912041501:0623,titanic,"…, the canauan gterbncbt marine asescjhere at j 4il""s p. m. received a. wireless dispatch that the tltantle is aiaklag. the raesi rage eaiae by way of the cable ship mlala. off cape knee. it h said the meaiwre tewlae the titanic were enj dravorlnto get her into shoal water near cape race, to heaeh her. i tlie wireless up to noon today 1 slowed that the passengers of the j white star liner titanic which struck an iceburg off the new foundland i…",,1
sn88085012,"the ellensburg dawn (ellensburg, wash.) 1898-1914",ellensburg,kittitas,washington,weekly,titanic-1912,1912-04-18,2,yes,1912-04-18,5,https://www.loc.gov/resource/sn88085012/1912-04-18/ed-1/?sp=5&q=titanic,https://tile.loc.gov/image-services/iiif/service:ndnp:wa:batch_wa_muddy_ver02:data:sn88085012:00200290549:1912041801:0678,titanic,"…ved by the chamber of commerce yesterday a( noon in the bank drill. dr muhan delivered an address, ""whal is n i chamber of commerce lor?"" according to latesl reports, 1200 persons, passengers and crew, went down 011 the titanic .888 l. inu picked up before she sank. rhe titanic was the largesl ship in the world west mows tt'i-i bide, april l3th.— kvereli pease has been very much iudi iposed h lor cleelum friday evening nnd there. grace pease,…",,1
sn88085101,"the oroville weekly gazette (oroville, wash.) 1905-19??",oroville,okanogan,washington,weekly,titanic-1912,1912-04-19,2,yes,1912-04-19,1,https://www.loc.gov/resource/sn88085101/1912-04-19/ed-1/?sp=1&q=titanic,https://tile.loc.gov/image-services/iiif/service:ndnp:wa:batch_wa_lopez_ver03:data:sn88085101:00200291360:1912041901:0062,titanic,"…at that point arc a foot or more in diameter. there is a law against killing heavers in this state, and the animals around here should not ue disturbed. fearful marine disaster. the greatest steamship in the world, the titanic, struck an iceberg at 10:25 sunday night off the newfoundland hanks and sank four hours later in mid-oeean. wireless calls for help from the foundering vessel brought the t-teamer carpathia to the scene too late to rend…",,1
sn88085187,"the tacoma times (tacoma, wash.) 1903-1949",tacoma,pierce,washington,daily,titanic-1912,1912-04-15,48,yes,1912-04-15,1,https://www.loc.gov/resource/sn88085187/1912-04-15/ed-1/?sp=1&q=titanic,https://tile.loc.gov/image-services/iiif/service:ndnp:wa:batch_wa_elm_ver01:data:sn88085187:00211108320:1912041501:0954,titanic,"…people in strike this is ""fort mock,"" which guard* the entrance to blade's mill. hidden under the far end, with the stars and stripe* fluttering above them, are six ""special deputies"" armed with 10-bore shotguns. s. s. titanic wrecked (ijy united rress leaned wire.) hal.ifaax, n. s., april 15. with its 1,300 paesengers safely transferred to another vessel, the white star liner titnntlc is slow ly approaching this ]"">rt. pas sengers were taken…",,1
sn88085190,"the san juan islander (friday harbor, wash.) 1898-1914",friday harbor,san juan,washington,weekly,titanic-1912,1912-04-19,6,yes,1912-04-19,2,https://www.loc.gov/resource/sn88085190/1912-04-19/ed-1/?sp=2&q=titanic,https://tile.loc.gov/image-services/iiif/service:ndnp:wa:batch_wa_dogwood_ver01:data:sn88085190:00211107996:1912041901:0020,titanic,"…oregon state horticultural society. otis and bate ham were elected directors and vice presidents of the exchange. big liner hits iceberg, wireless calls cease cape race, n. f.—at 10:15 o'clock sunday night the steamship titanic called ""c. q. d."" and reported sb« struck an iceberg. the steamer said that immediate.assistance was requir ed. half an hour afterward another message came that they were mm by the head and that women were be ing put of…",,1
sn88085318,"the colville examiner (colville, wash.) 1907-1948",colville,stevens,washington,weekly,titanic-1912,1912-04-27,1,yes,1912-04-27,8,https://www.loc.gov/resource/sn88085318/1912-04-27/ed-1/?sp=8&q=titanic,https://tile.loc.gov/image-services/iiif/service:ndnp:wa:batch_wa_alder_ver01:data:sn88085318:00211108290:1912042701:0526,titanic,"…ls for a few days the pain left my back and the* kidneys improved. i can gladly recommend foley kidney pills for i know they helped me."" carroll drug co. james vail of tralle, ireland, who perished with the wreck of the titanic, was a friend of c. o'mahony, official stenographer in the stevens county superior court. mr. vail was on his way to america to make his home and intended soon to visit mr. o'mahony in colvllle. doan's regnleta core con…",,1
sn88085523,"the yakima herald (north yakima, w.t. [wash.]) 1889-1914",yakima,yakima,washington,weekly,titanic-1912,1912-04-17,7,yes,1912-04-17,1,https://www.loc.gov/resource/sn88085523/1912-04-17/ed-1/?sp=1&q=titanic,https://tile.loc.gov/image-services/iiif/service:ndnp:wa:batch_wa_fir_ver01:data:sn88085523:00211108514:1912041701:0129,titanic,"vol. xxii. 1500 ims lost by sinking of steamship titanic greatest marine disaster known in world's history only meager details yet but ster line officials concede that the worst is feared but 675 souls saved out 2,200 lives abroad steamers that rushed to answer distress messa…",,1
sn88086023,"east oregonian : e.o (pendleton, umatilla co., or.;pendleton, or) 1888-current",pendleton,umatilla,oregon,other,titanic-1912,1912-04-15,27,yes,1912-04-15,1,https://www.loc.gov/resource/sn88086023/1912-04-15/ed-1/?sp=1&q=titanic,https://tile.loc.gov/image-services/iiif/service:ndnp:oru:batch_oru_mallard_ver02:data:sn88086023:00202194503:1912041501:0757,titanic,"…n. murray to succeed grant. san francisco, april 15. it is re ported here that major general ar thur murray will succeed the late general fred grant. the way some women talk is enough to make a bachelor feel baldheaded. titanic world's biggest ship meets disaster. maiden trip reported sunk after colliding with ice berg, many hundred miles at sea thirteen hundred passengers believed saved human cargo transferred to other vessels which rush to a…",,1
sn88085620,"the labor journal (everett, wash.) 1909-1976",everett,snohomish,washington,weekly,titanic-1912,1912-04-26,1,yes,1912-04-26,2,https://www.loc.gov/resource/sn88085620/1912-04-26/ed-1/?sp=2&q=titanic,https://tile.loc.gov/image-services/iiif/service:ndnp:wa:batch_wa_american_ver02:data:sn88085620:00211107601:1912042601:0784,titanic,"…hundred and thirty miles, in one hundred ami thirty minutes. scores of aviators have dashed to their deaths before him but what matters it. a record for speed in the air has been made and that record must be broken. the titanic, eight hundred and eighty-two and one-half feet long, was launched. no ship like it was ever built before. it represented the climax of human skill and forethought. queen of the seas she was. with her human cargo of 2.2…",,1
sn88087183,"elk city mining news (elk city, idaho) 1903-1913",elk city,idaho,idaho,weekly,titanic-1912,1912-04-18,3,yes,1912-04-18,1,https://www.loc.gov/resource/sn88087183/1912-04-18/ed-1/?sp=1&q=titanic,https://tile.loc.gov/image-services/iiif/service:ndnp:idhi:batch_idhi_comoe_ver02:data:sn88087183:0041421177A:1912041801:0710,titanic,"…county. idaho thursday, april 18. 1912. vol. ix no. 16. appauling disaster ocean liner strikes ice berg, frightful loss of life some distinguished persons among the missing. at 10'-25 o'clock sunday night the steamship titanic called c. q d and reported having struck iceberg. the steamer sâid that immediate assistance was required. f t r half an hourafterward an ad an ditional messagd said they were sinking by the head and that v fvlq women w…",,1
sn89051168,"pine bluff daily graphic (pine bluff, ark.) 1893-1942",pine bluff,jefferson,arkansas,daily,titanic-1912,1912-04-16,56,yes,1912-04-16,1,https://www.loc.gov/resource/sn89051168/1912-04-16/ed-1/?sp=1&q=titanic,https://tile.loc.gov/image-services/iiif/service:ndnp:arhi:batch_arhi_inxs_ver01:data:sn89051168:00393343345:1912041601:0779,titanic,"…at passen gers and crew had been transferred to other liners—world’s most horrible sea disaster. new york, april 16.—(1 a. ii.)—it is now reported by wireless from ('ope rare that 1,800 were taken in the sinking: of the titanic, wliieh from now on will be known as the greatest disaster of modern times. the great est liner, up to 24 hours ago bearing; the proiul t5tle of the largest vessel afloat, is tonight at the bottom of the alantic with al…",,1
sn89051210,"pocahontas star herald (pocahontas, randolph county, ark.;pocahontas, ar) 1907-current",pocahontas,randolph,arkansas,weekly,titanic-1912,1912-04-19,1,yes,1912-04-19,1,https://www.loc.gov/resource/sn89051210/1912-04-19/ed-1/?sp=1&q=titanic,https://tile.loc.gov/image-services/iiif/service:ndnp:arhi:batch_arhi_galactic_ver01:data:sn89051210:0051368860A:1912041901:1153,titanic,"…of the country. we shall be glad to have you with the pc-’—s'acc r .„l volume xxxi, number 38 thirteen hundred in watery grave the greatest sea disaster of recent years occurred monday off tbe ast of cape race when the titanic, the biggest ship in tbe world, and on her maiden trip, struck an iceberg and went to the bottom of the sea, together with more than 1,300 souls. it was at first reported that all on board were picked up by steamers sen…",,1
sn89051252,"washington telegraph (washington, ark.) 18??-1940",washington,hempstead,arkansas,weekly,titanic-1912,1912-04-19,1,yes,1912-04-19,1,https://www.loc.gov/resource/sn89051252/1912-04-19/ed-1/?sp=1&q=titanic,https://tile.loc.gov/image-services/iiif/service:ndnp:arhi:batch_arhi_galactic_ver01:data:sn89051252:00513688271:1912041901:0948,titanic,"…on having one for fide. si.: about 1.500 persons perish k 9ffiwdf new founded! skip collides with iceberg was largest vessel afloat the most, horrible marine dis aster ot modern times w.is th.? sinking of the steamship titanic, of the white star line, off th'.' coast of new foundlandon april 15, in which more than 1,59 persons arc supposed to have th tit d th? 1' b iv. ssel aliont and was bound fr mi liverpool to ik.-w york on her firs. trip,…",,1
sn89051285,"the sentinel=record (hot springs, ark.) 1900-current",hot springs,garland,arkansas,daily,titanic-1912,1912-04-16,34,yes,1912-04-16,1,https://www.loc.gov/resource/sn89051285/1912-04-16/ed-1/?sp=1&q=titanic,https://tile.loc.gov/image-services/iiif/service:ndnp:arhi:batch_arhi_fearow_ver01:data:sn89051285:00414212748:1912041601:0419,titanic,"…hot springs, arkansas. monday morning, april 16, 1912. tio. 165. i largest vessel ever built goes to bottom after collision with an iceberg and only 675 of the 2,200 on board have been accounted for by rescuing vessels. titanic was on maiden voyage across the atlan tic—prominent and wealthy people included in passenger list—accident occurred off cape race sunday. new york, april 15.—tile olympic’s dispatch follows: ■carpathla reached titanic p…",,1
sn89051293,"de queen bee (de queen, ark.) 1897-current",dequeen,sevier,arkansas,weekly,titanic-1912,1912-04-19,7,yes,1912-04-19,1,https://www.loc.gov/resource/sn89051293/1912-04-19/ed-1/?sp=1&q=titanic,https://tile.loc.gov/image-services/iiif/service:ndnp:arhi:batch_arhi_andromeda_ver01:data:sn89051293:00513687837:1912041901:0009,titanic,"w priced lands, productive soil, delightful climate, good churches, good schools, good markets, good people and bright prospects liiviie you lo locate in sevier county, arkansas fifteenth year. 1,500 lost i steamer titanic, i largest ship, i sinks k(j rescued i victims of disaster repi resented half billion i dollars wealth i special to the bee: i little rock, april i 6. telegraph report received here thi> forenoon i i says that tin white…",,1
sn89051294,"the green forest tribune (green forest, ark.) 1890-1971",green forest,carroll,arkansas,weekly,titanic-1912,1912-04-19,6,yes,1912-04-19,1,https://www.loc.gov/resource/sn89051294/1912-04-19/ed-1/?sp=1&q=titanic,https://tile.loc.gov/image-services/iiif/service:ndnp:arhi:batch_arhi_devo_ver01:data:sn89051294:00393342857:1912041901:0614,titanic,"…off the rough edges. “this specimen of cyclopean masonry,” says mr. parsons’ description, “in which about 8,000 rock plants have been planted. is withal a perfect fence —horse high, bull strong and pig tight"" big liner titanic sinks with approximately 1,500 souls on board. was on her first voyage only meager messages was sent from doomed ship—vessel went to bottom quickly. western newspaper uniun news servica. boston.—a wireless message picke…",,1
sn89051318,"the huttig news (huttig, ark.) 1907-1955",huttig,union,arkansas,weekly,titanic-1912,1912-04-27,1,yes,1912-04-27,3,https://www.loc.gov/resource/sn89051318/1912-04-27/ed-1/?sp=3&q=titanic,https://tile.loc.gov/image-services/iiif/service:ndnp:arhi:batch_arhi_beatles_ver01:data:sn89051318:00393342730:1912042701:0035,titanic,"…as been the practice of voting negroes in calhoun coun ty and we are heartily in accord with the resolution and trust that it will be rigidly enforced. postmaster edward morgan of new york says that the white star liner titanic had on board 3,842 sacks of mail when she sank. as the standard ocean rr>ail bag holds about 2.000 letters, it is estimated that in all about 7*000.000 pieces i of mail matter have been lost. about 200 bags contained re…",,1
sn89051238,"the times-journal (malvern, hot spring county, ark.) 1893-1913",malvern,hot spring,arkansas,weekly,titanic-1912,1912-04-24,2,yes,1912-04-24,2,https://www.loc.gov/resource/sn89051238/1912-04-24/ed-1/?sp=2&q=titanic,https://tile.loc.gov/image-services/iiif/service:ndnp:arhi:batch_arhi_hubble_ver01:data:sn89051238:0051368843A:1912042401:0770,titanic,"…want something good to eat, trade at hetzel’s mar ket. we always have some thing good for you. fresh fish on fridays. hetzel’s meat market. manager darnell of the majes tic theatre has ordered thirty views of the great titanic disas ter and will show same the latter part of this week or first of next. why he was late. “what made you so latet” “i met smithson.’’ “well, that is no reason why you should be an hour late getting home o mpper.” “i…",,1
sn89052038,"the keota news (keota, weld county, colo.) 1911-1922",keota,weld,colorado,weekly,titanic-1912,1912-04-19,4,yes,1912-04-19,7,https://www.loc.gov/resource/sn89052038/1912-04-19/ed-1/?sp=7&q=titanic,https://tile.loc.gov/image-services/iiif/service:ndnp:cohi:batch_cohi_jamestown_ver01:data:sn89052038:00383341255:1912041901:0273,titanic,titanic sinks; 1500 drowned white star liner crashes in to iceberg and goes to bottom of ocean. 675 are rescued most of those saved were women and children— steamer’s first voyage. western newspaper union news service. new york…,,1
sn89052040,"the raymer enterprise (new raymer, weld county, colo.) 1910-19??",raymer,weld,colorado,weekly,titanic-1912,1912-04-18,5,yes,1912-04-18,5,https://www.loc.gov/resource/sn89052040/1912-04-18/ed-1/?sp=5&q=titanic,https://tile.loc.gov/image-services/iiif/service:ndnp:cohi:batch_cohi_aberdeen_ver01:data:sn89052040:00414214228:1912041801:0591,titanic,"…;nvswrct2s%!s%?;*m?s?;»» greatest ocean disaster through the splendid nows service which is a prominent feature of the enterprise, we are able to give our readers today the story of the sinking of the giant ocean liner, titanic, than which no bigger or better vessel was j ever built or better equipped with modern devices for the safeguarding of the lives of passengers and crew. while the story is tho id, then lias been to tell for so ~ne and b…",,1
sn89052133,"the springfield herald (springfield, baca county, colo.) 1887-1919",springfield,baca,colorado,weekly,titanic-1912,1912-04-19,3,yes,1912-04-19,4,https://www.loc.gov/resource/sn89052133/1912-04-19/ed-1/?sp=4&q=titanic,https://tile.loc.gov/image-services/iiif/service:ndnp:cohi:batch_cohi_illif_ver01:data:sn89052133:00383341176:1912041901:0907,titanic,"…ause. the representa tions to orozco accuse him of “prac tical murder” of thomas fountain, an american gunner enlisted with the federals, but summarily executed re cently when taken prisoner by the in surrectos. steamer titanic, with 2,160 people, sinks in mid-ocean. captain sends wireless virginian hastens to rescue. montreal, canada.—the white star liner. titanic, with 2,100 persons on board struck an iceberg and sank 3,284 miles east of san…",,1
sn89052197,"the julesburg grit-advocate (julesburg, colo.) 1907-1972",julesburg,sedgwick,colorado,weekly,titanic-1912,1912-04-25,1,yes,1912-04-25,1,https://www.loc.gov/resource/sn89052197/1912-04-25/ed-1/?sp=1&q=titanic,https://tile.loc.gov/image-services/iiif/service:ndnp:cohi:batch_cohi_floresta_ver01:data:sn89052197:00513680934:1912042501:0298,titanic,"…men are natural men, except such as have been hegotten by the holy spirit. all natural men_wiil, trust and the shocks of fate by hall caine london, april 20.---hall caine has written the fullo'*g to the survivors of the titanic: lord of the everlasting hills, \v?‘h blind, insensate, heartless force god of the boundless sea, 4»‘ puts out our passing breath, help us through all the shocks of fate m“w us to see thy guiding light to keep our trust…",,1
sn89053204,"americus times-recorder (americus, ga.;[americus, ga.?]) 1891-current",americus,sumter,georgia,weekly,titanic-1912,1912-04-16,33,yes,1912-04-16,1,https://www.loc.gov/resource/sn89053204/1912-04-16/ed-1/?sp=1&q=titanic,https://tile.loc.gov/image-services/iiif/service:ndnp:gu:batch_gu_bootes_ver01:data:sn89053204:00393344222:1912041601:0719,titanic,"…cluln gang, stand against him in 3 three cases alone. other cases will be tried at the next session of city court. with cargo supposed to have been worth about $20,000,000. $5,000,000 of diamonds alone sank with steamer titanic. most prominent people of na tion aboard world’s largest steamer lost their lives. 13 special to times-recorder. new york, april 15. —according to the most authentic reports received here by wireless late tonight, givin…",,1
sn89052328,"eastern colorado times (cheyenne wells, colo.) 1912-1913",cheyenne wells,cheyenne,colorado,weekly,titanic-1912,1912-04-19,5,yes,1912-04-19,2,https://www.loc.gov/resource/sn89052328/1912-04-19/ed-1/?sp=2&q=titanic,https://tile.loc.gov/image-services/iiif/service:ndnp:cohi:batch_cohi_caddoa_ver02:data:sn89052328:0027952827A:1912041901:0026,titanic,"titanic sinks; 1,500 perish biggest ocean liner lost on maiden trip—many notables aboard notable} passengers believed to be lost. benjamin guggenheim, capital* let, brother to u. 9. senator gug genheim of colorado. u. r. rood,…",,1
sn89053964,"the marietta journal and courier (marietta, ga.) 1909-1918",marietta,cobb,georgia,weekly,titanic-1912,1912-04-19,4,yes,1912-04-19,1,https://www.loc.gov/resource/sn89053964/1912-04-19/ed-1/?sp=1&q=titanic,https://tile.loc.gov/image-services/iiif/service:ndnp:gu:batch_gu_elmo_ver02:data:sn89053964:00517177362:1912041901:1101,titanic,"…s. miss rambois in florida, where she went several weeks ago, following an epera tion for appendicitis, and writes that she has fully recovered and isanticipat ing a good time during the coming reunion. —macon news. the titanic sinks with over 1,600 on board. the greatest ship ever buiit, the titanic of the white star line, ran into an iceberg sunday night and sank four hours after. it was her first veyage and meny famous and wealthy men were…",,1
sn89055001,"the parma herald (parma, idaho) 1903-1917",parma,canyon,idaho,weekly,titanic-1912,1912-04-18,5,yes,1912-04-18,1,https://www.loc.gov/resource/sn89055001/1912-04-18/ed-1/?sp=1&q=titanic,https://tile.loc.gov/image-services/iiif/service:ndnp:idhi:batch_idhi_damascus_ver01:data:sn89055001:00414211859:1912041801:0909,titanic,"…e car is run for the convenience of the officers and their friends, and holds score of passengers. the rao tormen are detailed whenever their services are required, and no trans fers er tickets are issued.—new steamship titanic sinks; greatest of all catastrophes world's largest passenger steamship collides with iceberg off newfoundland and goes do vn before help arrives—868 out of about 2200 are saved —men of prominence on ship. the steamship…",,1
sn89055004,"the meridian times (meridian, idaho) 1909-1938",meridian,ada,idaho,weekly,titanic-1912,1912-04-19,5,yes,1912-04-19,1,https://www.loc.gov/resource/sn89055004/1912-04-19/ed-1/?sp=1&q=titanic,https://tile.loc.gov/image-services/iiif/service:ndnp:idhi:batch_idhi_hillerman_ver01:data:sn89055004:00415666482:1912041901:0822,titanic,"the meridia n times l volume 3. meridian. ada county, idaho, friday, april 19, 1912. number 49. the titanic disaster. the titanic disaster. it is now certain that more thau 1300 perished in the disaster at sea, caused by the sinking of the steamship ""titanic."" no tragedy in many years ha 3 caused the widespread interest of th…",,1
sn89055082,"the nezperce herald (nezperce, idaho) 1900-1957",nezperce,nez perce,idaho,weekly,titanic-1912,1912-04-18,2,yes,1912-04-18,1,https://www.loc.gov/resource/sn89055082/1912-04-18/ed-1/?sp=1&q=titanic,https://tile.loc.gov/image-services/iiif/service:ndnp:idhi:batch_idhi_iguacu_ver01:data:sn89055082:00414211136:1912041801:0797,titanic,"…ril 18, 1912 vd. 15, no 50 ave patience with us while we arc moving, give you better service in our new building. respectfully, perry e. miller, nezperce, idaho. well try to h 1312 find watery grave when great steamship titanic strikes iceberg off novoscofia and sinks.—most appalling sea disaster.—many notables among lost. cape tac*. n. f.. april 15—at 10:35 o'clock last night the steam ship titanic reported having struck an ice berg. the stea…",,1
sn89055128,"the daily star-mirror (moscow, idaho) 1911-1939",moscow,latah,idaho,daily,titanic-1912,1912-04-15,25,yes,1912-04-15,1,https://www.loc.gov/resource/sn89055128/1912-04-15/ed-1/?sp=1&q=titanic,https://tile.loc.gov/image-services/iiif/service:ndnp:idhi:batch_idhi_jerusalem_ver01:data:sn89055128:00414211409:1912041501:0700,titanic,"…volume 1. moscow, latah county, idaho, monday, april 15, 1912 number 169 biggest boat afloat wrecked; all are saved wireless summons aid to 2200 people aboard=size of ship floats her ashore. canso, n. sl, april 15,—the titanic having transferred all her passengers at 2 o'clock was being towed into hali fax hj the virginian. the titanic's passengers will be landed at halifax where they will be met by special trains and rushed to new york. hali…",,1
sn89055184,"lincoln county times (jerome, idaho) 1911-1919",jerome,lincoln,idaho,weekly,titanic-1912,1912-04-18,5,yes,1912-04-18,1,https://www.loc.gov/resource/sn89055184/1912-04-18/ed-1/?sp=1&q=titanic,https://tile.loc.gov/image-services/iiif/service:ndnp:idhi:batch_idhi_bagrati_ver02:data:sn89055184:00279551102:1912041801:0538,titanic,"…count of the most appall ing ocean disaster that has ever been chronicled in the history of the country, when more than 1,000 (x-rsons sank to their death in a bottomless sea. these people were passengers on the steamer titanic, of the white star line, which was making its maiden voyage from liverpool to new york, and when off the coast of new foundlalid, crashed into an ieelierg, damaging the steamer to such an extent that -lie sank within fo…",,1
sn89055199,"payette enterprise (payette, canyon co., idaho) 1909-1935",payette,payette,idaho,weekly,titanic-1912,1912-04-18,4,yes,1912-04-18,1,https://www.loc.gov/resource/sn89055199/1912-04-18/ed-1/?sp=1&q=titanic,https://tile.loc.gov/image-services/iiif/service:ndnp:idhi:batch_idhi_everglades_ver01:data:sn89055199:00414211203:1912041801:0839,titanic,"x payette enterprise payetl'e, canyon county, idaho, thursday, april 18. 1912. no. 10 vol v 11 one dollar a yea l i païette home seekers oh titanic a*' man, wife and daughter coming to payet'e to make heme here were on board the iii fated steamer titanic—friends know nothing as to their fate as yet. %&t. and mrs. collier and daughter, c*f england enroute to payette…",,1
sn89055248,"the richfield recorder (richfield, idaho) 1909-1931",richfield,lincoln,idaho,weekly,titanic-1912,1912-04-18,2,yes,1912-04-18,1,https://www.loc.gov/resource/sn89055248/1912-04-18/ed-1/?sp=1&q=titanic,https://tile.loc.gov/image-services/iiif/service:ndnp:idhi:batch_idhi_iguacu_ver01:data:sn89055248:00414211616:1912041801:0720,titanic,"…ne with it, one and a part of it! all the deep sob of it, all the tense throb cf it; oh, just to live and love! go.l! the great heart of it! william lord rccd, in the new york independent. in a appalling disaster at the titanic, largest ship ever built, goes down, carrying with it 1601 persons night off the coast, ol newfound land, when the steamer titanic, ol the white star line, collided with an iceberg, and sank within the most appalling as…",,1
sn89058115,"carroll county democrat (huntingdon, tenn.) 188?-1971",huntingdon,carroll,tennessee,weekly,titanic-1912,1912-04-19,3,yes,1912-04-19,1,https://www.loc.gov/resource/sn89058115/1912-04-19/ed-1/?sp=1&q=titanic,https://tile.loc.gov/image-services/iiif/service:ndnp:tu:batch_tu_fred_ver01:data:sn89058115:00415621772:1912041901:0045,titanic,"…gs up 41 silver half dollars. they furnish bond in the sum of $2,000 each. a very interesting session la progress in huntingdon. citizens passed away. ff a tft) in hi a v y vv i i n i a 10 ;h t a 'pi rw 1 5j 'j? i0t the titanic, the greatest ship afloat, sank last sunday night. she was making her maiden voyage and the crew and passenger list numbered about 2,000 souls. only about 800 lives were saved, mostly women and children, the big steamer…",,1
sn89058128,"the comet (johnson city, tenn.) 1884-1916",johnson city,washington,tennessee,weekly,titanic-1912,1912-04-18,2,yes,1912-04-18,2,https://www.loc.gov/resource/sn89058128/1912-04-18/ed-1/?sp=2&q=titanic,https://tile.loc.gov/image-services/iiif/service:ndnp:tu:batch_tu_james_ver01:data:sn89058128:00415621899:1912041801:0517,titanic,"…adows cast over the artie pinnacle surrounding the ship. in the darkness the work ofjaunch ing the remaining boats was made difficult, but the bruce reports all the boats, or nearly all, had cleared the wreck before the titanic took her fatal plunge in the depths, two miles deep. filled from the bottom bow rose clear of water as ship struck and jagged ice tore through bottom. st. johns, n. f., april 16. from the steamship bruce, bound for sidn…",,1
sn89058133,"putnam county herald (cookeville, tenn.) 1903-1922",cookeville,putnam,tennessee,weekly,titanic-1912,1912-04-18,1,yes,1912-04-18,1,https://www.loc.gov/resource/sn89058133/1912-04-18/ed-1/?sp=1&q=titanic,https://tile.loc.gov/image-services/iiif/service:ndnp:tu:batch_tu_bertha_ver01:data:sn89058133:00415621309:1912041801:0585,titanic,"…ee on celebration of 93d anniversary decided on an open meet ing in the hall on the 27th inst, re bekahs will participate. great sea disaster the greatest sea disaster of recent years occurred last sunday night when the titanic the greatest steamer in the world struck an iceberg off the banks of newfoundland and went to the bot tom, taking about 1,600 people with her.' the titanic was enroute from europe to new york on her first trip and car r…",,1
sn89058216,"the newport plain talk (newport, tenn.) 1909-1939",newport,cocke,tennessee,semiweekly,titanic-1912,1912-04-18,5,yes,1912-04-18,2,https://www.loc.gov/resource/sn89058216/1912-04-18/ed-1/?sp=2&q=titanic,https://tile.loc.gov/image-services/iiif/service:ndnp:tu:batch_tu_eddie_ver02:data:sn89058216:00415622041:1912041801:0470,titanic,"…vi vors it is estimated that not more than 100 were seamen required to man the boats. this would leave approximately 440 and in the ordinary proportions of women and childreu in the steerage where the passengers in t he titanic's care numbered 710, it seems probable that the greater part of these 440 were women and their little ones. nothing could show more plainly the heroism of the crew and the men pas, sengers who stood by the doomed ship,…",,1
sn89058250,"sequachee valley news (sequachee [sequatchie], tenn.) 1896-1952",sequatchie,marion,tennessee,weekly,titanic-1912,1912-04-18,1,yes,1912-04-18,2,https://www.loc.gov/resource/sn89058250/1912-04-18/ed-1/?sp=2&q=titanic,https://tile.loc.gov/image-services/iiif/service:ndnp:tu:batch_tu_james_ver01:data:sn89058250:00415622089:1912041801:0507,titanic,"…e market for constipation."" give these tablets a trial. you are certain to find them agreeable and pleasant in effect. price, s5 cents. samples free. for sale by all dealers. now is tbe time to subscribe. wrecked at sea titanic gees down and twelvs hundred lives are lost. the largest steamer in the world, 884 feet long, the titanic, struck an ioeberg 200 miles off the newfound--land coast sunday night in a fog, and sank in two hours. only abou…",,1
sn89053283,"the dawson news (dawson, ga.;dawson, georgia) 1889-current",dawson,terrell,georgia,weekly,titanic-1912,1912-04-17,8,yes,1912-04-17,6,https://www.loc.gov/resource/sn89053283/1912-04-17/ed-1/?sp=6&q=titanic,https://tile.loc.gov/image-services/iiif/service:ndnp:gu:batch_gu_beaker_ver01:data:sn89053283:00517177064:1912041701:1254,titanic,"…not later than april 20th, 1912. any applicant who may desire to receive the benefit of any one of these offered opportunities will confer with mrs. j. m. griggs at once. 1,500 lives reported lost sinking of the steamer titanic, if reports are true, worst disas ter in marine history. more than 1,500 persons, it is fear ed, sank to death early monday morning, when within four hours af ter she crashed into an iceberg the mammoth white star line…",,1
sn89058321,"the commercial (union city, tenn.) 190?-193?",union city,obion,tennessee,weekly,titanic-1912,1912-04-19,3,yes,1912-04-19,2,https://www.loc.gov/resource/sn89058321/1912-04-19/ed-1/?sp=2&q=titanic,https://tile.loc.gov/image-services/iiif/service:ndnp:tu:batch_tu_kathy_ver01:data:sn89058321:00415621462:1912041901:0135,titanic,"…ople we would not be able to supply the demand. try a bottle of vlnol with the un derstanding that your money will be returned if it does not help you. oliver' red cross drug store, union city survivors of the ill-fated titanic. cape race. n. f., april 16. a wire less message to-night from capt. had dock of the steamer olympic, relayed by the celtic, reads as follows: ""pleae allay rtimor tht the virgin ian has any of the titanic's passengers.…",,1
sn89051213,"the mena weekly star (mena, ark.) 1904-1977",mena,polk,arkansas,weekly,titanic-1912,1912-04-18,7,yes,1912-04-18,1,https://www.loc.gov/resource/sn89051213/1912-04-18/ed-1/?sp=1&q=titanic,https://tile.loc.gov/image-services/iiif/service:ndnp:arhi:batch_arhi_electabuzz_ver01:data:sn89051213:00414212694:1912041801:1244,titanic,"…o liflr boys will b* 1 tint a* late in gi'i.uag m their crops. hisitvitie*, two thing* litml dow tie1 ground tow wi ikwi'l .(an! until ttie cr<>und is warn. 1 a car id 11 imuri r >ual rg awed at tomawmif tiwdf wreck of titanic lies 2 miles down 'lie (’.arpatliiu takes mill from l.il’e boa is after the itoomed ship llad sunk. 'lie (treat vessel floated less than four hours \fter struck leeherji. women were saved 'ei\ men among the survivors ex…",,1
sn89060092,"the citizen (frederick city, md.) 1895-1923",frederick,frederick,maryland,weekly,titanic-1912,1912-04-19,6,yes,1912-04-19,2,https://www.loc.gov/resource/sn89060092/1912-04-19/ed-1/?sp=2&q=titanic,https://tile.loc.gov/image-services/iiif/service:ndnp:mdu:batch_mdu_galena_ver02:data:sn89060092:0027952181A:1912041901:0145,titanic,"titanic, biggest of boats, in coltision with iceberg passengers take tc life boats; other liners came to the fescue. tr it noted people who were aboard vessel c-ggcfet ih r ae_ga~ n r— 1 >1 u r f n m ill i i i i 1 i f l __ j™ 3…",,1
sn89060124,"the prince george's enquirer and southern maryland advertiser (upper marlborough, md.) 1882-1925",upper marlboro,prince george's,maryland,weekly,titanic-1912,1912-04-26,1,yes,1912-04-26,2,https://www.loc.gov/resource/sn89060124/1912-04-26/ed-1/?sp=2&q=titanic,https://tile.loc.gov/image-services/iiif/service:ndnp:mdu:batch_mdu_irving_ver01:data:sn89060124:00415625868:1912042601:0082,titanic,"…gress, who is in sym pathy with the people, and whose efforts to attain the fulfillment of jeffersonian principles will be conducted in a dignified manner and in keeping with the consti tution. modern tower op babel the titanic was compared to the tower of babel and the car pathia to the redeemer by rev. dr. h. m. wharton, pastor of the brantly baptist church, bal timore, at the services on sun day last. “the might of god,” said dr. wharton, “…",,1
sn89060136,"the midland journal (rising sun, md.) 1885-1947",rising sun,cecil,maryland,weekly,titanic-1912,1912-04-19,3,yes,1912-04-19,7,https://www.loc.gov/resource/sn89060136/1912-04-19/ed-1/?sp=7&q=titanic,https://tile.loc.gov/image-services/iiif/service:ndnp:mdu:batch_mdu_belair_ver02:data:sn89060136:00279522631:1912041901:0143,titanic,"…,500 perish largest ship in the world founders on her maiden voyage. 670 persons are brought safely ashore liner running it rapid speed in collision with monster iceberg. biggest bhip afloat. w i""*#*'-; -faim may vliner titanic. new york. —in the darkness of night and in water two miles deep the titanic, newest of the white star fleet and greatest of all ocean steamships, sank to the bottom of the sea at 2.20 o’clock monday morning. dispatches…",,1
sn89060379,"maryland suffrage news (baltimore, md.) 1912-1920",baltimore,,maryland,weekly,titanic-1912,1912-04-27,1,yes,1912-04-27,1,https://www.loc.gov/resource/sn89060379/1912-04-27/ed-1/?sp=1&q=titanic,https://tile.loc.gov/image-services/iiif/service:ndnp:mdu:batch_mdu_columbine_ver02:data:sn89060379:print:1912042701:0001,titanic,"…ouls to the need of helping one another. if the oppor tunity had been open to you fast week to pay your small share to ward a lifeboat, which would have rescued the men and women and little children who went down on the titanic, would you not have re sponded readily, and with the deep est sense of joy? the opportunity is open to you today to pay for a lifeboat which will help save more people than were aboard the ship of death. twelve hundred…",,1
sn89065008,"the commonwealth (greenwood, miss.) 1896-1923",greenwood,leflore,mississippi,weekly,titanic-1912,1912-04-19,7,yes,1912-04-19,2,https://www.loc.gov/resource/sn89065008/1912-04-19/ed-1/?sp=2&q=titanic,https://tile.loc.gov/image-services/iiif/service:ndnp:msar:batch_msar_cotton_ver01:data:sn89065008:00199916580:1912041901:0677,titanic,"…bet oil the liner lij y mio after iter appalling coiimk ml they t ere takei he cari «'berg, •d ho i.i k ei idiei >k f* r ol h. e of the d that it is »ot fea d distinguished it i« believed cult h v «ml ►f the the c tlmt titanic is left t tell of the epochal -«a of the dlsns as ite c' hell hat ovei t< f of the arpatliitt ireless mesj cl ed with m \ve found 11 v h vessels rush to aid. the il«o said ha the boats »mi had »heltered them n the giant…",,1
sn89064515,"little falls herald (little falls, morrison county, minn.) 1889-1950",little falls,morrison,minnesota,weekly,titanic-1912,1912-04-19,4,yes,1912-04-19,4,https://www.loc.gov/resource/sn89064515/1912-04-19/ed-1/?sp=4&q=titanic,https://tile.loc.gov/image-services/iiif/service:ndnp:mnhi:batch_mnhi_opel_ver01:data:sn89064515:00212479469:1912041901:0129,titanic,"…0 days or more in the war with mexico shall be entitled to receive $30 per aionth. no person shall receive a pension amder this act who is or shall be in #3pfefpt"" an income of $2,400 per year. the awful disaster to the titanic seems like a warning to mankind from iile elements not to be presumptuous. man has attained great mastery over wind' and wave. he has not conquered ihenr. so far had the ingenuity of man gone in the construction of levi…",,1
sn89066129,"the laclede blade (laclede, mo.) 1890-1945",laclede,linn,missouri,weekly,titanic-1912,1912-04-19,5,yes,1912-04-19,1,https://www.loc.gov/resource/sn89066129/1912-04-19/ed-1/?sp=1&q=titanic,https://tile.loc.gov/image-services/iiif/service:ndnp:mohi:batch_mohi_linus_ver01:data:sn89066129:00294557222:1912041901:0555,titanic,"…adies' aid met with mrs o. w. lomax, president of the society, wednesday, april 17. prayer meeting every thursday night at 7:30. suuday school at 9:45; h. c. liomax, superintendent. regular ship hits iceberg; 1500 drown titanic, world's largest steamer, sinks on maiden trip the sophomores. characters. polly, who loves cats loreta clay mildred chase i eva andrews katharine stanton florence dye edith lee. a southern girl mima walker marcia summe…",,1
sn89066234,"scott county kicker (benton, mo.) 1901-1917",benton,scott,missouri,weekly,titanic-1912,1912-04-27,2,yes,1912-04-27,2,https://www.loc.gov/resource/sn89066234/1912-04-27/ed-1/?sp=2&q=titanic,https://tile.loc.gov/image-services/iiif/service:ndnp:mohi:batch_mohi_dorothea_ver01:data:sn89066234:00200292844:1912042701:0277,titanic,"i i as 1 titanic int to it's grave the titanic was 1,799 miles from queenstown and 1,191 miles from new york, speeding for a maiden voy age record. tbe night was starlight, the sea glassy. lights were out in most of the btatcrooms, and…",,1
sn89066313,"university missourian (columbia, mo.) 1908-1916",columbia,boone,missouri,daily,titanic-1912,1912-04-17,13,yes,1912-04-17,1,https://www.loc.gov/resource/sn89066313/1912-04-17/ed-1/?sp=1&q=titanic,https://tile.loc.gov/image-services/iiif/service:ndnp:mohi:batch_mohi_dred_ver01:data:sn89066313:00211109646:1912041701:0363,titanic,"…in washington relatives by marriage of mrs. walter on his way to xew york. j mcx. miller on wrecked ship. judge john d. lawson will leave among passengers who sailed on saturday to begin his trip to france, the steamer titanic, which was where he will study french criminal wrecked off the newfoundland banks procedure for the american institute monday, were three sisters of a sis of criminal law and criminology. j t r-fn-law of mrs. walter mcn…",,1
sn89066240,"the marshall republican (marshall, saline county, mo.) 1899-1914",marshall,saline,missouri,weekly,titanic-1912,1912-04-19,4,yes,1912-04-19,1,https://www.loc.gov/resource/sn89066240/1912-04-19/ed-1/?sp=1&q=titanic,https://tile.loc.gov/image-services/iiif/service:ndnp:mohi:batch_mohi_cindy_ver02:data:sn89066240:00200291906:1912041901:0566,titanic,"…hope had been buoyed up nil day by reports that the steam ship altliough badly damaged, was not in a sinking condition and that all her passengers had been safely taken off. lett on tho mirface, were life boats from tho titanic, and in them, were some 675 survivors of the disaster. these, according to the advice, the carpathla picked up, and in now on her way with them to now york. for tho rest, tho eccjic as the carpathla come up, waa one of…",,1
sn89066651,"the hayti herald (hayti, mo.) 1908-1922",hayti,pemiscot,missouri,weekly,titanic-1912,1912-04-25,2,yes,1912-04-25,1,https://www.loc.gov/resource/sn89066651/1912-04-25/ed-1/?sp=1&q=titanic,https://tile.loc.gov/image-services/iiif/service:ndnp:mohi:batch_mohi_franklin_ver01:data:sn89066651:00211109476:1912042501:0804,titanic,"…ts. the orord has siig-1 in re-establishing traffic over all that could be found, arriving in new york thursday night, bi inning lull details of the great disaster. the apalling loss of life was duo to the tact that the titanic did not r.irr.v a sufficient number of lifeboats and other life-saving ap- 'esu'd that hinds be collected their lino. two crew-, with nil lor the monument ;nul the core drivers were put at work, one iiionv of unveilmr b…",,1
sn89064489,"the sauk centre herald (sauk centre, stearns county, minn.) 1886-current",sauk centre,stearns,minnesota,,titanic-1912,1912-04-25,1,yes,1912-04-25,2,https://www.loc.gov/resource/sn89064489/1912-04-25/ed-1/?sp=2&q=titanic,https://tile.loc.gov/image-services/iiif/service:ndnp:mnhi:batch_mnhi_archery_ver01:data:sn89064489:00340586621:1912042501:0131,titanic,"…s. 10:30. 12'm. the herald’s ticket for president— theodore roosevelt for congressman-at-large— alvah eastman for governor— william e. lee speeded to death the sinking of the modern ocean leviathan, the white star jiner titanic, with its attendant loss of 1,600 souls, calls atten tion forcibly to the fact that we are living too fast in these twen tieth century days.® the fact is clearly established that this steamship, on its maiden trip, ‘'wa…",,1
sn89066801,"osage county volksblatt (westphalia, mo.) 1896-1917",westphalia,osage,missouri,weekly,titanic-1912,1912-04-18,2,yes,1912-04-18,1,https://www.loc.gov/resource/sn89066801/1912-04-18/ed-1/?sp=1&q=titanic,https://tile.loc.gov/image-services/iiif/service:ndnp:mohi:batch_mohi_linus_ver01:data:sn89066801:00294557155:1912041801:0491,titanic,"…bi ugu lstzten vk mlxxi will c.rzu cu)t? sajrcaian uiia iah al e wieder na rlchs.oni ctt luliyu. tai za ihrem sohne johann zog dek die alte mutter bi zu ihrem love, vi legre. tie dahingeschiedene vi,m bin.', z.z,dambier titanic' von les die lxken aschine ki. die d-e terlakt ö kind. a löhne und 2 mh,? lmie der am modern: techuik berzustck! rermag' locht lk,ne tochter starb al, ind m t, keucht eigentlich kaum besouders er. ntm h ""tabrtn. isäni i…",,1
sn89066996,"the farmington times (farmington, st. francois county, mo.) 1905-1926",farmington,saint francois,missouri,weekly,titanic-1912,1912-04-18,5,yes,1912-04-18,3,https://www.loc.gov/resource/sn89066996/1912-04-18/ed-1/?sp=3&q=titanic,https://tile.loc.gov/image-services/iiif/service:ndnp:mohi:batch_mohi_flash_ver02:data:sn89066996:00294556382:1912041801:0127,titanic,"1,800 lost as titanic collides with iceberg world's greatest steamship goes down with majority of male passengers most of rescued are women and children. rescue ships pick up life boats and find wreckage--steanv ship official concedes terrib…",,1
sn89067083,"ripley county democrat (doniphan, mo.) 1905-1920",doniphan,ripley,missouri,weekly,titanic-1912,1912-04-19,1,yes,1912-04-19,2,https://www.loc.gov/resource/sn89067083/1912-04-19/ed-1/?sp=2&q=titanic,https://tile.loc.gov/image-services/iiif/service:ndnp:mohi:batch_mohi_linus_ver01:data:sn89067083:00294557118:1912041901:0287,titanic,"…re in need. the most terrible disaster that has occurred in a long, long time !iappened at about 11:10 o'clock ast sunday night, nearly 200 miles south of cape raoe, the eoutheaslernmout point of naw foundlund, when the titanic, a ten million dollar steamship of the white star line, from fie'.fast, ire land, to new york, struck an ice berg and inside of four hours after striking sank in water two milee deep carrying down to hyanmal 'ept 16')j…",,1
sn89067273,"mexico missouri message (mexico, audrain county, mo.) 1899-1918",mexico,audrain,missouri,weekly,titanic-1912,1912-04-18,4,yes,1912-04-18,1,https://www.loc.gov/resource/sn89067273/1912-04-18/ed-1/?sp=1&q=titanic,https://tile.loc.gov/image-services/iiif/service:ndnp:mohi:batch_mohi_henri_ver01:data:sn89067273:00200292686:1912041801:0277,titanic,"…ldonia visited her daughter in st. louis last week. j. c. ringo has been laid ten days with sore throat. up awful sea disaster. over 1,500 people sank to death near new foundland. cape race, x. f., april 15. the steamer titanic bank at 2:20 this morning and 1,525 persons on board were lost. this news comes after passengers were reported safe. the steamer olympic reports that the steamer carpathia, reached the tit aide's position at daybreak to…",,1
sn89067274,"mexico weekly ledger (mexico, mo.) 1855-1956",mexico,audrain,missouri,weekly,titanic-1912,1912-04-18,4,yes,1912-04-18,1,https://www.loc.gov/resource/sn89067274/1912-04-18/ed-1/?sp=1&q=titanic,https://tile.loc.gov/image-services/iiif/service:ndnp:mohi:batch_mohi_garfield_ver01:data:sn89067274:00294556941:1912041801:0959,titanic,"…f vandalia were shopping in meexlco tills week. pretty as a peacock is the new style velio buggy; some thing new under the sum. see them. ferris cauthorn. now york, ajprsi 16. rne wtest estimate of death.1 ln sinking of titanic is 1492 men, worn em ami children. steamejr carpathla has reported by wireless that she ba t.66 survivors and is returning to new york. s n'iw york, april it. nn further detahs of the, titanic i:?;cstor have been receiv…",,1
sn89066489,"the butler weekly times (butler, mo.) 1881-1918",butler,bates,missouri,weekly,titanic-1912,1912-04-18,4,yes,1912-04-18,2,https://www.loc.gov/resource/sn89066489/1912-04-18/ed-1/?sp=2&q=titanic,https://tile.loc.gov/image-services/iiif/service:ndnp:mohi:batch_mohi_kocoum_ver01:data:sn89066489:00294557039:1912041801:0582,titanic,"…o pat hawser aboard craft in dancer saves uvea and paa aacc money, too. to the landsman it recalls the finest traditions of the sea when he reads a heart stirring story like that' of the disaster to the white star liner titanic and the efforts made by all the craft within steaming distance to reach her and effect a rescue. he is apt to tell himself that it is only on the sea that unselfishness and heroism still exist in this commercial age. he…",,1
sn89074935,"der staats=anzeiger (rugby, n.d.) 1906-current",omaha,douglas,nebraska,weekly,titanic-1912,1912-04-18,2,yes,1912-04-18,1,https://www.loc.gov/resource/sn89074935/1912-04-18/ed-1/?sp=1&q=titanic,https://tile.loc.gov/image-services/iiif/service:ndnp:ndhi:batch_ndhi_andorian_ver01:data:sn89074935:00199918515:1912041801:0544,titanic,"…ist, niemals vulkanische eigen schaften gezeigt und der ausbruch kam den bewohnern der umliegenden dörfer daher als eine schreckliche ueberrafchnng. inland. znsammen stoß mit eisberg. new jork, 15. april.—der dam pfer „titanic"" von der white star linie ist am sonntag abend 10:25 uhr auf westlicher fahrt bei den bän ken von nen-funland mit einem eis berge zusammengestoßen und befindet sich in bedrängnis. ztoie stunden nach der katastrophie ver…",,1
sn89074986,"the lemmon herald (lemmon, perkins county, s.d.) 1912-1917",lemmon,perkins,south dakota,weekly,titanic-1912,1912-04-19,7,yes,1912-04-19,1,https://www.loc.gov/resource/sn89074986/1912-04-19/ed-1/?sp=1&q=titanic,https://tile.loc.gov/image-services/iiif/service:ndnp:sdhi:batch_sdhi_bermuda_ver01:data:sn89074986:00415625285:1912041901:0854,titanic,"…ed from that ship by wireless to the shore stations whole harbor in mourning all craft in new york my plage at half mast. new york, april 18. the flags of all shipping in new york harbor arr et half mast in honor of the titanic' dead. this action was taken at the official behest of the maritime tf* change, which posted the following resolution, under a brief headline. ""the greatest marine disaster of mod ern times."" ""the members of the maritim…",,1
sn89081022,"willmar tribune (willmar, minn.) 1895-1931",willmar,kandiyohi,minnesota,weekly,titanic-1912,1912-04-17,8,yes,1912-04-17,1,https://www.loc.gov/resource/sn89081022/1912-04-17/ed-1/?sp=1&q=titanic,https://tile.loc.gov/image-services/iiif/service:ndnp:mnhi:batch_mnhi_ford_ver01:data:sn89081022:00212472773:1912041701:0143,titanic,"…0 of the funds of the institution missing. fearful dis aster at sea great oceaii steamer coumes with iceberg and slaks with 1.3m smds. the whole civilized world was ap palled yesterday at the news that the giant steamer titanic on its maiden voyage to new york had collided with an iceberg and foundered off the banks of newfoundland carrying with it over 1,300 of its crew and passengers, among the latter many prominent people of the nation. the…",,1
sn89081128,"new ulm review (new ulm, brown county, minn.) 1892-1961",new ulm,brown,minnesota,weekly,titanic-1912,1912-04-17,4,yes,1912-04-17,3,https://www.loc.gov/resource/sn89081128/1912-04-17/ed-1/?sp=3&q=titanic,https://tile.loc.gov/image-services/iiif/service:ndnp:mnhi:batch_mnhi_buick_ver01:data:sn89081128:00280766707:1912041701:0556,titanic,"…g alfonso and members of the cab inet were informed and sent messages .of condolence to the nunciature. the papal nuncio was absent when the messages arrived and the mistake was not discovered until he returned. steamer titanic in dire peril lew white star liner collides with iceberg. cape race, n. f., april 15—the steamship titanic called ""c. q. d."" and reported having struck an ice berg. the steamer said that immedi ate assistance was requir…",,1
sn90050267,"the daily guard (batesville, ark.) 1905-1912",batesville,independence,arkansas,daily,titanic-1912,1912-04-17,10,yes,1912-04-17,2,https://www.loc.gov/resource/sn90050267/1912-04-17/ed-1/?sp=2&q=titanic,https://tile.loc.gov/image-services/iiif/service:ndnp:arhi:batch_arhi_jupiter_ver01:data:sn90050267:00513688805:1912041701:0118,titanic,"…8 with 571 lives is small by comparison, yet up to the accident to the white liner on her maiden voyage it topped the rec ord of merchant marine catastrophes. from all information available, it apears that the ill-fated titanic en countered unusual conditions. the ice pack was heavier and extended farther south than ever before. the great ship’s 60,000 tons were hurled with vast force upon an immovable iceberg. stout as she was, and equipped w…",,1
sn90050306,"the nevada county picayune (prescott, ark.) 190?-current",prescott,nevada,arkansas,weekly,titanic-1912,1912-04-19,6,yes,1912-04-19,2,https://www.loc.gov/resource/sn90050306/1912-04-19/ed-1/?sp=2&q=titanic,https://tile.loc.gov/image-services/iiif/service:ndnp:arhi:batch_arhi_jolteon_ver01:data:sn90050306:00414213091:1912041901:0882,titanic,"…pfl|k, have been let loose in the street s\pf se mtle for investigate. hut the effect of those pink rats sn.iailv appearing to late convivial chirr,. jll lng home is likely to cause some” m 4«b tragedies. jb i jig liner titanic sinks with approximately 1.500 souls on board. was on her first voyage only meager messages was sent from doomed otop— v tis»e went to bottom quickly. wi «tern new '.-paper i ai m news service. boston. a wireless messag…",,1
sn90050307,"the prescott daily news (prescott, ark.) 1907-1941",prescott,nevada,arkansas,daily,titanic-1912,1912-04-19,3,yes,1912-04-19,3,https://www.loc.gov/resource/sn90050307/1912-04-19/ed-1/?sp=3&q=titanic,https://tile.loc.gov/image-services/iiif/service:ndnp:arhi:batch_arhi_gyarados_ver01:data:sn90050307:00414212918:1912041901:0938,titanic,"…er the act of ugress, march 3, 1s79. ie death of a giant ttfigreatest ship that man br made goes down into the sea her first trip atnl carries to itruction the greatest number people ever drowned in an ean disaster. the titanic, one sixth of a mile ig,having within her bowels gines that might move a moun in, struck an ieeburg and bei ge plates were smashed in as they were si• mmdithin paper. in the grip of the sea the urersuggeste i by lln'tit…",,1
sn90051006,"the idaho springs siftings-news (idaho springs, colo.) 1905-19??",idaho springs,clear creek,colorado,weekly,titanic-1912,1912-04-20,7,yes,1912-04-20,1,https://www.loc.gov/resource/sn90051006/1912-04-20/ed-1/?sp=1&q=titanic,https://tile.loc.gov/image-services/iiif/service:ndnp:cohi:batch_cohi_baldwin_ver01:data:sn90051006:00414214307:1912042001:0385,titanic,…spital in denver where she was taken several weeks ago to receive j medical treatment she was one j of the oldest colored residents of the city she left two sons and 1 two daughters to mourn their loss a survivor of the titanic is mrs. j. j brown. her son lawrence is a nephew by marriage of mrs. fred collom. her experience in the life boat was one of great suffering as in addition to the severe trials incident to such a calamity and the terrib…,,1
sn90051033,"the ordway new era (ordway, colo.) 1902-1927",ordway,crowley,colorado,weekly,titanic-1912,1912-04-19,10,yes,1912-04-19,2,https://www.loc.gov/resource/sn90051033/1912-04-19/ed-1/?sp=2&q=titanic,https://tile.loc.gov/image-services/iiif/service:ndnp:cohi:batch_cohi_fairplay_ver01:data:sn90051033:00383341127:1912041901:0978,titanic,"…use. the representa tions to orozco accuse him of ‘‘prac tical murder"" of thomas fountain, an american gunner enlisted with the federals, but summnrlly executed re cently when taken prisoner by the in surrectos. steamer titanic, with 2,160 people, sinks in mid-ocean. captain sends wireless virginian hastens to rescue. montreal, canada. —the white star liner, titanic, with 2,1g0 persons on board struck an iceberg and sank 1,284 miles east of sa…",,1
sn90051068,"the monte vista journal (monte vista, rio grande county, colo.) 1888-1921",monte vista,rio grande,colorado,weekly,titanic-1912,1912-04-20,3,yes,1912-04-20,7,https://www.loc.gov/resource/sn90051068/1912-04-20/ed-1/?sp=7&q=titanic,https://tile.loc.gov/image-services/iiif/service:ndnp:cohi:batch_cohi_ironton_ver01:data:sn90051068:00513680855:1912042001:0117,titanic,"…e ment.” you are cordially invited. sunday school at 10:00 a. m. wed nesday meetiog at 7:30 p. m. every week, methodist episcopal church— e. n. epgerton, pastor pastor’s morning topic next sunday, “some lessons from the titanic dis aster.” at the evening service rev, f. h. essert will conduct an evangelistio service. you are urged to attend these services, rirst christian church— dr. joskrn finpley sunday bible school 9:45 a. m. preaching 11 a…",,1
sn90051144,"the arvada enterprise (arvada, colo.) 1908-1970",arvada,jefferson,colorado,weekly,titanic-1912,1912-04-18,4,yes,1912-04-18,2,https://www.loc.gov/resource/sn90051144/1912-04-18/ed-1/?sp=2&q=titanic,https://tile.loc.gov/image-services/iiif/service:ndnp:cohi:batch_cohi_hancock_ver02:data:sn90051144:00513680764:1912041801:0342,titanic,"…. r. cunningham, owner iisa good, live town. you may‘] be asking them to vote for arvada to be the county seat some time. /fhe last reports state that not less than 1,312 people perished‘\ when the gigantic steamer, the titanic, sunk. it is hard to re alize that more people than there is in arvada went to their death in the spaceofa few hours. the rich and the poor went down to gether, but the wonderful thing of the tragedy was the heroism! of…",,1
sn90051167,"the state herald (holyoke, logan county, colo.) 1887-1921",holyoke,phillips,colorado,weekly,titanic-1912,1912-04-19,7,yes,1912-04-19,1,https://www.loc.gov/resource/sn90051167/1912-04-19/ed-1/?sp=1&q=titanic,https://tile.loc.gov/image-services/iiif/service:ndnp:cohi:batch_cohi_leadville_ver01:data:sn90051167:00340586062:1912041901:0949,titanic,"…illinois and prior to the wfkkm victory in pennsylvania. it may bouplightly different now. the rocky mountain news is mista-1 when it says that the artist, fran cis d. millett, who is reported lost in th« sinking of the titanic, was the painter of “the angelus."" this fam ous painting was the work of jean millet who died in 1875 the avgelus was painted in 1859 while the jjrws gives the birth of francis d. ipllet as 1846. he would have been a tt…",,1
sn89066695,"marble hill press (marbel [sic] hill, mo.) 1881-1923",marble hill,bollinger,missouri,weekly,titanic-1912,1912-04-18,4,yes,1912-04-18,4,https://www.loc.gov/resource/sn89066695/1912-04-18/ed-1/?sp=4&q=titanic,https://tile.loc.gov/image-services/iiif/service:ndnp:mohi:batch_mohi_marmaduke_ver02:data:sn89066695:00415661678:1912041801:0539,titanic,"…-ontnbutiou. as but a fir wwk n-inain in which to do mme tlung. we urge our rtwlers lo act immediately. (hi of the most appalling umui disasters of modern times oixumil near thetxiast of new foondhind april 15, when the titanic, one of the largest steamers afloat, strock an iceburg and went down, carrying to watery graves 1.525 of her 2.200 passengers. baby ailments ,f,i r--i-., tc tti( wy l.il.a. tinlroutl. i l'st in iitv nt..niuu .-r wtl. mc…",,1
sn90051265,"rocky ford enterprise (rocky ford, colo.) 1887-1950",rocky ford,otero,colorado,weekly,titanic-1912,1912-04-19,3,yes,1912-04-19,6,https://www.loc.gov/resource/sn90051265/1912-04-19/ed-1/?sp=6&q=titanic,https://tile.loc.gov/image-services/iiif/service:ndnp:cohi:batch_cohi_carr_ver02:data:sn90051265:00340585926:1912041901:0365,titanic,"…ause. the representa tions to orozco accuse him of “prac tlcal murder"" of thomas fountain, an american gunner enlisted with the federals. but summarily executed re cenjly when taken prisoner by the in surrectos. steamer titanic. with 2.160 people. sinks in mid-ocean. captain sends wireless virginian hastens to rescue. montreal, canada. —the white star liner, titanic, with 2,160 persons on board struck an iceberg and sank 1,284 miles east of sa…",,1
sn90051267,"la junta tribune (la junta, bent county, colo.) 1881-1939",la junta,otero,colorado,weekly,titanic-1912,1912-04-27,1,yes,1912-04-27,1,https://www.loc.gov/resource/sn90051267/1912-04-27/ed-1/?sp=1&q=titanic,https://tile.loc.gov/image-services/iiif/service:ndnp:cohi:batch_cohi_keota_ver01:data:sn90051267:00340586190:1912042701:0209,titanic,"…ox for many yeara. lie will bring a number of good players with him from the pacific coast and we <*x j pert hla baseball aggregation to land the pennant of the rocky moutitnlti league for us during the coming s* u son. titanic disaster at las animas. three la* animas qpllors, on weil nesday of last we-k. paid fine* in the police rourt for cresting a ills turbance at the hants pe depot,while en route home a few nights previous loaded down with…",,1
sn90051300,"the elbert county tribune (elbert, elbert county, colo.) 18??-1920",elbert,elbert,colorado,weekly,titanic-1912,1912-04-19,4,yes,1912-04-19,1,https://www.loc.gov/resource/sn90051300/1912-04-19/ed-1/?sp=1&q=titanic,https://tile.loc.gov/image-services/iiif/service:ndnp:cohi:batch_cohi_jasper_ver01:data:sn90051300:00340586141:1912041901:0255,titanic,"…their paper. greatest ocean disaster through the splendid news service which has so long been a promient fea ture of the tribune, we are able to give our readers today the story of the sink ing of the giant ocean liner, titanic, than which no bigger or better vessel was ever built or better equipped with modren devises for the safeguarding of the lives of passengers aud crew. while the story, is the biggest there has been to tell fdr some time…",,1
sn90051333,"the canon city record with which is consolidated the canon city cannon (canon city, colo.) 1911-192?",canon city,fremont,colorado,weekly,titanic-1912,1912-04-18,5,yes,1912-04-18,1,https://www.loc.gov/resource/sn90051333/1912-04-18/ed-1/?sp=1&q=titanic,https://tile.loc.gov/image-services/iiif/service:ndnp:cohi:batch_cohi_carr_ver02:data:sn90051333:0041421437A:1912041801:1107,titanic,the cañon city record with which is -d voi.. xxxv. titanic hit iceberg in inky blackness husbands searched for wives and mothers held children close in the turmoil after the crash. most of those rescued were scantily at tired jand suffered greatly from the intense cold. i first…,,1
sn90051548,"gilpin observer (central city, colo.) 1897-1921",central city,gilpin,colorado,weekly,titanic-1912,1912-04-18,10,yes,1912-04-18,1,https://www.loc.gov/resource/sn90051548/1912-04-18/ed-1/?sp=1&q=titanic,https://tile.loc.gov/image-services/iiif/service:ndnp:cohi:batch_cohi_irwin_ver01:data:sn90051548:00340586256:1912041801:0849,titanic,"…bo litho. 1 greatest ocean disaster. through the splendid news service which has so long been a prominent feature of the observer, we are able to give our readers today the story of the sinking of the giant ocean liner. titanic, than which no bigger or better vessel was ever built or bet ter equipped with modern devices for the safeguarding cx the lives of passergers and crew. while the story is the biggest there has been to tell fcr some time…",,1
sn90051693,"the guernsey gazette (guernsey, platte county, wyo.) 19??-current",torrington,goshen,wyoming,weekly,titanic-1912,1912-04-19,4,yes,1912-04-19,2,https://www.loc.gov/resource/sn90051693/1912-04-19/ed-1/?sp=2&q=titanic,https://tile.loc.gov/image-services/iiif/service:ndnp:wyu:batch_wyu_hydra_ver01:data:sn90051693:00516999007:1912041901:0490,titanic,"…creases army. berlin—more military increases are provided lu the army bill sent to the hehheisg by the government tbe bill provides for 40.000 more men tor tbe army. additional field gwaa and «m additional machine anna. titanic sinks; 1,500 perish biggest ooean liner leet on malden trip-many notables aboard notadlb pabbbmobrb bclikv rd to ■k loot. besysasls l.awaesßelss. esolsel let, tembee hl. b. hmiuc.ssb. b. reed. deaver. <e*a joee* aster.…",,1
sn90052005,"the richmond virginian (richmond, va.) 1910-1920",richmond,,virginia,daily,titanic-1912,1912-04-15,76,yes,1912-04-15,1,https://www.loc.gov/resource/sn90052005/1912-04-15/ed-1/?sp=1&q=titanic,https://tile.loc.gov/image-services/iiif/service:ndnp:vi:batch_vi_oldenburg_ver01:data:sn90052005:00393349694:1912041501:0925,titanic,"•j? f vol. 3—no. 83. richmond, va., monday. april, 15, 1912. 8 pages ini sin out in dio ocean galling for help largest liner afloat in col| lision with iceberg in the atlantic distinguished list passengers aboard titanic narrowly averted an accident in starting on maiden ycyage at southampton new york. april 15. the new whin* star liner titanic nut reported by wlrrlc* curly ihlmhorninf as having stuck an iceberg in midorran. tile first…",,1
sn90052143,"the brunswick news (brunswick, ga.;[brunswick, georgia?]) 1906-2016",brunswick,glynn,georgia,daily,titanic-1912,1912-04-16,39,yes,1912-04-16,1,https://www.loc.gov/resource/sn90052143/1912-04-16/ed-1/?sp=1&q=titanic,https://tile.loc.gov/image-services/iiif/service:ndnp:gu:batch_gu_lassiter_ver01:data:sn90052143:00414182707:1912041601:0169,titanic,"vol., xi, np. 176- the tit antic sinks at sea greatest of snips is lost tv:' huge liner strikes iceberg .m. and meets with disaster. !|j. j.oss of life s placed at 1825—while 675 souls escape to other ships. titanic was the largest steamship v afloat. halifax, n. s., april 15. the white' star liner titanic, the largest steamer in the world, on her maiden trip, suffering severe weather and a collision with an iceberg and bad put for…",,1
sn90053031,"the chicago citizen (chicago, ill.) 1897-1919",chicago,cook,illinois,weekly,titanic-1912,1912-04-27,3,yes,1912-04-27,1,https://www.loc.gov/resource/sn90053031/1912-04-27/ed-1/?sp=1&q=titanic,https://tile.loc.gov/image-services/iiif/service:ndnp:iune:batch_iune_dove_ver03:data:sn90053031:00542864072:1912042701:0028,titanic,"…both bodies, when the bill will bej come law if it secures a bare maj jority. peers are made eligible to seats. any peer cither of the united dedicated to the memory of all those who perished with the ill-fated steamer titanic on monday, april 15, 1912. sorrowing ireland gave her share. vvhen the rights of men are questioned or their liberties assailed, when the soldiers of the armies in defense of freedom failed; when the generals have waver…",,1
sn90059180,"the virginia enterprise (virginia, st. louis county, minn.) 1893-19??",virginia,saint louis,minnesota,weekly,titanic-1912,1912-04-26,3,yes,1912-04-26,1,https://www.loc.gov/resource/sn90059180/1912-04-26/ed-1/?sp=1&q=titanic,https://tile.loc.gov/image-services/iiif/service:ndnp:mnhi:batch_mnhi_mazda_ver01:data:sn90059180:00212472190:1912042601:0192,titanic,"…the opinion being expressed by a large number of the leading tax-payers of the city. the sensation of the meeting was the management of the grand theater has secured nikola lulich, the virginia survivor of the ill-fatad titanic, to tell the story of the great est disaster which has ever occurred upon water and the sinking of the ormonde cafe opened monday. the c*fe at the* ormonde hotel was opened for the first time last mon­ day and at that t…",,1
sn90059182,"the ely miner (ely, minn.) 1895-1986",ely,saint louis,minnesota,weekly,titanic-1912,1912-04-19,4,yes,1912-04-19,6,https://www.loc.gov/resource/sn90059182/1912-04-19/ed-1/?sp=6&q=titanic,https://tile.loc.gov/image-services/iiif/service:ndnp:mnhi:batch_mnhi_hockey_ver01:data:sn90059182:00393341208:1912041901:0129,titanic,"…been asked for by members of the house commit tee on judiciary. domestic more than 1,500 persons, it is feared, sank to death when, within four hours after it crashed into an iceberg, the mammoth white star line steamer titanic, bound from liverpool to new york on its maiden voyage, went to the bottom off the newfoundland banks. of the approximately 2,200 persons on board the giant liner, some of them of world-wide prominence, only 866 are kno…",,1
sn90059228,"warren sheaf (warren, marshall county, minn.) 1880-current",warren,marshall,minnesota,weekly,titanic-1912,1912-04-18,5,yes,1912-04-18,2,https://www.loc.gov/resource/sn90059228/1912-04-18/ed-1/?sp=2&q=titanic,https://tile.loc.gov/image-services/iiif/service:ndnp:mnhi:batch_mnhi_pliny_ver01:data:sn90059228:00280766586:1912041801:0162,titanic,"s%t^r:,*: 1 8* r'v if c?y *-3 u/m eai,mi the steamship titanic, titanic, iis!: i finds watery ghave on the final sinning of the levithian, al though some of the women in the boats may have witnessed the sinking. only by a miracle,- it is pointed out, could any person who slood by t…",,1
sn90059424,"minnesotské noviny (st. paul, minn.) 1904-19??",saint paul,ramsey,minnesota,weekly,titanic-1912,1912-04-18,6,yes,1912-04-18,3,https://www.loc.gov/resource/sn90059424/1912-04-18/ed-1/?sp=3&q=titanic,https://tile.loc.gov/image-services/iiif/service:ndnp:mnhi:batch_mnhi_jabbah_ver01:data:sn90059424:00199919209:1912041801:0962,titanic,"…na výsost povděčna, strašlivé neštěstí uprostřed oceánu. největší loď světa rozbita a na 1,300 cestujících zahynulo. jedním z největších námořních neštěstí, ne-li největším w'bec, bylo utonutí obrovského nového parníku ""titanic,"" náležejícího white star line společnosti, jenž při své prvé plavbě z anglie do soustátí se srazil s nesmírným ledovcem a utrpěl ta kové poškození, že zahynulo 1,200 lidí z celkového počtu asi 2,000 osob na lodi se prá…",,1
sn90059649,"st. paul tidende (st. paul, minn.) 1902-1928",saint paul,ramsey,minnesota,weekly,titanic-1912,1912-04-19,5,yes,1912-04-19,1,https://www.loc.gov/resource/sn90059649/1912-04-19/ed-1/?sp=1&q=titanic,https://tile.loc.gov/image-services/iiif/service:ndnp:mnhi:batch_mnhi_gemma_ver01:data:sn90059649:00271760437:1912041901:0121,titanic,"i y ii'i «r. is. hvide stjerneliniens damper „titanic"" meldte sent søndag nat at have støbt paa et isbjerg. ef terretningen kom til allan-liniens kontor i et traobløft telegram fra kaptejnen paa tamperen „virgi nian"". cape race, n. f., den 15de april. kl. 10.25 igaar aftes…",,1
sn90059959,"the irish standard (minneapolis, minn. ; st. paul, minn.) 1886-1920",minneapolis,hennepin,minnesota,weekly,titanic-1912,1912-04-20,5,yes,1912-04-20,3,https://www.loc.gov/resource/sn90059959/1912-04-20/ed-1/?sp=3&q=titanic,https://tile.loc.gov/image-services/iiif/service:ndnp:mnhi:batch_mnhi_castor_ver01:data:sn90059959:00271760061:1912042001:0110,titanic,"…imes due to treacherous floe in the path of the great white star liner—prominent and wealthy men on board monetary loss on vessel and cargo will reach $20, 000,000. jj new york, april 17.—this is what ps known about the titanic disaster: she came into collision with an ioe berg, smashed in her bows and sank in about four hours. there were three or four steamers within 200 miles of her and they re sponded to her wireless calls for help. so far…",,1
sn90060427,"the twin city star (minneapolis, minn.) 1910-19??",minneapolis,hennepin,minnesota,weekly,titanic-1912,1912-04-20,2,yes,1912-04-20,1,https://www.loc.gov/resource/sn90060427/1912-04-20/ed-1/?sp=1&q=titanic,https://tile.loc.gov/image-services/iiif/service:ndnp:mnhi:batch_mnhi_limbo_ver01:data:sn90060427:00383348225:1912042001:0360,titanic,"’•w v (t k it elective page duluth vol. 2 single copies 5 cents giant liner is sunk hundreds perish when steamer titanic collides with an iceherc. new york, april 17.—the appalling magnitude of tha wreck of the giant liner titanic has been but little miti gated by the fragmentary information whiek has filtered in. the rescuing steamer car…",,1
sn90060762,"the mirror (stillwater, minn.) 1894-1925",stillwater,washington,minnesota,weekly,titanic-1912,1912-04-25,2,yes,1912-04-25,2,https://www.loc.gov/resource/sn90060762/1912-04-25/ed-1/?sp=2&q=titanic,https://tile.loc.gov/image-services/iiif/service:ndnp:mnhi:batch_mnhi_disco_ver01:data:sn90060762:00199919829:1912042501:0269,titanic,"…ground of wreck aud gloom it brightens a picture of noble sacrifice of the stronger for the weaker. when the sea gives up its dead there may rise among the glowing forms of it s heroes those gallant hundreds of the lost titanic who doomed themselves to spare the women and children. “there were 143 women and chil dren iu the first cabin, eighty-seven in the second aud iu the third many more whose number is not yet given. almost the first flash…",,1
sn90060824,"wiarus (winona, minn.) 1895-1919",winona,winona,minnesota,semiweekly,titanic-1912,1912-04-18,3,yes,1912-04-18,1,https://www.loc.gov/resource/sn90060824/1912-04-18/ed-1/?sp=1&q=titanic,https://tile.loc.gov/image-services/iiif/service:ndnp:mnhi:batch_mnhi_furud_ver01:data:sn90060824:00271760322:1912041801:0128,titanic,"…ace uwiado* miono o tem parowiec linii virginian, którego kapitan natychmiast kazał skierować się ku miejscu katastrofy. o północy virginia był o 170 nr. 16. winona, minn., dnia 18-go kwietnia 1912 roku. mil oddalony od titanic i miał nadzieję dostać się na miejsce w poniedziałek o godzinie 10 rano. wkrótce po północy także parowiec olympic porozumiał się te legrafem iskrowym z paro wcem titanic i pośpieszył z pomocą znajdował się pod stopniem…",,1
sn90060976,"the catholic bulletin (st. paul, minn.) 1911-1995",saint paul,ramsey,minnesota,weekly,titanic-1912,1912-04-27,1,yes,1912-04-27,4,https://www.loc.gov/resource/sn90060976/1912-04-27/ed-1/?sp=4&q=titanic,https://tile.loc.gov/image-services/iiif/service:ndnp:mnhi:batch_mnhi_ibo_ver01:data:sn90060976:00383347579:1912042701:0142,titanic,"…n, rev. james a. walsh, rev. thomas f. price, rev. p. j. hayes, justice victor dowling, john f. o'rourke and michael maginnis, all of new york. it is now definitely asserted that among those who met their death when the titanic foundered were two priests, the rev. thomas r. d. byles of london, and a german priest whose name has not been learned. both said mass in the steerage on their last sunday on earth. both died at their post of duty striv…",,1
sn90061052,"the jasper news (jasper, mo.) 1898-1924",jasper,jasper,missouri,weekly,titanic-1912,1912-04-18,4,yes,1912-04-18,1,https://www.loc.gov/resource/sn90061052/1912-04-18/ed-1/?sp=1&q=titanic,https://tile.loc.gov/image-services/iiif/service:ndnp:mohi:batch_mohi_boone_ver01:data:sn90061052:00211100746:1912041801:0366,titanic,"…iverand wtre requested to find the girl with the test of it, for a partner to take to the dining room, where lemon ice and cake were sened. appalling sea disaster. white star liner sinks in mid ocean on maiden trip. the titanic, white star line steamship, largest of the kind in of much experience and it is with regret on the part of the board and the people that she severs her connection with our schools. miss nellie crow and mrs. anna hex, wi…",,1
sn90061308,"the monett times (monett, mo.) 1899-1939",monett,barry,missouri,weekly,titanic-1912,1912-04-19,7,yes,1912-04-19,1,https://www.loc.gov/resource/sn90061308/1912-04-19/ed-1/?sp=1&q=titanic,https://tile.loc.gov/image-services/iiif/service:ndnp:mohi:batch_mohi_dagwood_ver01:data:sn90061308:0029455581A:1912041901:0122,titanic,"time ne1 an advertisement in the times brings results weekly edition vol 13, no 33 monet' m1ssouu1. friday, april 1. 1912 dailv edition vol 4. no 43 mo ottt7 hik 1601 dead; 745 saved, is the titanic's report monster ship crashed into ice berg when running full speed under orders to break all records new,, york, april 18. t h e awful tragedy of the white star liner titanic, which sank off the grand banks of newfound…",,1
sn89067390,"the taney county republican (forsyth, mo.) 1895-1992",forsyth,taney,missouri,weekly,titanic-1912,1912-04-25,2,yes,1912-04-25,1,https://www.loc.gov/resource/sn89067390/1912-04-25/ed-1/?sp=1&q=titanic,https://tile.loc.gov/image-services/iiif/service:ndnp:mohi:batch_mohi_calvin_ver03:data:sn89067390:0029455600A:1912042501:0653,titanic,"…1 the bosom of an ocean amid ice floes that ought to have compelled the slowj est speed and most cautious progress j of a big ship. anxious to make a speed record for their magnificent new steamship, the officers of the titanic drove her rapidly in a sea filled with monster icebergs. running at a speed that would not have been slow for a calm sea on a clear day, the titanic, in the middle of the night, crashed into an iceberg as big as a mount…",,1
sn90051185,"the holly chieftain (holly, colo.) 1897-1987",holly,prowers,colorado,weekly,titanic-1912,1912-04-19,6,yes,1912-04-19,1,https://www.loc.gov/resource/sn90051185/1912-04-19/ed-1/?sp=1&q=titanic,https://tile.loc.gov/image-services/iiif/service:ndnp:cohi:batch_cohi_kokomo_ver01:data:sn90051185:00513681124:1912041901:0925,titanic,"…}&%iﬁu--;‘ b t p b tv bowsicny p thru the splendid news service which has 80 long been a prominent feature of the helly chieftain, we are able to give our readers today the story of the sinking of the giant ocean liner, titanic, than which no bigger or better vessel-was ever built, or better equipped with modern devices for the safeguarding of the lives of passengers and crw. while the story is the biggest there has been to tell for some time…",,1
sn90061309,"monroe city democrat (monroe city, mo.) 1888-1919",monroe city,monroe,missouri,weekly,titanic-1912,1912-04-18,2,yes,1912-04-18,1,https://www.loc.gov/resource/sn90061309/1912-04-18/ed-1/?sp=1&q=titanic,https://tile.loc.gov/image-services/iiif/service:ndnp:mohi:batch_mohi_imogen_ver01:data:sn90061309:00200292236:1912041801:0130,titanic,…eep car hogs; mike madden 1 car cattle; mcclintic 3 cars cattle; hender son sons 4 cars eggs and 1 car poultry; mcfarland bros 1 car wheat; monroe coal grain co 1 car hay. total 14 cars. a sea disaster. sunday night the titanic the largest seagoing passenger steam ship went to pieces in an iceberg field off the coast of new found land. it is thought 1302 persons went down with the ship and that only 868 were saved. these were picked up by the…,,1
sn90061371,"potosi journal (potosi, mo.) 1894-1929",potosi,washington,missouri,weekly,titanic-1912,1912-04-17,4,yes,1912-04-17,1,https://www.loc.gov/resource/sn90061371/1912-04-17/ed-1/?sp=1&q=titanic,https://tile.loc.gov/image-services/iiif/service:ndnp:mohi:batch_mohi_marmaduke_ver02:data:sn90061371:00294557180:1912041701:0624,titanic,"…ected to the state convention is solidly for roosevew, while those to the con gressional convention are divided, with the taft men probably having the best of it. grea t marine disaster. the new, 1,000 foot ocean liner ""titanic. of the white star co.. collided vith an unseen ice berg rk) miles east of hal ifax on her maiden trip from liverpoe i to new york, last sunday night and .sank four hours later. wireless calls brought the steamship carp…",,1
sn90061417,"the holt county sentinel (oregon, mo.) 1883-1980",oregon,holt,missouri,weekly,titanic-1912,1912-04-19,5,yes,1912-04-19,4,https://www.loc.gov/resource/sn90061417/1912-04-19/ed-1/?sp=4&q=titanic,https://tile.loc.gov/image-services/iiif/service:ndnp:mohi:batch_mohi_berenice_ver01:data:sn90061417:00200292753:1912041901:0554,titanic,"…l.tuls iikiii.ii. iiii i-miilliliite fnrll.ii'iill.-i-nf ln-ilil, -.uhjivi in tin-il.--lsliiiiiif i in-1 til l.-ii 1 1 i'rlmury i -lion, to inlii-lil tm-ili.y, auuust il. it.'. i'cberg tinmammoth vlill! mar i.iihsteamer titanic, bound from l.lvttm)'i in new vnu mi lu-r maid i'll vi v went to tinixil loin ult the ni-u rniiiiillai.il banks. of ihiapiiiitxlmati'i.v '.,,,.,(ii i-r-nn-oii li'iinl tinul.iut lltii'i'i some of tin-in of worldwide iioi…",,1
sn90061783,"morgan county republican (versailles, mo.) 1906-1914",versailles,morgan,missouri,weekly,titanic-1912,1912-04-18,5,yes,1912-04-18,2,https://www.loc.gov/resource/sn90061783/1912-04-18/ed-1/?sp=2&q=titanic,https://tile.loc.gov/image-services/iiif/service:ndnp:mohi:batch_mohi_eadweard_ver01:data:sn90061783:00200292169:1912041801:0981,titanic,"…u sing ground. the marrpiisof stafford was mar rieil in london to i.ady nilccn llirler, daughter of the karl of i.ane0borou3h 'hie kaiser is 'o visit kngland in juno as the guest of lord lonsdale. tho white star liner, titanic, the largest vessel afloat, sailed from southampton on her maiden voyage lor new york. two hundred people were drowned by the sinking of an excursion steam er on the nile river, in kgypt. secretary of state philander r.…",,1
sn90062225,"the lancaster gazette (lancaster, n.h.) 1878-1916",lancaster,coos,new hampshire,weekly,titanic-1912,1912-04-24,1,yes,1912-04-24,2,https://www.loc.gov/resource/sn90062225/1912-04-24/ed-1/?sp=2&q=titanic,https://tile.loc.gov/image-services/iiif/service:ndnp:nhd:batch_nhd_avocet_ver01:data:sn90062225:00541314854:1912042401:0134,titanic,"…view. the oldest known artificial leg in the royal college of surgeons dates back about 300 years b. 0 truly the old riman politicians were the originator, of leg pulling. one suffragette declares that the women on the titanic lost the chance of a lifetime to promote the cause bv not placing themselves on an equal footing with the men and demanding that an equal number of them be saved we believe, however that those women who were lost, thoug…",,1
sn90062374,"new hampshire farmer and weekly union (manchester, n.h.) 1901-1918",manchester,hillsborough,new hampshire,weekly,titanic-1912,1912-04-17,11,yes,1912-04-17,1,https://www.loc.gov/resource/sn90062374/1912-04-17/ed-1/?sp=1&q=titanic,https://tile.loc.gov/image-services/iiif/service:ndnp:nhd:batch_nhd_doublehead_ver02:data:sn90062374:00517015532:1912041701:0181,titanic,"…four to six years and prohibiting a sec onéd term; another is likely to be re ________———-—————-—'—-—""—'—‘——'_—"" (continued on page eleven.) manchester. n. h.. wednesday. april 17, 1912. biggest liner in the world, the titanic an koo ok dri oo ey ioots e a sanosa i=at y s sr e e r e s e e e se e e e e i b i e e e e b s e e e e s e e e s p r r e i g ce r eee il e s r e s :'s;';,s_.‘:;}"" _.:._:g-‘v. .»:_:';f_‘:.'_ sr r s _‘: f;:v;;;i:f;':;.'i_f…",,1
sn91052064,"the glenwood post (glenwood springs, colo.) 1897-current",glenwood springs,garfield,colorado,daily,titanic-1912,1912-04-20,4,yes,1912-04-20,1,https://www.loc.gov/resource/sn91052064/1912-04-20/ed-1/?sp=1&q=titanic,https://tile.loc.gov/image-services/iiif/service:ndnp:cohi:batch_cohi_dyersville_ver01:data:sn91052064:00513680491:1912042001:1059,titanic,"j vol. xxi, no, 32. fearful life loss onfated titanic latest accounts fix number lost at nearly sixteen hundred---carpathia brings 750 to shore mrs. brown's plain language the past week the whole world has been shoeked by the news of one of the most terrible disasters whic…",,1
sn91052295,"united labor bulletin (denver, colo.) 19??-1915",denver,denver,colorado,weekly,titanic-1912,1912-04-18,2,yes,1912-04-18,4,https://www.loc.gov/resource/sn91052295/1912-04-18/ed-1/?sp=4&q=titanic,https://tile.loc.gov/image-services/iiif/service:ndnp:cohi:batch_cohi_genoa_ver01:data:sn91052295:0034058563A:1912041801:0564,titanic,"…sion government at lawrence. the commissioners even fired one chief of police because he was not cruel enough to the strikers. for a wonder nobody has yet accused the socialists or unionists of blowing up ...e steamship titanic. delegate committee met at 1414 court place. april 12, 1912, with 21 delegates present. communication from trades assembly read and committee put itself on record by deciding that no printed matter be sent out or author…",,1
sn91052311,"franklin's paper the statesman (denver, colo.) 1906-1912",denver,denver,colorado,weekly,titanic-1912,1912-04-20,2,yes,1912-04-20,1,https://www.loc.gov/resource/sn91052311/1912-04-20/ed-1/?sp=1&q=titanic,https://tile.loc.gov/image-services/iiif/service:ndnp:cohi:batch_cohi_abbeyville_ver01:data:sn91052311:00279550742:1912042001:0671,titanic,"…on sermon topics. sunday. april 21: 9:30 a. in.. ""sabbath school.” 11:00 a. m., “the ethics of arnold's manifesto for the mayoralty.” 5.00 p. m.. christian endeavor. “pei-severance.” gal. 10:1-9. 5:30 p. m “lessons from titanic catastrophe."" music for tomorrow. prelude. ""the royal banners”. adlam solo. “give the flowers to the living” thompson miss rosalee gibbs. anthems: ""praise ye the father”. .gounod “o lord’s how manifold”.. barnby chorus,…",,1
sn91052314,"semi-weekly herald (durango, colo.) 1907-1917",durango,la plata,colorado,semiweekly,titanic-1912,1912-04-18,13,yes,1912-04-18,1,https://www.loc.gov/resource/sn91052314/1912-04-18/ed-1/?sp=1&q=titanic,https://tile.loc.gov/image-services/iiif/service:ndnp:cohi:batch_cohi_eureka_ver01:data:sn91052314:00513680582:1912041801:1157,titanic,"…eline at the red creek bridge were dis cussed but no action taken. alderman owen of the health and police committee reported the annual ————e e ~_’___,___,.—“‘s""o. largest circulation in the city. men on board ill-fated titanic face death likf heroes while those they loved are saved :ch-:urup notices were being servml.i he recommended the individuals who ]hml no visible means of support be employed by the police court agency |to repair the cit…",,1
sn91052444,"the new era (walden, colo.) 1906-19??",walden,jackson,colorado,weekly,titanic-1912,1912-04-25,4,yes,1912-04-25,2,https://www.loc.gov/resource/sn91052444/1912-04-25/ed-1/?sp=2&q=titanic,https://tile.loc.gov/image-services/iiif/service:ndnp:cohi:batch_cohi_lamartine_ver01:data:sn91052444:00383341127:1912042501:0018,titanic,"…e postoffice, general depart meat store, hotels, restaurants and 40 j dwellings. thirty-five other homes! were partially w recked. in addition to the dead aud injured accounted for, fifteen persons are miss ing. hundred titanic victims found. new york.—that 100 bodies of the titanic's victims had been recovered was reported by a \lireet wirelbss mes sage received at the white star line offices from the mackay-rennet, the cable steamship charte…",,1
sn91059394,"morris tribune (morris, minn.) 1880-2000",morris,stevens,minnesota,weekly,titanic-1912,1912-04-19,5,yes,1912-04-19,3,https://www.loc.gov/resource/sn91059394/1912-04-19/ed-1/?sp=3&q=titanic,https://tile.loc.gov/image-services/iiif/service:ndnp:mnhi:batch_mnhi_hula_ver01:data:sn91059394:00383347956:1912041901:0127,titanic,"…he sea. the world is appalled with the greatest disaster in the history of the navigation of the sea. the disaster was the greatest because the palatial steamship which went down was the largest ever built. its size was titanic, and thus it was named titanic. in length it equalled three city blocks and in width nearly four ^business lots. in height it was a skyscraper, and it value it was worth dou­ ble the total assessed valuation of stevens…",,1
sn91059411,"the kanabec county times (mora, mn) 1884-current",,kanabec,minnesota,weekly,titanic-1912,1912-04-19,3,yes,1912-04-19,6,https://www.loc.gov/resource/sn91059411/1912-04-19/ed-1/?sp=6&q=titanic,https://tile.loc.gov/image-services/iiif/service:ndnp:mnhi:batch_mnhi_bottom_ver01:data:sn91059411:00517011587:1912041901:0128,titanic,"…ice low in lecture at yale the other night characterized newspa per reporters as “men of trivial minds without perspective and with out education.” some reporter had probably referred to mr. low a« on* who ""also spoke."" titanic, the titon of the ocean, minn, finds watery grave on first trip. white star liner strikes an iceberg, while going at full speed at 1:25 monday morning and goes down in less than an hour. women and children were saved bu…",,1
sn91064011,"newark evening star and newark advertiser (newark, n.j.) 1909-1916",newark,essex,new jersey,daily,titanic-1912,1912-04-15,90,yes,1912-04-15,1,https://www.loc.gov/resource/sn91064011/1912-04-15/ed-1/?sp=1&q=titanic,https://tile.loc.gov/image-services/iiif/service:ndnp:njr:batch_njr_carmela_ver01:data:sn91064011:00332896192:1912041501:0624,titanic,"titanic, biggest liner, doomed n' ight i might extra n extra complete stocks complete stocks onecent one cext established 1832. newark, n. j., monday, april 15, 1912. ^showers tonight and tuesday. lovelorn, kills self guest of…",,1
sn91064030,"the pleasantville press (pleasantville, n.j.) 1912-1929",pleasantville,atlantic,new jersey,weekly,titanic-1912,1912-04-24,2,yes,1912-04-24,1,https://www.loc.gov/resource/sn91064030/1912-04-24/ed-1/?sp=1&q=titanic,https://tile.loc.gov/image-services/iiif/service:ndnp:njr:batch_njr_gandolfini_ver01:data:sn91064030:0033289674A:1912042401:0136,titanic,"…rge of the boat. there was room for about two or three more persons in the boat and captain smith called for the boat to come back. the officer ordered the boat burned, but as they started back they saw the stern of the titanic rising in the air. and didn’t dare to go near for fear it was going to sink. shortly afterward the boat went down before^jhem, and'they say the shrieks of the steerage passengers were awful and heartrending. captain smi…",,1
sn91066782,"the barre daily times (barre, vt.) 1897-1959",barre,washington,vermont,daily,titanic-1912,1912-04-15,45,yes,1912-04-15,1,https://www.loc.gov/resource/sn91066782/1912-04-15/ed-1/?sp=1&q=titanic,https://tile.loc.gov/image-services/iiif/service:ndnp:vtu:batch_vtu_daikon_ver01:data:sn91066782:00415628717:1912041501:0104,titanic,"the daily rm imes vol. xvi--xo. 26. barre, vermont, monday,' april 15. 1912. price.. oxe cext. titanic's 1470 re rescued; boat creeps in ri other liners rushed to assist; ance of huge white star steamship and took off pas sengers at point 450 miles off newfoundland to-day. 'titanic met iceberg on her maiden trip accommod…",,1
sn91068245,"the caucasian (clinton, n.c.) 188?-1913",raleigh,wake,north carolina,weekly,titanic-1912,1912-04-18,8,yes,1912-04-18,1,https://www.loc.gov/resource/sn91068245/1912-04-18/ed-1/?sp=1&q=titanic,https://tile.loc.gov/image-services/iiif/service:ndnp:ncu:batch_ncu_haw_ver01:data:sn91068245:0029587904A:1912041801:0130,titanic,"…washington, d. c, april 16, 1912. since yesterday morning not only washington but the whole country, and indeed all nations, have been sho ked at the news of the greatest marine disaster in the history of the world. the titanic, the greatest and finest ocean liner ever built, which had just bwn completed, was on its maiden toyage heavily ladened with freight and passengers from england to new york. the news flashed from its wire less instrumen…",,1
sn91068476,"the monroe journal (monroe, n.c.) 189?-1965",monroe,union,north carolina,semiweekly,titanic-1912,1912-04-16,3,yes,1912-04-16,1,https://www.loc.gov/resource/sn91068476/1912-04-16/ed-1/?sp=1&q=titanic,https://tile.loc.gov/image-services/iiif/service:ndnp:ncu:batch_ncu_kings_ver01:data:sn91068476:00415667334:1912041601:1210,titanic,"…er was not complete. wort disaster in sr history. more thaul.500 persons. it is fear ed, sank to death early yesterday morning, when, within four hours after she crashed into an iceberg, tho mammoth white star line ship titanic, bound from liverpool to new york, on her maiden voyage, went to the bottom off the new foundland banks. of the 2.200 on board the giant liner, some of them of world wide prominence, only 675 are known to have been save…",,1
sn91099739,"boletín mercantil de puerto rico (san juan, p.r.) 18??-1918",san juan,,puerto rico,daily,titanic-1912,1912-04-17,11,yes,1912-04-17,4,https://www.loc.gov/resource/sn91099739/1912-04-17/ed-1/?sp=4&q=titanic,https://tile.loc.gov/image-services/iiif/service:ndnp:prru:batch_prru_felipe_ver01:data:sn91099739:00414181624:1912041701:0128,titanic,"…ía 882 pies de eslora, un tone laje bruto de 45,000 toneladas y 11 cubieilas de acero. su construcción cos tó cerca de $lo millones, siendo equipa do con .el mayor esmero y confort cono cidas. hacía su prfmer viaje. el “titanic” pidiendo auxilio nueva york, miércoles. a las señales pidiendo auxilio que ha cía por telégrafo inalámbrico el vapor titanic al chocar con la masa de hielo contestaron cinco buques, saliendo en 'seguida, en su socorro.…",,1
sn91070508,"the pascoag herald (pascoag, r.i.) 1900-1918",pascoag,providence,rhode island,weekly,titanic-1912,1912-04-19,4,yes,1912-04-19,4,https://www.loc.gov/resource/sn91070508/1912-04-19/ed-1/?sp=4&q=titanic,https://tile.loc.gov/image-services/iiif/service:ndnp:rp:batch_rp_hobgoblin_ver02:data:sn91070508:00513689068:1912041901:0546,titanic,"…ntold hardship and suffering at the parting from dear ones who were left behind to meet death without opportunity of being saved or of saving themselves. the tragedy of the seas was caused by the mammoth, new steamship “titanic,” then making her maiden trip from england, encountering a submerged having her underpart literally cut open so that her hull rapidly filled with water and caused the proud craft ‘to sink to the ocean floor some two mil…",,1
sn92051126,"the new haven union (new haven, conn.) 1895-192?",new haven,new haven,connecticut,daily,titanic-1912,1912-04-15,123,yes,1912-04-15,1,https://www.loc.gov/resource/sn92051126/1912-04-15/ed-1/?sp=1&q=titanic,https://tile.loc.gov/image-services/iiif/service:ndnp:ct:batch_ct_jackson_ver01:data:sn92051126:00517174270:1912041501:0283,titanic,"…her with showers and rising temperature tonight and tuesday, followed by clearing and cooler tuesday afternoon or night. v? vol. lxxiv, no. 91. 14 pages. new haven, conn., monday evening, apr xl 15, 1912. price one cent titanic afloat, no lives lost, ships to rescue big white star liner, rammed by iceberg, now heading for halifax in tow of virginian i -passengers transferred i captain and crew stick to ship while rescue goes oh loflier vessels…",,1
sn92051419,"windham county observer (putnam, conn.) 1900-1962",putnam,windham,connecticut,weekly,titanic-1912,1912-04-17,3,yes,1912-04-17,1,https://www.loc.gov/resource/sn92051419/1912-04-17/ed-1/?sp=1&q=titanic,https://tile.loc.gov/image-services/iiif/service:ndnp:ct:batch_ct_duracell_ver01:data:sn92051419:00393343692:1912041701:0724,titanic,"…er home hereafter in willimantic, and the parting gift was given to her, as an indication of the esteem in which she i is held by the members of the club. list of dead more than 1300 only 868 saved from the wreck of the titanic dead include isidore straus, w. t. stead, col. astor and other celebrities as far as is known at the time the observer goes to press the number of lives lost by the sinking of the new white star steamer, titanic, oft ne…",,1
sn92051501,"the press (stafford springs, conn.) 1883-1935",stafford springs,tolland,connecticut,weekly,titanic-1912,1912-04-17,2,yes,1912-04-17,3,https://www.loc.gov/resource/sn92051501/1912-04-17/ed-1/?sp=3&q=titanic,https://tile.loc.gov/image-services/iiif/service:ndnp:ct:batch_ct_animals_ver01:data:sn92051501:00271763748:1912041701:0276,titanic,"…e, and 'about may i st will brine his family from pittsfield mass., to take possession. painters and other tradesmen are. at present at work on the property. herman rawitser tried nnsnccess fully to get a passage on the titanic, the new steamer that went down off the banks tuesday after a collision with an iceberg. the boat was the largest afloat and carried passengers and crew of 2180. of these 868, mostly women and children, are known to be…",,1
sn92053934,"rock island argus (rock island, ill.) 1893-1920",rock island,rock island county,illinois,daily,titanic-1912,1912-04-15,48,yes,1912-04-15,1,https://www.loc.gov/resource/sn92053934/1912-04-15/ed-1/?sp=1&q=titanic,https://tile.loc.gov/image-services/iiif/service:ndnp:iune:batch_iune_journal_ver01:data:sn92053934:00202198351:1912041501:0673,titanic,"t be rock island as'gu associated press exclusive ""wire home edition sixty-first year. no. 135. monday. april 15, 1912. twelve pages. price two cents. r titanic, on maiden trip, is wrecked mmage that all are safe comes after night of anxiety. are 1,400 passengers steamer, largest in the world, strikes iceberg while en route to new york. the wireless at noon showed the pas senge…",,1
sn92061524,"the spanish american (roy, mora co., n.m.) 19??-19??",roy,harding,new mexico,weekly,titanic-1912,1912-04-27,3,yes,1912-04-27,1,https://www.loc.gov/resource/sn92061524/1912-04-27/ed-1/?sp=1&q=titanic,https://tile.loc.gov/image-services/iiif/service:ndnp:nmu:batch_nmu_beaver_ver01:data:sn92061524:00280773451:1912042701:0481,titanic,"…of to enforce the provisions of this act or of the laws of new mexico relative to such lands in the courts of such state and of the united states. refused to aid washington, april 22-with succor only five mile away, the titanic slid into its watery grave carrying with it, more than 1,600 oi its passengers and crew, while an unidentified steamer that might have all failed, or refused to see the frantic signals of those onboard. the tragic disas…",,1
sn92064044,"the olneyville times (olneyville [providence, r.i.]) 1887-1917",providence,providence,rhode island,weekly,titanic-1912,1912-04-19,7,yes,1912-04-19,2,https://www.loc.gov/resource/sn92064044/1912-04-19/ed-1/?sp=2&q=titanic,https://tile.loc.gov/image-services/iiif/service:ndnp:rp:batch_rp_carrioncrawler_ver02:data:sn92064044:00514153085:1912041901:0811,titanic,"…, 011, meal and tannin can be made from them. sy sclence takes a fall out of romance by proving that hair cannot turn white in a single night, but many a brunette has become a bionde in that jength of time. ’giant liner titanic sinks in 5 mid-ocean. i 886 are rescued in boats wireless calls declare liner sank four hours after striking lce berg—many prominent people aboard. new york.—more than 1500 per sons, it is feared, sank to their death wh…",,1
sn92066927,"northern wyoming herald and garland irrigation era (cody, wyo.) 19??-1916",cody,park,wyoming,weekly,titanic-1912,1912-04-19,5,yes,1912-04-19,1,https://www.loc.gov/resource/sn92066927/1912-04-19/ed-1/?sp=1&q=titanic,https://tile.loc.gov/image-services/iiif/service:ndnp:wyu:batch_wyu_afton_ver01:data:sn92066927:00340588058:1912041901:0555,titanic,"…s young wife and then committed suicide; also that mrs. jen kins killed her husband and then kill continued on page 3.) (riibusueo at the county sk4t of i*ark countyi all home print. greatest oceaa disaster 111 history “titanic” largest steamer afloat hits iceberg and sinks --2,200 on board only 876 reported saved--many prominent american people on fatal list more than fifteen hundred persona sank to death early monday when within four hours a…",,1
sn92066979,"the laramie republican (laramie, wyo.) 18??-1923",laramie,albany,wyoming,daily,titanic-1912,1912-04-15,45,yes,1912-04-15,1,https://www.loc.gov/resource/sn92066979/1912-04-15/ed-1/?sp=1&q=titanic,https://tile.loc.gov/image-services/iiif/service:ndnp:wyu:batch_wyu_bradbury_ver01:data:sn92066979:00513687564:1912041501:0739,titanic,"…lj dent taft today sent to congress a spe clal message urging the immediate api proprlation of amounts aggregating i nearly $788,000 for use in controlling the floods of the mississippi river and to aid flood sufferers. titanicis disabled huge steamer strikes ice berg off coast of new foundland and pas sengers taken off vessel communicates disaster to an other ship and this and steamer olympic hastened to scene—ves sel on malden trip and noted…",,1
sn92066981,"the laramie republican (laramie, wyo.) 1908-1923",laramie,albany,wyoming,semiweekly,titanic-1912,1912-04-17,16,yes,1912-04-17,1,https://www.loc.gov/resource/sn92066981/1912-04-17/ed-1/?sp=1&q=titanic,https://tile.loc.gov/image-services/iiif/service:ndnp:wyu:batch_wyu_foster_ver01:data:sn92066981:00517010200:1912041701:0169,titanic,"…re sumed to have been lost in sinking of steamei —latest from every point where information could be obtained. new york, april lo.—wireless dis patches up to noon today showed that the passengers of the white star liner titanic, which struck an iceberg oft the new foundland coast last night, were being transferred aboard the steamer carpathia; a cunarder. the accident occurred at 10:25 last night, about 400 miles south of cape race, n. f., and…",,1
sn92053737,"east st. louis daily journal (east st. louis, ill.) 1890-1914",east saint louis,saint clair,illinois,daily,titanic-1912,1912-04-15,33,yes,1912-04-15,1,https://www.loc.gov/resource/sn92053737/1912-04-15/ed-1/?sp=1&q=titanic,https://tile.loc.gov/image-services/iiif/service:ndnp:iune:batch_iune_flicker_ver01:data:sn92053737:00542864370:1912041501:0477,titanic,"…have received his heaviest vote from the reform element represented iy the keystone party which succeed ed in electing a reform mayor in phil adelphia last year. liner hits ice floe and women are taken off in life boats titanic rams iceberg and wireless reports giant steamer w sink ing—1,300 in peril, cape race. newfoundland, apr. 15. —the white star liner titanic ran into an iceberg last utght. j at 10:25 last night the titanic i i called q.…",,1
sn92067029,"the lusk herald (lusk, wyo.) 1907-1917",lusk,niobrara,wyoming,weekly,titanic-1912,1912-04-18,3,yes,1912-04-18,1,https://www.loc.gov/resource/sn92067029/1912-04-18/ed-1/?sp=1&q=titanic,https://tile.loc.gov/image-services/iiif/service:ndnp:wyu:batch_wyu_chimera_ver01:data:sn92067029:00516998568:1912041801:0709,titanic,"…k in atlantic. d'stmguiahcd passenger list. cape race. n. f., april 16— the steamer olymi lc reports that the car pathla reached the thank's position at dnybrink. tut lound boats and wreckage only. b it reports that the titanic fonn lered fit about 2 o latitude 41:1< north and longitude r.j. 11 west. the message adds that*nil the tb j tank a ran were ncrounted lor. nnd j about 675 souls saved. rew and pas s< neers, latter nearly ail women and…",,1
sn92066906,"the wheatland world (wheatland, laramie county, wyo.) 1894-1921",wheatland,platte,wyoming,weekly,titanic-1912,1912-04-19,5,yes,1912-04-19,8,https://www.loc.gov/resource/sn92066906/1912-04-19/ed-1/?sp=8&q=titanic,https://tile.loc.gov/image-services/iiif/service:ndnp:wyu:batch_wyu_aarakocra_ver01:data:sn92066906:00542862208:1912041901:0878,titanic,"giant ocean liner, titanic, sinks; 1,500 to 1,800 persons drown greatest marine disaster of all history about 700 rescued, mostly women and children passenger list included many wealthy and notable people—vessel was making first transatlantic tri…",,1
sn92067096,"the buffalo voice (buffalo, johnson county [wyo.]) 1897-1925",buffalo,johnson,wyoming,weekly,titanic-1912,1912-04-19,1,yes,1912-04-19,1,https://www.loc.gov/resource/sn92067096/1912-04-19/ed-1/?sp=1&q=titanic,https://tile.loc.gov/image-services/iiif/service:ndnp:wyu:batch_wyu_irving_ver01:data:sn92067096:00517179930:1912041901:0313,titanic,"…eam baking powder i a pure,cream of tartar i sst--,- powder f^ an (jr^pes h xiunty, wyoming, friday, april 19, 1912. ocean disaster 1 fifteen hundred soule lost—among 1 1 them many prominent and wealthy americans. i the titanic, the greatest steamship 'in the world, collided with an iceburg off newfoundland banks, at 2:30 c monday morning, and sank three t hours later, carrying with her over 1.500 men, women and children. s [only 075 out of a…",,1
sn92067125,"bill barlow's budget (douglas, converse county, wyo.) 1886-1914",douglas,converse,wyoming,weekly,titanic-1912,1912-04-24,1,yes,1912-04-24,1,https://www.loc.gov/resource/sn92067125/1912-04-24/ed-1/?sp=1&q=titanic,https://tile.loc.gov/image-services/iiif/service:ndnp:wyu:batch_wyu_heinlein_ver01:data:sn92067125:00517179814:1912042401:0622,titanic,"…ortion of the state on june 7th and btb, i am, very truly yours, hayden m. white, vice-president. awful ship wreck no event since the war with spain has stirred the nations of the world aa did the wreck of the steamship titanic a week ago last banday when that ship struck an iceberg, sinking with 1635 people aboard. among the missing are col. john jacob aster, maj. archibald batt, isidor straus, benjamin gaggen heim, jacques fntrelle, the auth…",,1
sn92067236,"rawlins republican (rawlins, wyo.) 1901-1935",rawlins,carbon,wyoming,weekly,titanic-1912,1912-04-18,2,yes,1912-04-18,1,https://www.loc.gov/resource/sn92067236/1912-04-18/ed-1/?sp=1&q=titanic,https://tile.loc.gov/image-services/iiif/service:ndnp:wyu:batch_wyu_jackson_ver01:data:sn92067236:00514150588:1912041801:0611,titanic,"…hort lime we will la-able to make i a statement regarding the condition of the larsen oil co., and their in trillions, for the coining summer. 1 worst disaster in marine history i sunday evening last i he'gigantic liner titanic struck an iceburg and sank in less than four hours. the disaster was i lie w orst in marim history and i lie loss of life was something frightful. these pinnacles of fact concert ing the world's .greatest steamship disa…",,1
sn92070146,"imperial valley press (el centro, calif.) 1907-current",el centro,imperial,california,daily,titanic-1912,1912-04-15,26,yes,1912-04-15,1,https://www.loc.gov/resource/sn92070146/1912-04-15/ed-1/?sp=1&q=titanic,https://tile.loc.gov/image-services/iiif/service:ndnp:curiv:batch_curiv_mesquite_ver02:data:sn92070146:00414189404:1912041501:0767,titanic,"…ned forces of generals campa and salazar at par ral and 400 rebels were killed. it is icoxtinpei) on pape til rice| watch this space for saturday's special green's 621 west main street spokesman of the reclaimed desert “titanic” liner suffers when it hits an iceberg [by united press associations! new york, april 15.—with her 1300 passengers speeding to halifax on other liners, to which they had heen transferred, the liner titanic, the largest…",,1
sn92070566,"the alamogordo news (alamogordo, n.m.) 1899-1912",alamogordo,otero,new mexico,weekly,titanic-1912,1912-04-18,1,yes,1912-04-18,1,https://www.loc.gov/resource/sn92070566/1912-04-18/ed-1/?sp=1&q=titanic,https://tile.loc.gov/image-services/iiif/service:ndnp:nmu:batch_nmu_ferret_ver01:data:sn92070566:00296024892:1912041801:1039,titanic,"…arly. leaveon the trees and the gre.ngi.i-- growing round and round. i.""""kmighty good, eh? evenrbodf is arranging to at-1 tend the bi dance to he ven saturday evening by the beav- ,.r,. greatest steamer afloat mx-c uulo titanic strikes iceberg; thirteen hundred lives are lost une of the greatest di-t-erin bittnry occurred early monday morning. when the steamer ti inn íc, the largest vessel afloat, struck an icei.erg oti the -wfoir. -iland bank…",,1
sn92070417,"las vegas optic (east las vegas, n.m.) 1908-1921",las vegas,san miguel,new mexico,daily,titanic-1912,1912-04-15,36,yes,1912-04-15,1,https://www.loc.gov/resource/sn92070417/1912-04-15/ed-1/?sp=1&q=titanic,https://tile.loc.gov/image-services/iiif/service:ndnp:nmu:batch_nmu_bronte_ver01:data:sn92070417:00415626411:1912041501:0280,titanic,"…i j i r l ociated pre88 lea8ed wire telegraph vi vol. xxxiii. no. 137. las vegas daily optic, monday, april 15, 1912. city edition. giant steamship collides with ice berg two thou8and passengers placed in jeopardy when titanic is wrecked all are speedily rescued sister vessel, catching wire less distress calls, ru8h to give aid the craft is a total loss report late thi8 afternoon says ship is sinking off new foundland coast f new yfork, april…",,1
sn92070581,"albuquerque evening herald (albuquerque, n.m.) 1911-1914",albuquerque,bernalillo,new mexico,daily,titanic-1912,1912-04-15,34,yes,1912-04-15,1,https://www.loc.gov/resource/sn92070581/1912-04-15/ed-1/?sp=1&q=titanic,https://tile.loc.gov/image-services/iiif/service:ndnp:nmu:batch_nmu_elkweed_ver01:data:sn92070581:00280773852:1912041501:0714,titanic,"…bandoned, f kvnntttb llcrnltt a. 1. t.ril wire) now york, april 15. vlcopresident franklin of tho white 4. star una sold at 4 o'clock that 'hud doflnlto information that til the passengers had been transferred froro tho titanic. ho had received nothing, howvor. indicating tho oxtent of tho o ibhiftgo to tho liner. vetsel gull afloat. montreal. anrll 1b.--md tiger l...t i ""ntf.i nil ii .nw"""" sot flco. hore denied ft report crocj ited to nih oui…",,1
sn92073908,"the commonwealth (scotland neck, n.c.) 1896-1929",scotland neck,halifax,north carolina,weekly,titanic-1912,1912-04-18,2,yes,1912-04-18,2,https://www.loc.gov/resource/sn92073908/1912-04-18/ed-1/?sp=2&q=titanic,https://tile.loc.gov/image-services/iiif/service:ndnp:ncu:batch_ncu_mitchell_ver01:data:sn92073908:00416156517:1912041801:0288,titanic,"…nton. it appears that the men back of this movement mean business and we may get the road. let us not lose courage but talk and work for the road. a fearful dstes. the bate has been fixed for wedaes-jthe re? ocean liner titanic sicks day, april 24i. gr;.j &m lives err. los?. s as w?.t announced last week the new york, april lb lne tenmui?o?toke iiaclr.f association will lion collar vvniie ouu i;- xiw. poll tax. every voter in north carolina, s…",,1
sn93050618,"the union label bulletin (little rock, ark.) 1901-191?",little rock,pulaski,arkansas,weekly,titanic-1912,1912-04-27,1,yes,1912-04-27,1,https://www.loc.gov/resource/sn93050618/1912-04-27/ed-1/?sp=1&q=titanic,https://tile.loc.gov/image-services/iiif/service:ndnp:arhi:batch_arhi_dioptase_ver02:data:sn93050618:00516990314:1912042701:0179,titanic,"…se of wages from $3.50 to $4.00 a dav, the latter price being already paid the decorators. conferences are being held this week with the master painters’ associa tion. congress is making a thorough in vestigation of the titanic steamship disaster, in which over 1000 lives were lost. five railroad crafts have formed a federation of federations, represent ing over 300,000 members. this or ganization has served notice on pres ident taft of their…",,1
sn93055723,"canton weekly register (canton, ill.) 1891-1915",canton,fulton,illinois,weekly,titanic-1912,1912-04-18,12,yes,1912-04-18,1,https://www.loc.gov/resource/sn93055723/1912-04-18/ed-1/?sp=1&q=titanic,https://tile.loc.gov/image-services/iiif/service:ndnp:iune:batch_iune_chickadee_ver01:data:sn93055723:00542863948:1912041801:0052,titanic,"…les i). hall of canton. the latter has been in chicago since the middle of last week. mrs. hall was well known in can ton and had many friends h«*re, who learn with sorrow of her death. great majority of all on board of titanic have perished. disaster far worse than was reported most appalling catastrophe in all marine history; fifteen hundred under waves. (united press special.) montreal, april 16.—the last faint hope that more of the passeng…",,1
sn93055779,"the cairo bulletin (cairo, ill.) 1???-1928",cairo,alexander county,illinois,daily,titanic-1912,1912-04-15,41,yes,1912-04-15,1,https://www.loc.gov/resource/sn93055779/1912-04-15/ed-1/?sp=1&q=titanic,https://tile.loc.gov/image-services/iiif/service:ndnp:iune:batch_iune_kerning_ver01:data:sn93055779:00295872664:1912041501:0755,titanic,"…president the allen line steamer virginian, of the -chamber, and aceptcd the whi(sii.' immediately started for thottpremiership on the fall of the ferry ""-fahio. cabinet in i k8g but after a few j a ohd message from the titanic monibs gave place to m. tuyecet. carried the information that the ship in the election of 188!) he was the; was sinking and could hold out only only republican candidate elected in a few hours, unless aid arrived. paris…",,1
sn93060116,"hermanner volksblatt (hermann, mo.) 1875-1928",hermann,gasconade,missouri,weekly,titanic-1912,1912-04-19,2,yes,1912-04-19,5,https://www.loc.gov/resource/sn93060116/1912-04-19/ed-1/?sp=5&q=titanic,https://tile.loc.gov/image-services/iiif/service:ndnp:mohi:batch_mohi_archie_ver01:data:sn93060116:00280779829:1912041901:0127,titanic,"…nes unterncnmeii? a neben lmt. uid wlvcke d daber .hiermit für dieses srcuirdschafrliche entgegenkommen allerseits meinen besten dank aus. höchst achtungsvoll, .1. m. danier. eigenthikner der home brewery. nicsendampfcr titanic gesunken. furchtbzrftcs unglück auf dem kme, soweit ufere geschichte reicht. der nicsciidanipfer titanic, von der white star linie, das größte schiff der welt, kollidirte am lehckeil sonntag abend, um ungefährhalb elf u…",,1
sn93060356,"auttaja (ironwood, mich.) 1906-19??",saint louis,gogebic,missouri,monthly,titanic-1912,1912-04-25,2,yes,1912-04-25,1,https://www.loc.gov/resource/sn93060356/1912-04-25/ed-1/?sp=1&q=titanic,https://tile.loc.gov/image-services/iiif/service:ndnp:mimtptc:batch_mimtptc_dimondale_ver01:data:sn93060356:00279551394:1912042501:0899,titanic,"*no 17 altis» udtisis. titanicin haaksirikko. terveellisen, »vaikka liian katkeran muistutuksen sai maailman rahan himon aiheuttama tumaton kilpailu kaikilla aloilla ja joka suhteessa. mi» käli tähänastisesta tutkimuksesta on käynyt seltville, aiheut…",,1
sn93061371,"the kenna record (kenna, roosevelt county, n.m.) 190?-1924",kenna,roosevelt,new mexico,weekly,titanic-1912,1912-04-19,6,yes,1912-04-19,7,https://www.loc.gov/resource/sn93061371/1912-04-19/ed-1/?sp=7&q=titanic,https://tile.loc.gov/image-services/iiif/service:ndnp:nmu:batch_nmu_cinquefoil_ver04:data:sn93061371:0028077358A:1912041901:0501,titanic,"…en who perish company tlnks 675 out of 2,200 may be rescued meager news comes by wireless capt. smith in charge. bulletin. new york, april 15 the text of the message from the steamer olympic reporting the sinking of the titanic and the rescue of 675 surviv ors which reached here late tonight, also expressed the opinion that 1,800 lives were lost. ""loss likely to total 1,800 souls,"" the dispatch said in its concluding sen tence. new york city,…",,1
sn93061711,"the tucumcari news and tucumcari times (tucumcari, n.m.) 1907-1921",tucumcari,quay,new mexico,weekly,titanic-1912,1912-04-19,2,yes,1912-04-19,1,https://www.loc.gov/resource/sn93061711/1912-04-19/ed-1/?sp=1&q=titanic,https://tile.loc.gov/image-services/iiif/service:ndnp:nmu:batch_nmu_dogbane_ver01:data:sn93061711:00280773736:1912041901:0537,titanic,"…en may ho saved few ovor 800 persons are saved out of the 2200 on board new voik. n. v.. april 17. -""all wo men -aved. on the carpathia."" this witeless dispatch was received today from mm. catoline uoanell. one of l lie titanic 's rescued passengers now bound for new york on the carpathia. the message came to ii. w. houiiell ot youiigstuh 11, her biothet. stopping at the waldorf-astoria, fiom mrs. cou ncil's uiii-le, on the olympic. in faintes…",,1
sn93063557,"middlebury register (middlebury, vt.) 1886-1937",middlebury,addison,vermont,weekly,titanic-1912,1912-04-19,10,yes,1912-04-19,2,https://www.loc.gov/resource/sn93063557/1912-04-19/ed-1/?sp=2&q=titanic,https://tile.loc.gov/image-services/iiif/service:ndnp:vtu:batch_vtu_jamaica_ver01:data:sn93063557:00200296035:1912041901:1053,titanic,"…box contains enough medicino for flfteen days' treatment. for chronic cnsen we have two largerbizes, 50 cents and $1,00. remembar, you can obtain rexall remedies only at our storo. the rexall store. sheldon's drugstore. titanic rams iceberg. glant steamshlp sinks with 1320 persons aboard. statement of disasteit. first-cabin passengers, 325. second-cabin passengers, 285. third-cabin passengers, 710. total number of passengers, 1,320. members of…",,1
sn93067671,"the pickens sentinel (pickens, s.c.) 1911-2016",pickens,pickens,south carolina,weekly,titanic-1912,1912-04-18,2,yes,1912-04-18,3,https://www.loc.gov/resource/sn93067671/1912-04-18/ed-1/?sp=3&q=titanic,https://tile.loc.gov/image-services/iiif/service:ndnp:scu:batch_scu_ettabaker_ver02:data:sn93067671:0023728818A:1912041801:0131,titanic,"…ddress by dr. e. m. poteat, greenville, s. 7:30 p. mn. recitation and debating contest. the trustees are all requested and expected to meet at the school building monday at 10 o'clock. horror of horrors. the ocean liner titanic collid ed with and iceberg last sunday night about 10 o'clock off the coast of newfoundland, in three hours after she sank two miles below the surface of the sea and 1,2:32 passengers went down2 with her. there were 2,…",,1
sn93067760,"the laurens advertiser (laurens, s.c.) 1885-1973",laurens,laurens,south carolina,semiweekly,titanic-1912,1912-04-17,5,yes,1912-04-17,1,https://www.loc.gov/resource/sn93067760/1912-04-17/ed-1/?sp=1&q=titanic,https://tile.loc.gov/image-services/iiif/service:ndnp:scu:batch_scu_kikideville_ver02:data:sn93067760:00211109968:1912041701:0235,titanic,"…the (?rent steamer plowing the ocean on her maiden voyage struck great iceberg und in spite of modern ap pliances for keeping ahont she sank after n few hours of ter rible suspense. estimated nearly 1,500 souls lost the titanic lurgest ship in the world. built in 1010. length, 8821ft feet. ream, 92 feet. depth ?4 feet. gross tonnage, 10,000 lens. displacement, 0(1,000 tons. capacity, 8,200 people. passengers aboard, 1,5100; crew 800. well know…",,1
sn93067846,"the watchman and southron (sumter, s.c.) 1881-1930",sumter,sumter,south carolina,semiweekly,titanic-1912,1912-04-17,16,yes,1912-04-17,5,https://www.loc.gov/resource/sn93067846/1912-04-17/ed-1/?sp=5&q=titanic,https://tile.loc.gov/image-services/iiif/service:ndnp:scu:batch_scu_felicitylane_ver01:data:sn93067846:00294551050:1912041701:0551,titanic,"…bottom on maiden trip. pour hours after collision with loeberg?onl) bft of 2.200 aboard accounted por?l .t t tie iiop<- of more nurvlvora, new york. april 16.?-the olym? i'!' 's dispatch folloa t ""carpathls reached the titanic po? sition at daybreak. pound boats ami wreckage* only. titanic .-auk about 1.10 a. m. in 41.18, north; 50.14, west, aii her boats accounted for contained about t?75 .souls saved, crew and passengers included. nearly al…",,1
sn93067853,"the union times (union, s.c.) 1894-1918",union,union,south carolina,weekly,titanic-1912,1912-04-19,5,yes,1912-04-19,1,https://www.loc.gov/resource/sn93067853/1912-04-19/ed-1/?sp=1&q=titanic,https://tile.loc.gov/image-services/iiif/service:ndnp:scu:batch_scu_flopeye_ver01:data:sn93067853:00295861393:1912041901:0113,titanic,"…of the pastor, rev. j. f. matheeon. jno. o. capers, of washington an< greenville, declares that he will he i i candidate for congress from th fourth district against jos. t. john son. fifteen htxndr< went to wa 1 with 2 titanic's death roll hea' one ship has survivor* lionaires, peasants and must have gone to grave of gloryt keynote 01 the titanic i largest ship in the world. built in 1910. length, 882.6 feet. tyeam, 92 feet <1 depth, 94 feet…",,1
sn93061777,"the clovis news (clovis, n.m.) 1907-1929",clovis,curry,new mexico,weekly,titanic-1912,1912-04-25,1,yes,1912-04-25,5,https://www.loc.gov/resource/sn93061777/1912-04-25/ed-1/?sp=5&q=titanic,https://tile.loc.gov/image-services/iiif/service:ndnp:nmu:batch_nmu_barberry_ver04:data:sn93061777:00280774479:1912042501:0134,titanic,"…of the bad night. mrs. foster and sons have rented the geo. yates place. the ocean's voice there is a cry of many waters from the dark and briny sea, 'tis the call for greater valor to all humanity. i can see the great titanic with her load of human freight i can see the foaming breakers that follow in her wake. i can hear the children saying, ""now i lay me down to sleep"" and the mother rocks the cradle on the bosom of the deep. i can see the…",,1
sn94050056,"the ketchikan miner (ketchikan, alaska) 1907-1915",ketchikan,,alaska,weekly,titanic-1912,1912-04-19,5,yes,1912-04-19,1,https://www.loc.gov/resource/sn94050056/1912-04-19/ed-1/?sp=1&q=titanic,https://tile.loc.gov/image-services/iiif/service:ndnp:ak:batch_ak_halibut_ver01:data:sn94050056:00414185204:1912041901:0613,titanic,"the ketchikan1 miner -fi yol. vi. ketchikan, alaska friday, a.pril 19, 1912 no. 17 of wreck to search for root of father new york, april 19—wil liam astor, son of john jacob astor, one of the victims of the titanic wreck, has chartered a steamer and left for the place in an attempt to find the body of his faher. no alimony he goes to jail north yakima april 19—lew is irwin, a wealthy mining man of fairbanks. alaska, was ar rested…",,1
sn94050093,"the wrangell sentinel (wrangell, alaska) 1909-current",wrangell,,alaska,weekly,titanic-1912,1912-04-18,1,yes,1912-04-18,1,https://www.loc.gov/resource/sn94050093/1912-04-18/ed-1/?sp=1&q=titanic,https://tile.loc.gov/image-services/iiif/service:ndnp:ak:batch_ak_arcticfox_ver02:data:sn94050093:00393342444:1912041801:0608,titanic,"i titanic strikes iceberg sinks 2200 aboard largest liner biiitliprominer.} people lost 6<m) saved. the greatest marine accident in history was recorded last sunday night when the titanic, the largest! ship ever built, with passe…",,1
sn94050892,"the copper era and morenci leader (clifton, ariz.) 1911-1929",clifton,greenlee,arizona,weekly,titanic-1912,1912-04-19,5,yes,1912-04-19,1,https://www.loc.gov/resource/sn94050892/1912-04-19/ed-1/?sp=1&q=titanic,https://tile.loc.gov/image-services/iiif/service:ndnp:az:batch_az_cholla_ver01:data:sn94050892:00202196317:1912041901:0156,titanic,"…g with iher all but these of her human cargo of 2,340 souls. new york, april 18. the cunard liner carpathia, a ship of gloom and succor, came into new york tonight with first news direct from the great white star liner 'titanic, which sank, off the grand banks of -newfoundland early monday morning last. -the great liner went down with her band playing, taking with her to death all but 745 of her human cargo of 2340 souls. to this awful death l…",,1
sn94056415,"the mccook tribune (mccook, neb.) 1886-1936",mccook,red willow,nebraska,triweekly,titanic-1912,1912-04-22,1,yes,1912-04-22,2,https://www.loc.gov/resource/sn94056415/1912-04-22/ed-1/?sp=2&q=titanic,https://tile.loc.gov/image-services/iiif/service:ndnp:nbu:batch_nbu_indianola_ver01:data:sn94056415:00206536743:1912042201:0716,titanic,…official vote cm bo made public it is not exp cted to change the re sult indented elsewhere in this issue however the almighty lias always en dowed gocd women withspecial ly refined and lofty of the beroic the lotof thi titanic brings to hiotee another jxprc sion mir isad di straus prefer red daith with lilie husband of her choic1 and yrarj to life with out him and refusing to be s p arated went doiwn to death with liim mpthiiniks the recordin…,,1
sn94056852,"el independiente (las vegas, nuevo méxico) 1894-19??",las vegas,san miguel,new mexico,weekly,titanic-1912,1912-04-25,1,yes,1912-04-25,1,https://www.loc.gov/resource/sn94056852/1912-04-25/ed-1/?sp=1&q=titanic,https://tile.loc.gov/image-services/iiif/service:ndnp:nmu:batch_nmu_diamondback_ver02:data:sn94056852:00296025197:1912042501:1615,titanic,"…o, hacen más que eludir el criti cismo v liorror, sirven para niar todos los seni icios. no so puede intligir más cruel, agonía sobre las multitudes cuyos corazones están quebrándose por saber la verdad del desastre del titanic que el conspirar para tenerlos en ignorancia de lo peor que es bien sabido por aquellos que están rosposabies por información au téntica; porque, holo sabiendo lo peor puede separarse lo mejor (pie la providencia divina…",,1
sn94057017,"estancia news-herald (estancia, torrance county, n.m.) 1912-19??",estancia,torrance,new mexico,weekly,titanic-1912,1912-04-19,2,yes,1912-04-19,1,https://www.loc.gov/resource/sn94057017/1912-04-19/ed-1/?sp=1&q=titanic,https://tile.loc.gov/image-services/iiif/service:ndnp:nmu:batch_nmu_hare_ver01:data:sn94057017:00296025586:1912041901:0990,titanic,"…laa paloma3 hot springs where mr. block will take the baths in en attempt to rid himself of an attack of rheumatism estancia, torrance county, new mexico, friday, probably 139 lis lost news today from the lost steamship titanic is to the ef feet that the list of known survivors total 8g8. this leaves about 1350 unaccount ed for, with the chances that any of this number aro saved very slim indeed. it appetrs that (he veel did not carry enough !…",,1
sn95047179,"the enterprise-recorder (madison, fla.) 1908-1933",madison,madison,florida,weekly,titanic-1912,1912-04-19,1,yes,1912-04-19,1,https://www.loc.gov/resource/sn95047179/1912-04-19/ed-1/?sp=1&q=titanic,https://tile.loc.gov/image-services/iiif/service:ndnp:fu:batch_fu_conversion_ver01:data:sn95047179:00000000001:1912041901:1117,titanic,"…son, dr. long,. noegel, drew. altogether, this mock court trial promises to be one of the events of the season, both in the interest attaching to it and in the crowd that will attend. yours very truly, j. will yox, sec. titanic sank when near its destination the greatest marine disaster in the world occurred monday morning when the magnif.cent if elected. i shall undertake to; lrom yverpool'to new yoik. nerform my part of a great work nt down…",,1
sn95047222,"the lakeland evening telegram (lakeland, fla.) 1911-1922",lakeland,polk,florida,daily,titanic-1912,1912-04-15,21,yes,1912-04-15,1,https://www.loc.gov/resource/sn95047222/1912-04-15/ed-1/?sp=1&q=titanic,https://tile.loc.gov/image-services/iiif/service:ndnp:fu:batch_fu_everglades_ver01:data:sn95047222:00415663304:1912041501:1176,titanic,"…ses of study, is maintained by a french school of pharmacy. the world's largest steam turbine, a n3,7f.o-horsepower giant, will be built at pittsburg for a new york street railway powerhouse. maiutn vuyaut not fortunate titanic, the world's biggest steamship, strikes iceberg on first trip. (by associated press.) wireless dispatches received up to noon showed that passengers on the white star liner titanic, which struck an iceberg off the newfo…",,1
sn95047263,"the chipley banner (chipley, washington county, fla.) 1893-1943",chipley,washington,florida,weekly,titanic-1912,1912-04-18,2,yes,1912-04-18,8,https://www.loc.gov/resource/sn95047263/1912-04-18/ed-1/?sp=8&q=titanic,https://tile.loc.gov/image-services/iiif/service:ndnp:fu:batch_fu_nine_ver01:data:sn95047263:00175043743:1912041801:0904,titanic,…flood floodin flooci in in history historygreatest historygreat historygreatfstmarinedisaster i greatest greatfstmarinedisaster great st marine f rin disaster la inhlstorv inhlstorvthe history historythe historythe the titanic titanicobbe of the white star starline startine stailine line and one of f the worlds lar largest largesttransauhnt largest gest gesttransauhnt trans atlantic floating pal palaces palaces p l laces aces struck struck5n…,,1
sn95047299,"the palatka news and advertiser (palatka, fla.) 1908-19??",palatka,putnam,florida,weekly,titanic-1912,1912-04-19,6,yes,1912-04-19,1,https://www.loc.gov/resource/sn95047299/1912-04-19/ed-1/?sp=1&q=titanic,https://tile.loc.gov/image-services/iiif/service:ndnp:fu:batch_fu_emerson_ver01:data:sn95047299:00295865519:1912041901:0712,titanic,"…rimary campaigns amicably. sincerely yours, robt. w. davis. grea i steamship adrn ptnitiun mi mrnrnr hi li i ainminu hi. iululmu when steamers that answered ""s. o, s."" call reached the place where accident occurred, the titanic had sunk, and o nly bits of the t wreckage we re to be seen. the women and children a wireless message from the steam the pasengers who the titanic. new york. more than one thou sand ave hundred persons, it ia fear ed,…",,1
sn95060001,"the chitina leader (chitina, alaska) 1910-1928",chitina,,alaska,weekly,titanic-1912,1912-04-20,6,yes,1912-04-20,2,https://www.loc.gov/resource/sn95060001/1912-04-20/ed-1/?sp=2&q=titanic,https://tile.loc.gov/image-services/iiif/service:ndnp:ak:batch_ak_kodiakriverotter_ver02:data:sn95060001:00514154843:1912042001:0313,titanic,"…f, how long would the government last if the people were dependent upon the record of congress revised by those who made the record vvv*/ editorial comment the terrible loss of life that occurred when the big steam ship titanic sank and carried to watery graves over 1,500 per sons will shock the country and fill thousands of hearts with sorrow. senator bailey continues to show symptoms of having a fit every time a bill being urged by women com…",,1
sn95060032,"iditarod pioneer (iditarod, alaska) 1910-19??",iditarod,,alaska,weekly,titanic-1912,1912-04-20,3,yes,1912-04-20,1,https://www.loc.gov/resource/sn95060032/1912-04-20/ed-1/?sp=1&q=titanic,https://tile.loc.gov/image-services/iiif/service:ndnp:ak:batch_ak_eskimocurlew_ver02:data:sn95060032:00279526144:1912042001:0456,titanic,"iditarod pioneer one dollar per month. iditarod, alaska, saturday evening, april 20, 1912. two bits per copy titanic goes down; number last, 1,601 new yoik, april 19 last monday, april 15, the white star liner titanic, with crew and passengeis totaling 2,340, went down 400 miles off cape race, a promontory at the southeast extremity o…",,1
sn95060762,"duncan arizonian (duncan, greenlee county, ariz.) 1908-1915",duncan,greenlee,arizona,weekly,titanic-1912,1912-04-24,1,yes,1912-04-24,1,https://www.loc.gov/resource/sn95060762/1912-04-24/ed-1/?sp=1&q=titanic,https://tile.loc.gov/image-services/iiif/service:ndnp:az:batch_az_boozer_ver01:data:sn95060762:00414216626:1912042401:0217,titanic,"…107 delegates, governor marshall has 80 and governor harmon 1. the uninstructed and non-committed dele gates number 105. these are: new york, 90; alaska, 6; phil ippines, 6; maine (not committed) 2. total, 104. i giant titanic sinks goes down with most os her human cargo. something over a week ago now, the greatest marine disaster i n the history of the world oc curred, when the titantic, of the white star line, the biggestand i finest of ste…",,1
sn95060791,"the holbrook news (holbrook, navajo county [ariz.]) 1909-1923",holbrook,navajo,arizona,weekly,titanic-1912,1912-04-19,1,yes,1912-04-19,1,https://www.loc.gov/resource/sn95060791/1912-04-19/ed-1/?sp=1&q=titanic,https://tile.loc.gov/image-services/iiif/service:ndnp:az:batch_az_acacia_ver01:data:sn95060791:00212476493:1912041901:0475,titanic,"…. eight pages no. 50. 1300 people perish in awful sea disaster more than 1,300 persons, it is believed, sank to death early tuesday when, within four hours after she crashed into an iceberg, the mammoth white star liner titanic from liverpool to new york on her maiden voyage, went to the bottom of the sea off new foundland banks. of 2200 per sons aboard, some of them of world-wide prominence, but 675 are known to have been saved. white star of…",,1
sn95060876,"arizona sentinel and yuma weekly examiner (yuma, ariz.) 1911-1915",yuma,yuma,arizona,weekly,titanic-1912,1912-04-18,6,yes,1912-04-18,1,https://www.loc.gov/resource/sn95060876/1912-04-18/ed-1/?sp=1&q=titanic,https://tile.loc.gov/image-services/iiif/service:ndnp:az:batch_az_fireant_ver01:data:sn95060876:00211104375:1912041801:0168,titanic,"…egarding butt o ooooooooooooooooo carpathia is only hope new york. april 17. all other sources of rescue were eliminated this morning, and the carpathia is the only hope of relatives and friends of the passengers on the titanic. of the 868 survivers on board, the names of only 328 were recorded by wireless before the carpathia instrument went out of communication. the names of 540 aboard are unknown. speeding to her to get the remaining names…",,1
sn95060905,"tombstone epitaph (tombstone, ariz.) 1887-current",tombstone,cochise,arizona,biweekly,titanic-1912,1912-04-21,4,yes,1912-04-21,4,https://www.loc.gov/resource/sn95060905/1912-04-21/ed-1/?sp=4&q=titanic,https://tile.loc.gov/image-services/iiif/service:ndnp:az:batch_az_eagle_ver01:data:sn95060905:00211106529:1912042101:0803,titanic,"…d witb it witb a view of pro posed transfer of telegraph service from the postal to the western union and it is reported that the western union will takecbargeof tbe business of tbe branches on july 1. over 2000 lost in titanic disaster a new yorkdisyatcb says: the camperdown wireless ttation at uali'ax tolay wired to tbe asso ciated press as follows: ""we are now in communication with the carpatlia. we are in a position to announce unofficiall…",,1
sn95060914,"graham guardian (safford, ariz.) 1895-1923",safford,graham,arizona,weekly,titanic-1912,1912-04-19,2,yes,1912-04-19,1,https://www.loc.gov/resource/sn95060914/1912-04-19/ed-1/?sp=1&q=titanic,https://tile.loc.gov/image-services/iiif/service:ndnp:az:batch_az_agave_ver01:data:sn95060914:00211105057:1912041901:0486,titanic,…mr aid mrs rodjic williams re turned home spnday mr wihiapis filled a mission in the eastern states bpt fpr some tjme pat jias beep studying piedicjpp jn chjpago he was joined by his wife in tb cftst dtjopt ft year ago titanic sinks withter rible loss of life been gieatiy reduced s5smscrsai53iiitii afvw33fi iceberg odes the irk fcntire crew thought totbeloat as well as most of the male passengers according to the dispatches the greatest sea d…,,1
sn95060922,"the parker post (parker, ariz.) 1910-1918",parker,yuma,arizona,weekly,titanic-1912,1912-04-20,1,yes,1912-04-20,1,https://www.loc.gov/resource/sn95060922/1912-04-20/ed-1/?sp=1&q=titanic,https://tile.loc.gov/image-services/iiif/service:ndnp:az:batch_az_boozer_ver01:data:sn95060922:00414216614:1912042001:0135,titanic,"…all tout eight showed good values in the pan. a portion of each sample has been sent to dos angeles for assay. parker, yuma county, arizona. saturday. april 20. 1912. horrible disaster in mid atlantic tragic sinking of titanic worst ca tastrophe of modern times. —hundreds perish in icy waters. —675 saved out of over 2200. new york, april 18.—the great est marine disaster in the history oi the world occurred last monday morn ing when the titan…",,1
sn95060997,"the arizona range news (willcox, cochise county, a.t. [ariz.]) 1897-current",willcox,cochise,arizona,weekly,titanic-1912,1912-04-26,1,yes,1912-04-26,1,https://www.loc.gov/resource/sn95060997/1912-04-26/ed-1/?sp=1&q=titanic,https://tile.loc.gov/image-services/iiif/service:ndnp:az:batch_az_electrum_ver02:data:sn95060997:00517018922:1912042601:0053,titanic,"…eing the number carried over from the last meeting. mrs. doxsee read a most interesting article which appeared in april har pers, “the menace of cape race” by george harding, which was very fitting in view of the recent titanic disaster which occurred in that vicinity. the author showed that in those northern waters fog, icebergs, submerged rocks, northeasterly gales, a sheer shore and a singularly treacherous current create a large possibilit…",,1
sn95066012,"the bennington evening banner (bennington, vt.) 19??-1961",bennington,bennington,vermont,daily,titanic-1912,1912-04-15,43,yes,1912-04-15,1,https://www.loc.gov/resource/sn95066012/1912-04-15/ed-1/?sp=1&q=titanic,https://tile.loc.gov/image-services/iiif/service:ndnp:vtu:batch_vtu_barre_ver01:data:sn95066012:00202199525:1912041501:0062,titanic,"…iita hons which it is to the interest of al! true mexican patriots as it is the d sire of the cnited slates, to avoid warns republican party says roosevelt's tactics are com mitting organization to rank socialism. right titanic ii fishermen had pleasant day for opening of trout season number of good catches russell elwell's eleven trout that weighed four pounds topped the list. new comic opera miss florence webber in ""naughty marietta"" april 1…",,1
sn95067647,the mathews journal (mathews c.h. [court house]) 1903-1937,mathews,mathews,virginia,weekly,titanic-1912,1912-04-18,7,yes,1912-04-18,4,https://www.loc.gov/resource/sn95067647/1912-04-18/ed-1/?sp=4&q=titanic,https://tile.loc.gov/image-services/iiif/service:ndnp:vi:batch_vi_berlioz_ver02:data:sn95067647:00175033191:1912041801:0798,titanic,"…t and commendation of democrats. a representative daily recently ran an article under the following headline; ‘mr. roose velt is well pleased with himself,” rather stale for headline stuff we should think, giant steamer titanic sinks with 1302 on board. a catastrophe that startled the nation took place early mon day morning when t he giant stezmship titanic” of the white star line enroute from liverpool struck an iceburg and after strug gling…",,1
sn95069780,"valentine democrat (valentine, neb.) 1900-1930",valentine,cherry,nebraska,weekly,titanic-1912,1912-04-25,3,yes,1912-04-25,3,https://www.loc.gov/resource/sn95069780/1912-04-25/ed-1/?sp=3&q=titanic,https://tile.loc.gov/image-services/iiif/service:ndnp:nbu:batch_nbu_fairbury_ver01:data:sn95069780:00206539665:1912042501:0610,titanic,…of this copyright will lie visoroiihly pronecuted by the n. y. world. new york april 19. seventeen hundred lives the figures will hardly vary in either direction by more than a few dozen were lost in the sinking of the titanic which struck an ice berg at 11:45 p. m. sunday and was at the ocean's bottom 2 hours and 35 minutes after. the printed rolls of first and second end cabins compared with the list of the survivors on the carpathia show t…,,1
sn95076625,"philip weekly review (philip, stanley county, s.d.) 1907-1912",philip,haakon,south dakota,weekly,titanic-1912,1912-04-18,1,yes,1912-04-18,5,https://www.loc.gov/resource/sn95076625/1912-04-18/ed-1/?sp=5&q=titanic,https://tile.loc.gov/image-services/iiif/service:ndnp:sdhi:batch_sdhi_ibiza_ver01:data:sn95076625:00279523453:1912041801:1097,titanic,"…be for the bev/are of ointments for catarrh that of the system. in buying hall's we have a large stock of the best early varieties seed corn which we are still selling at $3.50 per bu. philip mill elevator co. steamship titanic sinks 11.492 are lost i the giant steamship titanic, the largest liner afloat, lies at the bottom of the atlantic, 600 miles oil' newfoundland, the mausoleum of 1,4h2 people. only fragmentary flashes of the wire less te…",,1
sn95076628,"the bad river news (philip, stanley county, s.d.) 19??-1912",philip,haakon,south dakota,weekly,titanic-1912,1912-04-25,3,yes,1912-04-25,1,https://www.loc.gov/resource/sn95076628/1912-04-25/ed-1/?sp=1&q=titanic,https://tile.loc.gov/image-services/iiif/service:ndnp:sdhi:batch_sdhi_ibiza_ver01:data:sn95076628:00279522710:1912042501:0790,titanic,"…the rankest kick ers. our roads are rather heavy at present but the most of us rather enjoy getting stuck in the mud again. it reminds us of old times, when the grass was loag and the conditions were good. mother was on titanic f. r. k. hewlett is among the anxious ones, made so by the awful accident which happened to the ti tanic. his mother was to be in ra pid city april 20 for a visit with her son and family. she sailed on the titanic, and…",,1
sn95076637,"dewey county advocate (timber lake, s.d.) 1910-1913",timber lake,dewey,south dakota,weekly,titanic-1912,1912-04-26,2,yes,1912-04-26,3,https://www.loc.gov/resource/sn95076637/1912-04-26/ed-1/?sp=3&q=titanic,https://tile.loc.gov/image-services/iiif/service:ndnp:sdhi:batch_sdhi_jamaica_ver01:data:sn95076637:00279523507:1912042601:0641,titanic,"…l traqedv 6f» the 8ea. 1,470 lives were lost. ftfinued passenger* tell hesrt-break ing tales of the crash of steamer and iceberg last sunday night new york, n. y.—lifted from the gates of death, the 745 survivors of the titanic were landed by the carpathia, which rescued them two hours and a half after the great white star liner hurled itself against an iceberg last sunday night. disfigured by calamity and misery and oppressed by|awful sorrow,…",,1
sn95079154,"tazewell republican (tazewell, va.) 1892-1919",tazewell,tazewell,virginia,weekly,titanic-1912,1912-04-18,2,yes,1912-04-18,1,https://www.loc.gov/resource/sn95079154/1912-04-18/ed-1/?sp=1&q=titanic,https://tile.loc.gov/image-services/iiif/service:ndnp:vi:batch_vi_zztop_ver02:data:sn95079154:00175032733:1912041801:1057,titanic,"…d of that (institution. rev. scherer is a man of recognized ability, and the institution is to be congratulated on having secured him as president. #4 in society! the greatest ocean-going steamship ever constructed, the titanic, of the white star line, bound from liverpool to new york on her maiden voyage, collided with a giant iceberg about 1,100 miles east of new york at 10:25 sunday night, and within the short space of a few hours thereafte…",,1
sn95079246,"highland recorder (monterey, highland county, va.) 1877-1972",monterey,highland,virginia,weekly,titanic-1912,1912-04-19,2,yes,1912-04-19,2,https://www.loc.gov/resource/sn95079246/1912-04-19/ed-1/?sp=2&q=titanic,https://tile.loc.gov/image-services/iiif/service:ndnp:vi:batch_vi_oscar_ver01:data:sn95079246:00271764868:1912041901:0259,titanic,"…l as ever,"" writes mrs. h. silks, 29 dowling street, sydney, australia. this remedy is for ^ale by all dealers. 0 dr. miles' anti-pain pills relieve daln. <m|i? 111 r? ""-?'?-rw n iimirif"" ill"" hundreds perish at sea the titanic, of the white star -ine. bound from liverpool to new irork imi her maiden trip, was sunk tbor.l 1 .000 miles east of new york 11 collision wish an iceberg;. fifteen hundred and twenty-five persons were reported drowned…",,1
sn96060002,"the alaska citizen (fairbanks, alaska) 1910-1917",fairbanks,,alaska,weekly,titanic-1912,1912-04-22,5,yes,1912-04-22,1,https://www.loc.gov/resource/sn96060002/1912-04-22/ed-1/?sp=1&q=titanic,https://tile.loc.gov/image-services/iiif/service:ndnp:ak:batch_ak_gyrfalcon_ver01:data:sn96060002:00279526338:1912042201:0135,titanic,"…sensation was caused here today when \v. t satnmis. liead of the marconi wireless telegraph com pany. admitted that he ordered the w ireless opt rator on the cunard steamer carpathia. which went to the assistance if the titanic, to hold uii all facts in regard to the wreck until notified by him to send. sammis. it is understood, planned to sell the story and make a lug cleanup on the news. his action is being uirversally condemn ed by the pres…",,1
sn92067170,"pinedale roundup (pinedale, wyo.) 1904-current",pinedale,sublette,wyoming,weekly,titanic-1912,1912-04-25,1,yes,1912-04-25,1,https://www.loc.gov/resource/sn92067170/1912-04-25/ed-1/?sp=1&q=titanic,https://tile.loc.gov/image-services/iiif/service:ndnp:wyu:batch_wyu_dryad_ver01:data:sn92067170:00516998714:1912042501:0727,titanic,"…. grocery department our new grocery department is complete in every detail. we solicit your business, prices right beeman neuber mercantile co. rocksprings, wyo pinedale, fremont county, wyo., thursday, april 25, 1912. titanic goes down with fifteen honored souls worst disaster on the high seas ever known —tt one of the worst anclmoat frightful taking their very lives in their hands in disasters ever chronicled in the history running at top m…",,1
sn95063969,"the oklahoma miner (krebs, okla.) 1912-192?",krebs,pittsburg,oklahoma,weekly,titanic-1912,1912-04-25,3,yes,1912-04-25,4,https://www.loc.gov/resource/sn95063969/1912-04-25/ed-1/?sp=4&q=titanic,https://tile.loc.gov/image-services/iiif/service:ndnp:okhi:batch_okhi_comanche_ver01:data:sn95063969:00237284690:1912042501:0012,titanic,"…o from cinrcmoro, sa pulpa, tulsu, sulphur nnd ada at holdcnvillo. these consolidations will be offectod before tho time of depart ure of the rock inland frlbco-southorn special. fiou perish!cean 1 lvl i lsliuir steamer titanic crashes into submerged iceberg greatest ocean disaster sinks before hurrying steam ers arrive only 745 of the 2,300 persons aboard are able to get away in life t boats to be picked up by carpathla new. york. how tho whi…",,1
sn96060501,"jerome news (jerome, yavapai county, ariz.) 1906-1912",jerome,yavapai,arizona,weekly,titanic-1912,1912-04-27,1,yes,1912-04-27,1,https://www.loc.gov/resource/sn96060501/1912-04-27/ed-1/?sp=1&q=titanic,https://tile.loc.gov/image-services/iiif/service:ndnp:az:batch_az_anthillgarnet_ver04:data:sn96060501:00517018648:1912042701:0053,titanic,"…goodwin, nate shutz, wm. haskins, c. g swanson, james presley, guy bailey, john sullivan, harrv brown, tim shea. i “walter m. clark perished as a hero,” says army officer among the many stories of heroism shown when the titanic went down, ca rrying with it 2000 souls, the news prints the fol lowing, mr, clark having been known to a number of jerome people. he was a cousin of w. c. and charles miller of this place: “tell your brother that his s…",,1
sn96060796,"the border vidette (nogales, ariz.) 1894-1934",nogales,santa cruz,arizona,weekly,titanic-1912,1912-04-20,1,yes,1912-04-20,3,https://www.loc.gov/resource/sn96060796/1912-04-20/ed-1/?sp=3&q=titanic,https://tile.loc.gov/image-services/iiif/service:ndnp:az:batch_az_bobwhite_ver01:data:sn96060796:00212476109:1912042001:0278,titanic,"…ct court is.to be held for any divi sion shall be change or removed, then the place of holding court for said division shall be, moved to 'and be held at the place to which said county seat shall be removed. loss of the titanic. new york, april 19.--the ti tanic disaster will be written into history by nmny of the 745 sur vivors accounts for the loss of 1589 persons at sea off the new found land banks early monday and the subsequent death of s…",,1
sn96075050,"the independent-reporter (skowhegan, me.) 1909-1955",skowhegan,somerset,maine,semiweekly,titanic-1912,1912-04-18,7,yes,1912-04-18,1,https://www.loc.gov/resource/sn96075050/1912-04-18/ed-1/?sp=1&q=titanic,https://tile.loc.gov/image-services/iiif/service:ndnp:me:batch_me_harpswell_ver01:data:sn96075050:00332895576:1912041801:0679,titanic,"…g! greatest sea disaster steamer with 2200 f more than 1 person-- i* is now tactically known, sank to th i. eatli early monday morning when ithin four hours after sin crashd ito an iceberg, the mammoth white tar steamer titanic, hound from iverpool to new york on her maida oyage, went to the bottom of the e'.vfoundland banks. of the nearly 200 person.-, on board the giant lin r, some of them of world-wide prom ntice. only 868 are known to have…",,1
sn96076641,"belding banner (belding, mich.) 1889-1918",belding,ionia,michigan,weekly,titanic-1912,1912-04-25,3,yes,1912-04-25,2,https://www.loc.gov/resource/sn96076641/1912-04-25/ed-1/?sp=2&q=titanic,https://tile.loc.gov/image-services/iiif/service:ndnp:mimtptc:batch_mimtptc_franklin_ver01:data:sn96076641:00415669604:1912042501:0291,titanic,"…een set teeth. he smiled painfully. ""i presume i might have anticipated that. ""you daren't deny you bought it!"" ""from a man contemplating sui cide?"" that flleneed her. her poor, dis traught wits would frame no retort to titanic i01re0r awful cries of lost song to keep were drowned women sane. by how survivor tells thrilling and graphic story of titanic struck, boats were loaded and wreck went. down. appalling noise arose as the doomed hundreds…",,1
sn96076776,"the clio messenger (clio, mich.) 1907-current",clio,genesee,michigan,weekly,titanic-1912,1912-04-19,6,yes,1912-04-19,1,https://www.loc.gov/resource/sn96076776/1912-04-19/ed-1/?sp=1&q=titanic,https://tile.loc.gov/image-services/iiif/service:ndnp:mimtptc:batch_mimtptc_ithaca_ver01:data:sn96076776:00415669902:1912041901:0176,titanic,"'..v. .-v., v v fx t u fc .1 '4 ft t't !t y 4.' volume vi number 8 1- fitssehger cmo, michioan, jwul 10, 1912 1 l. t;i price five cents t. sinking of the titanic stf.amek j,' to, jt 'ars is iiossible.'jln the presoit iii .atlantic monday morning. death .ta?e of 'maritime' nr'fciieclurc, ami ijer-orts vary from one to two vvt thin greatest of 511. .ships jim's thohsand lives. lar…",,1
sn96076817,"the diamond drill (crystal falls, iron county, mich.) 1887-1996",crystal falls,iron,michigan,weekly,titanic-1912,1912-04-20,3,yes,1912-04-20,3,https://www.loc.gov/resource/sn96076817/1912-04-20/ed-1/?sp=3&q=titanic,https://tile.loc.gov/image-services/iiif/service:ndnp:mimtptc:batch_mimtptc_elsie_ver01:data:sn96076817:00415669501:1912042001:0690,titanic,"…he survivors, captain sinks with ship hope that some survivors may be on virginian gone. a number of otln steamships bc fchlc.s (he carpathia, which were believ ed to have reached the hc ne of the wreck of the steamship titanic, the largest vessel in the world, which noi into ;tn icebeig off the banks of new foundland, in time to"" aid in the res cue, are leaving empty handcu. a nu-shape from the. virpinian and front the parisian itatcd that th…",,1
sn96088088,"polk county observer (monmouth, polk county, or.) 1888-1927",dallas,polk,oregon,weekly,titanic-1912,1912-04-19,2,yes,1912-04-19,4,https://www.loc.gov/resource/sn96088088/1912-04-19/ed-1/?sp=4&q=titanic,https://tile.loc.gov/image-services/iiif/service:ndnp:oru:batch_oru_humbug_ver02:data:sn96088088:0029586851A:1912041901:0499,titanic,"…dge that so many souls have been snuffed out almost in a twinkling, brings to his mind a saddening throb tor the many homes bereft anil tile hearts that mourn for lived ones w lio slei p beneath the sea. the loss of the titanic is the greatest tragedy of the sea that history holds; all others sink into insignificance. not alone in the loss of life, which was inr greater than all others, but in the great number of prominent peo ple lost, men wh…",,1
sn96088246,"the times-herald (burns, harney county, or.) 1896-1929",burns,harney,oregon,weekly,titanic-1912,1912-04-20,1,yes,1912-04-20,2,https://www.loc.gov/resource/sn96088246/1912-04-20/ed-1/?sp=2&q=titanic,https://tile.loc.gov/image-services/iiif/service:ndnp:oru:batch_oru_courage_ver02:data:sn96088246:00280760250:1912042001:0723,titanic,"…alton bee gage ina tcrrill song by school, ""the bull dog."" comical reading, burt oliver instrumental solo, agnes miller essay, cyrus sweek solo, eulalia smith reading, darius smyth song by school, ""farewell forever"" tho titanic, tho greatest pas kcjigcr hleumer alloat, hit an im mense iceburg last. monday on her maiden voyage off tho now foundlnnd const, and of tho pas sengers and crow numbering about 2200 souls, it is reported that only nbout…",,1
sn96090259,"hot springs weekly star (hot springs, s.d.) 1892-1917",hot springs,fall river,south dakota,weekly,titanic-1912,1912-04-19,3,yes,1912-04-19,1,https://www.loc.gov/resource/sn96090259/1912-04-19/ed-1/?sp=1&q=titanic,https://tile.loc.gov/image-services/iiif/service:ndnp:sdhi:batch_sdhi_dagger_ver01:data:sn96090259:00415623227:1912041901:0108,titanic,"…j. w. weber, who arraigned on a obarge of petit laroeny plead guilty and was sentenced to thirty days in the oounty jail and his sentence dated back from the time of his arrest which caused him to be freed at thib time. titanic sunk. one of the largest steamships ever built goes to the bottom monday morning. the worst marine disaster in the history of the world was chronioled monday when the white star liner titanic struck a submerged iceberg…",,1
sn96091104,"the columbia herald (columbia, tenn.) 18??-1935",columbia,maury,tennessee,weekly,titanic-1912,1912-04-19,8,yes,1912-04-19,1,https://www.loc.gov/resource/sn96091104/1912-04-19/ed-1/?sp=1&q=titanic,https://tile.loc.gov/image-services/iiif/service:ndnp:tu:batch_tu_ira_ver02:data:sn96091104:00415621565:1912041901:0706,titanic,"…te a sentiment for him. taft men keeping quiet think the southern delegates will leave president on first showing of weakness dreams of pie by barker and others. general will reach port most avonoerful lake to be foufld titanic on friday late reports but confirm the awfulness of the disa8ter. ill this country 18 located high on walden'8 ridge, north of chat-' tanooga. brief throughout the world i solid rock walls 103 feet new york presents hea…",,1
sn96090237,"the kadoka press and kadoka reporter (kadoka, s.d.) 1910-1923",kadoka,jackson,south dakota,weekly,titanic-1912,1912-04-26,3,yes,1912-04-26,3,https://www.loc.gov/resource/sn96090237/1912-04-26/ed-1/?sp=3&q=titanic,https://tile.loc.gov/image-services/iiif/service:ndnp:sdhi:batch_sdhi_imbe_ver01:data:sn96090237:00340581027:1912042601:0542,titanic,…l of the saved from the tl j t&nlc disaster seems complete. prac tically every attending circumstance in the transmission of news from the steamship carpatia goes to show that only 328 of the 610 cabin passengers of the titanic are safe on the rescue ship. the 282 cabin passengers whose names have not appeared in the lists sent ashore by wireless must prob ably be conceded as among the lives believed to have been lost. forty-eight delegates in…,,1
sn97065763,"custer weekly chronicle (custer city, s.d.) 1890-1931",custer,custer,south dakota,weekly,titanic-1912,1912-04-20,3,yes,1912-04-20,1,https://www.loc.gov/resource/sn97065763/1912-04-20/ed-1/?sp=1&q=titanic,https://tile.loc.gov/image-services/iiif/service:ndnp:sdhi:batch_sdhi_elderberry_ver02:data:sn97065763:00332899727:1912042001:0909,titanic,"…lleled in the history of navigation. the largest most luxurious and best appointed vessel ever laid down, 6he seemed secure against disaster. hardly another craft afloat could have with stood the terrific shock when the titanic driving along at better than half speed, although in the midst of ice fields, crashed into a great submerged moun tain of ice, which tore away her steel plates. new york, april 10.—hope for the safety of passengers of t…",,1
sn97070614,"the owosso times (owosso, mich.) 1897-1926",owosso,shiawassee,michigan,weekly,titanic-1912,1912-04-19,3,yes,1912-04-19,1,https://www.loc.gov/resource/sn97070614/1912-04-19/ed-1/?sp=1&q=titanic,https://tile.loc.gov/image-services/iiif/service:ndnp:mimtptc:batch_mimtptc_evart_ver01:data:sn97070614:0029602367A:1912041901:0913,titanic,"…docked in new ,yprk, .an,d for the first time from the hps of the eye witnesses and of some even who trod its decks when the final plunge was taken were learned the details of the terrible tragedy of the whit star liner titanic, which carried i,595 of the 2,340 persons on board to death off the, banks of newfoundland monday morning. six others died later bringing the total to 1,001, and only 739 of the titanic's boat list now live. the great l…",,1
sn97071038,"the gazette-times (heppner, or.) 1912-1925",heppner,morrow,oregon,weekly,titanic-1912,1912-04-25,1,yes,1912-04-25,2,https://www.loc.gov/resource/sn97071038/1912-04-25/ed-1/?sp=2&q=titanic,https://tile.loc.gov/image-services/iiif/service:ndnp:oru:batch_oru_fort_ver01:data:sn97071038:00295868314:1912042501:0842,titanic,"…ly fitted, for the correction o f any defect that can be remedied with glasses. private optical parlor and dark room for testing a sacrifice of more than 1600 human lives is the cost of the sneed mania. the wreck of the titanic goes down in history as tho greatest marine dis aster of tho world, and largely because )f the fact that the ntjc in which we live seems to demand that ell lines 'f transportation whether on sea or land shall shorten ti…",,1
sn97071090,"medford mail tribune (medford, oregon) 1909-1989",medford,jackson,oregon,daily,titanic-1912,1912-04-15,39,yes,1912-04-15,1,https://www.loc.gov/resource/sn97071090/1912-04-15/ed-1/?sp=1&q=titanic,https://tile.loc.gov/image-services/iiif/service:ndnp:oru:batch_oru_hufnagel_ver03:data:sn97071090:00200298196:1912041501:0047,titanic,"clfohim medford mailjtribune weather second edition clour tonight ntitl tomorrow light fnwt. .alt. ft, mm. at. k if i 4 k k l(irlymoootii1 yenr ittilly hmfiilh vi'iir titanic, with 1300 l afloat nearly loswhch followlnii her calls for aid other steamers rush to rescue anil take 0(1 pnsscniiws only her great size saved her, prow is shattered liy compact ac cident occurred 900 miles from new y…",,1
sn97071110,"the hood river glacier (hood river, or.) 1889-1933",hood river,hood river,oregon,weekly,titanic-1912,1912-04-18,6,yes,1912-04-18,1,https://www.loc.gov/resource/sn97071110/1912-04-18/ed-1/?sp=1&q=titanic,https://tile.loc.gov/image-services/iiif/service:ndnp:oru:batch_oru_emily_ver01:data:sn97071110:00295868223:1912041801:0463,titanic,"…etter than having to be ""on the water wagon."" gigantic steamer sunk by collision wireless messages flashed the news monday of the greatest marine disas ter known in the history of tiie world. the gigantic steamship, the titanic, recently completed by the white star line, making her maiden trip across the atlantic, struck an iceberg in mid ocean, crumpling her how and settling in a few hours. according to wireless messages from other liners tha…",,1
sn98060050,"vermont phœnix (brattleboro, vt.) 1834-1955",brattleboro,windham,vermont,weekly,titanic-1912,1912-04-19,10,yes,1912-04-19,1,https://www.loc.gov/resource/sn98060050/1912-04-19/ed-1/?sp=1&q=titanic,https://tile.loc.gov/image-services/iiif/service:ndnp:vtu:batch_vtu_danby_ver01:data:sn98060050:00280777377:1912041901:0935,titanic,"…rtisements, 10 cents per line first insertion, five cents per line each subsequent insertion. (entered at the brattleboro post office as second class mail matter.) 1601 perished at sea only 739 survivors from steam ship titanic t largest and finest vessel afloat col lided with iceberg on maiden voyage and sank in four hours, i the most terrible marine disaster ever known took place during sjn.la night, when the white star line steamer titanic,…",,1
sn96088281,"rogue river courier (grants pass, or.) 1886-1927",grants pass,josephine,oregon,weekly,titanic-1912,1912-04-19,8,yes,1912-04-19,1,https://www.loc.gov/resource/sn96088281/1912-04-19/ed-1/?sp=1&q=titanic,https://tile.loc.gov/image-services/iiif/service:ndnp:oru:batch_oru_darter_ver01:data:sn96088281:00200294816:1912041901:0145,titanic,"…ced on the roof of tlie garage. the f;-e telephone call will remain the same, ""31."" major-general grant tmpc ip upadt tdfillri t transferred io ouiullb kit ntakl ikuuklt (,r vessels, and that it was expected 1 jthat the titanic would be towed nkw york, april 1 2 major safely into port. a detailed cxplan general frederick dent grant, agedation for this action lias not been 02 years, commander of the kastern-divi.-ion of the united states army,…",,1
sn97065075,"lawrence democrat (lawrenceburg, tenn.) 1884-1925",lawrenceburg,lawrence,tennessee,weekly,titanic-1912,1912-04-24,2,yes,1912-04-24,4,https://www.loc.gov/resource/sn97065075/1912-04-24/ed-1/?sp=4&q=titanic,https://tile.loc.gov/image-services/iiif/service:ndnp:tu:batch_tu_ida_ver01:data:sn97065075:00296020874:1912042401:0417,titanic,"…oing to make any easier the pathway of democracy to the white house; on the contrary he will be a stronger candidate than taft columbia herald. with the mississippi spreading havoc and desolation along its shores and thetitanic's fearsome fate fresh in the public mind, it would be a bold lad indeed who would take the affirmative side of the question, ""resolved that tire is more destructive than water."" that ancient standby of the rural debatin…",,1
sn98060264,"valdez daily prospector (valdez, alaska) 1905-1918",valdez,,alaska,daily,titanic-1912,1912-04-16,19,yes,1912-04-16,1,https://www.loc.gov/resource/sn98060264/1912-04-16/ed-1/?sp=1&q=titanic,https://tile.loc.gov/image-services/iiif/service:ndnp:ak:batch_ak_dallsheep_ver02:data:sn98060264:00279526375:1912041601:0367,titanic,"…mooting combined and will bo confined to members only. the committee plan to mako it one of those good old-fashioned affairs which have always mode moose hall so attractive to its members. local item8. tin* loss of the. titanic, with ils fift«*on hundred passengers, is u reminder i hat all safely in ocean travel does nol lie in the modern levitians of i he allan lie. the prehistoric herlha, i raveling an uncharted coast for years, has landed i…",,1
sn98062890,"pierre weekly free press (pierre, s.d.) 1889-19??",pierre,hughes,south dakota,weekly,titanic-1912,1912-04-18,2,yes,1912-04-18,1,https://www.loc.gov/resource/sn98062890/1912-04-18/ed-1/?sp=1&q=titanic,https://tile.loc.gov/image-services/iiif/service:ndnp:sdhi:batch_sdhi_interceptor_ver01:data:sn98062890:00415624797:1912041801:0728,titanic,"…wireless telegraph to the effect that despite modern ship building meth ods, heretofore assumed to be so nearly perfect as to make ocean travel safer than staying at home, two-thirds of the passengers on board the liner titanic, most complete specimen of modern ship building, have found watery graves, and the huge vessel itself rests at the bottom of the atlantic ocean. man has accomplished much in the effort to conquer the forces of nature, b…",,1
sn98066406,"the yale expositor (yale, st. clair county, mich.) 1894-current",yale,saint clair,michigan,weekly,titanic-1912,1912-04-18,3,yes,1912-04-18,6,https://www.loc.gov/resource/sn98066406/1912-04-18/ed-1/?sp=6&q=titanic,https://tile.loc.gov/image-services/iiif/service:ndnp:mimtptc:batch_mimtptc_baldwin_ver01:data:sn98066406:00296023401:1912041801:0533,titanic,"…this morning is the name of mrs. john jacob astor and maid. new york, april 16. -a dispatch from st. johns, n. f., received at 2:15 o'clock this morning, gives rise to the hope that the steamer virginian has some of the titanic's survivors on board. the message said she would bring to st. johns such survivors as she ""may rescue."" hope arises from the fact that the steamer is putting in there at all, which she would scarcely do were there rot s…",,1
sn98069043,"the mobridge news (mobridge, walworth co., s.d.) 190?-1917",mobridge,walworth,south dakota,weekly,titanic-1912,1912-04-19,3,yes,1912-04-19,2,https://www.loc.gov/resource/sn98069043/1912-04-19/ed-1/?sp=2&q=titanic,https://tile.loc.gov/image-services/iiif/service:ndnp:sdhi:batch_sdhi_apple_ver01:data:sn98069043:0027952276A:1912041901:1153,titanic,"…family. a. maurice low is a lecture at yale the other sight characterised newspa per reporters ss ""men of trivial minds without perspective and with ont education, borne reporter had probably referred to mr. low as ont titanic, the titon of the ocean, white star liner strikes an iceberg, while going at full speed at 1:25 monday morning and goes down in less than an hour. women and children were saved but many wealthy and prominent m jacob ast…",,1
sn98069091,"deutscher herold (sioux falls, süd-dakota) 1907-1918",sioux falls,minnehaha,south dakota,weekly,titanic-1912,1912-04-18,4,yes,1912-04-18,1,https://www.loc.gov/resource/sn98069091/1912-04-18/ed-1/?sp=1&q=titanic,https://tile.loc.gov/image-services/iiif/service:ndnp:sdhi:batch_sdhi_aruba_ver01:data:sn98069091:00415625236:1912041801:0513,titanic,"…noch nit* gewiß. die geretteten, meist kranen und slinber, auf der „cor* pathia"" auf dem ifcte#e »ach stew nork. n e w o k 1 7 a i u 2:20 uhr am letzten montag morgen wurde der $10,000,000 dampfer der white star linie „titanic"", der sich anf der ersten meeresfahrt nach new ?)ork befand, von einem gewaltigen eisberg an der »niste von neu fund land getroffen und dermaßen beschä digt, daß er in kurzer zeit in die meerestieie sank. von 2*20 passa…",,1
sn99062010,"the citizen-republican (scotland, bon homme county, s.d.) 1???-19??",scotland,bon homme,south dakota,weekly,titanic-1912,1912-04-18,4,yes,1912-04-18,1,https://www.loc.gov/resource/sn99062010/1912-04-18/ed-1/?sp=1&q=titanic,https://tile.loc.gov/image-services/iiif/service:ndnp:sdhi:batch_sdhi_kangaroo_ver01:data:sn99062010:0041562489A:1912041801:0876,titanic,"…resident, but if the president had secured tbem the fight would have been over. as it is the slogan will have to be ""on with the fight."" it now seems certain tbat only about 670 people on board tbe ill fated ocean liner titanic, which was sunk by an iceberg last sun day night, were saved, the death loss being over 1400. this is tbe worst disaster of the kind an record. beautiful hair, a joy forever if you have a beautiful bead of hair, try to…",,1
sn99021999,omaha daily bee (omaha [neb.]) 187?-1922,omaha,douglas,nebraska,daily,titanic-1912,1912-04-16,91,yes,1912-04-16,1,https://www.loc.gov/resource/sn99021999/1912-04-16/ed-1/?sp=1&q=titanic,https://tile.loc.gov/image-services/iiif/service:ndnp:nbu:batch_nbu_azureaster_ver01:data:sn99021999:00212470612:1912041601:0448,titanic,"omaha daily bee fair, colderr 7 single copy two cents. vol. xl1-xo. -260. omaha, tuesday mokxixg, april 1(5, 1912 twelve patieh. titanic sinks; 1,500 persons reported to be lost the mm uokdemocrv: adloivided chicago contention splits and two delegations tc state conven at eoria re elected. situation becomes tense severol times t seemed bloodshed tu immin…",,1
sn99061556,"the farmer and mechanic (raleigh, n.c.) 18??-19??",raleigh,wake,north carolina,weekly,titanic-1912,1912-04-23,7,yes,1912-04-23,8,https://www.loc.gov/resource/sn99061556/1912-04-23/ed-1/?sp=8&q=titanic,https://tile.loc.gov/image-services/iiif/service:ndnp:ncu:batch_ncu_grandfather_ver01:data:sn99061556:00415667498:1912042301:0286,titanic,"…should have been saved, hard as it may seem, than those whose lives are at the spring. high, and above the consideration of these questions which involuntarily comes to the minds of all who read about the tragedy of the titanic, rises the glory of the anglo-saxon man hood in its relation toward women, which flamed forth as steadily and as gloriously as men looked in the face of death, as when the knighthood of king arthur's court wa,s in flowe…",,1
sn99062017,"the bon homme county independent (tabor, s.d.) 1904-1913",tabor,bon homme,south dakota,weekly,titanic-1912,1912-04-25,3,yes,1912-04-25,4,https://www.loc.gov/resource/sn99062017/1912-04-25/ed-1/?sp=4&q=titanic,https://tile.loc.gov/image-services/iiif/service:ndnp:sdhi:batch_sdhi_mango_ver02:data:sn99062017:00332899612:1912042501:1049,titanic,"…čísla nám schází a ježto veškeré čísla co kdy byly vydané od té doby co list počal vycházeli chceme svázati do knih rádi by chom měli úplné sešitv. čísla se nám ztratily nedopatřením. co zavinilo hrozné neštěstí na lodi titanic dle všeho snaha společnosti se vyznamenali; učinit rekord při první jízdě přes atlan tieký oceán největší a nejnadher nejší lodí. kapitán smith byl přesvědčen a také se v tom smyslu vyslovil, že je nemožno by se ně jaké…",,1
sn99062034,"the madison daily leader (madison, s.d.) 1890-current",madison,lake,south dakota,daily,titanic-1912,1912-04-15,38,yes,1912-04-15,3,https://www.loc.gov/resource/sn99062034/1912-04-15/ed-1/?sp=3&q=titanic,https://tile.loc.gov/image-services/iiif/service:ndnp:sdhi:batch_sdhi_grenada_ver01:data:sn99062034:00279523088:1912041501:0637,titanic,"…nd kidneys, 18 oeats. ail gist*. drug­ frank c. smith, ocean liner in collision with iceberg newfoundland p*«*en gers safe, off new york, april 15.—special: wi her bow crumpled op by a collisit with a great iceberg, the titanic, t! greatest oceau steamship afloat, is lieved to be limping toward halifax tow of the parisian, one of the fo vessels summoned to the giunt linei side by wireless call following tf crash with the ice flee at 10:25 i ni…",,1
sn99062854,"die eureka post (eureka, mcpherson co., süd=dakota) 18??-19??",eureka,mcpherson,south dakota,weekly,titanic-1912,1912-04-25,2,yes,1912-04-25,2,https://www.loc.gov/resource/sn99062854/1912-04-25/ed-1/?sp=2&q=titanic,https://tile.loc.gov/image-services/iiif/service:ndnp:sdhi:batch_sdhi_banana_ver02:data:sn99062854:00279522849:1912042501:1387,titanic,"…, der heimath des nr. 1 hartweizens. sprecht vor und vrsucht jacab relson. in der staatr-bank von updam. machi keine landgeschiiste ehe s ihr nicht zn»»r «it ih« sespriche» j wkiteres »om uiilcrganft dcs niksrndampscrs..titanic."" rur 739 ueberlebende gelandet. todtenliste der katastropbe be dentend angeschwollen. 1601 p.rsonen reich und arm, hoch und niedrig —sanden il)r grab iit den fluthen. die titanic"" fubr mit 23 knoten geschwindigkeit. sc…",,1
sn99062049,"the sisseton weekly standard (sisseton, roberts county, s.d.) 1892-1929",sisseton,roberts,south dakota,weekly,titanic-1912,1912-04-19,5,yes,1912-04-19,1,https://www.loc.gov/resource/sn99062049/1912-04-19/ed-1/?sp=1&q=titanic,https://tile.loc.gov/image-services/iiif/service:ndnp:sdhi:batch_sdhi_lightning_ver01:data:sn99062049:00415624979:1912041901:0964,titanic,"vol. 19 •i death list of titanic appalling more than thirteen hundred people went down with iii fated vessel, mostofthosesaved women and children many ot the men passengers and practically the en tire crew perished. new york, april 17.—the appalling ca…",,1
sn99063812,"the evening herald (klamath falls, or.) 1906-1942",klamath falls,klamath,oregon,daily,titanic-1912,1912-04-15,15,yes,1912-04-15,1,https://www.loc.gov/resource/sn99063812/1912-04-15/ed-1/?sp=1&q=titanic,https://tile.loc.gov/image-services/iiif/service:ndnp:oru:batch_oru_argonaut_ver01:data:sn99063812:00280760080:1912041501:1285,titanic,"…ent. it i believed, because at the aeaaon wnen work can ba beat done in crater iake there la hlah water at celllo canal, which would permit aaalgnment of part of the engineer force 10 ine ora tor iake. the identic liner titanic (truck an iceberg about 10 o'clock last night onn milea out of new york. other teamera came to the reecuo of her paaaengera, and it i believed the ocean leviathan will bo towed to, port aafaly. ineonnlete orlmarv return…",,1
sn99063957,"daily capital journal (salem, oregon) 1903-1919",salem,marion,oregon,daily,titanic-1912,1912-04-15,44,yes,1912-04-15,5,https://www.loc.gov/resource/sn99063957/1912-04-15/ed-1/?sp=5&q=titanic,https://tile.loc.gov/image-services/iiif/service:ndnp:oru:batch_oru_auklet_ver01:data:sn99063957:00200298615:1912041501:0580,titanic,"…t boots 91 the men's new springhats have put in their annual appearance they strike the latest note of the new season's styles. remember, we carry the gordon hat the best in america world 's largest ship sinks steamship titanic with 1300 passengers from london to new york, hits iceberg and is sinking-passengers safe. united tiiebs i.ba8ed wi1ik.1 halifax, n. s.,aprll 15. with its 1300 passengers safely transferred to another vessel, the white…",,1
sn99068038,"the wagner post (wagner, charles mix county, s.d.) 1912-current",wagner,charles mix,south dakota,weekly,titanic-1912,1912-04-26,3,yes,1912-04-26,1,https://www.loc.gov/resource/sn99068038/1912-04-26/ed-1/?sp=1&q=titanic,https://tile.loc.gov/image-services/iiif/service:ndnp:sdhi:batch_sdhi_kauai_ver01:data:sn99068038:00279523568:1912042601:0739,titanic,"…$23,00u, 000 annually for five years to aid the states and the local communities in the improvement of public roads. true chivalry and the ideal of democracy on which this country is founded were well illustrated in the titanic horror when even women in the steerage were put in the life boats in preference to co'onel astor, major archibald butt, charles m. hayes w. t. stead, j. g. widener, isido-e straus, benj. guggenhem and other notables. la…",,1
sn99068086,"the dakota chief (gann valley, buffalo county, s.d.) 18??-1913",gann valley,buffalo,south dakota,weekly,titanic-1912,1912-04-23,3,yes,1912-04-23,4,https://www.loc.gov/resource/sn99068086/1912-04-23/ed-1/?sp=4&q=titanic,https://tile.loc.gov/image-services/iiif/service:ndnp:sdhi:batch_sdhi_honeydew_ver01:data:sn99068086:00340581003:1912042301:1120,titanic,"…ats. parties wishing to sell or buy land m buffalo county will do well to cal) >n or correspond wi*h f a. reynolds if kimball. 8. d. a full account of the terrible dlsas ter whicn occurred off cape race when the steamer titanic collide*} with an iceberg, and over 1500 lives were lost, will be found on the in side pages of the chief this w eek. in the spelling contest of april 20th the aliernathy school took first prize, the gann valley school…",,1
sn99068116,"reporter and farmer (webster, day county, dakota [s.d.]) 188?-1946",webster,day,south dakota,weekly,titanic-1912,1912-04-18,6,yes,1912-04-18,3,https://www.loc.gov/resource/sn99068116/1912-04-18/ed-1/?sp=3&q=titanic,https://tile.loc.gov/image-services/iiif/service:ndnp:sdhi:batch_sdhi_leek_ver02:data:sn99068116:0034058126A:1912041801:1018,titanic,"…07%; no. 3 northern, $1.05; no. 3 yellow corn, 79%c; no. 4 coca, 75076 c; no. 3 white oata, 54056 c; to arrive, 54c; no. 3 oats, 54c; barley, 750051.30; flax, $115%; to arrive, $2.15%. 3zufammenfoß mit eisberg. dampfer „titanic“ bei nen-fundjand in bedrängter lage. heberführung der pafa ziere nadı der „„carpatijia.” drahtlofer funkenapparat an ybord des schiffes wertlos., new yorfk, 15. dez. der dampfer „titanic“ von der mbite star-linie ijit…",,1
